ISO-10303-21;
HEADER;
FILE_DESCRIPTION(('Open CASCADE Model'),'2;1');
FILE_NAME('Open CASCADE Shape Model','2026-10-04T11:52:21',('Author'),(
    'Open CASCADE'),'Open CASCADE STEP processor 8.0','build123d',
  'Unknown');
FILE_SCHEMA(('AUTOMOTIVE_DESIGN { 1 0 10303 214 1 1 1 1 }'));
ENDSEC;
DATA;
#1 = APPLICATION_PROTOCOL_DEFINITION('international standard',
  'automotive_design',2000,#2);
#2 = APPLICATION_CONTEXT(
  'core data for automotive mechanical design processes');
#3 = SHAPE_DEFINITION_REPRESENTATION(#4,#10);
#4 = PRODUCT_DEFINITION_SHAPE('','',#5);
#5 = PRODUCT_DEFINITION('design','',#6,#9);
#6 = PRODUCT_DEFINITION_FORMATION('','',#7);
#7 = PRODUCT('COMPOUND','COMPOUND','',(#8));
#8 = PRODUCT_CONTEXT('',#2,'mechanical');
#9 = PRODUCT_DEFINITION_CONTEXT('part definition',#2,'design');
#10 = ADVANCED_BREP_SHAPE_REPRESENTATION('',(#11,#15),#7593);
#11 = AXIS2_PLACEMENT_3D('',#12,#13,#14);
#12 = CARTESIAN_POINT('',(0.,0.,0.));
#13 = DIRECTION('',(0.,0.,1.));
#14 = DIRECTION('',(1.,0.,-0.));
#15 = MANIFOLD_SOLID_BREP('',#16);
#16 = CLOSED_SHELL('',(#17,#135,#216,#442,#1452,#1500,#1632,#1680,#1812,
    #2763,#2811,#2859,#2907,#2955,#3003,#3051,#3099,#3147,#3195,#3243,
    #3291,#3339,#3387,#3435,#3483,#3531,#3579,#3627,#3675,#3723,#3771,
    #3819,#3867,#3915,#3963,#4011,#4059,#4107,#4155,#4203,#4251,#4279,
    #4334,#4438,#4537,#4641,#4740,#4839,#4943,#5047,#5146,#5245,#5349,
    #5453,#5552,#5651,#5755,#5859,#5958,#6057,#6161,#6265,#6364,#6463,
    #6567,#6671,#6770,#6869,#6973,#7077,#7176,#7275,#7379,#7483,#7582,
    #7589));
#17 = ADVANCED_FACE('',(#18),#32,.T.);
#18 = FACE_BOUND('',#19,.T.);
#19 = EDGE_LOOP('',(#20,#53,#82,#108));
#20 = ORIENTED_EDGE('',*,*,#21,.T.);
#21 = EDGE_CURVE('',#22,#24,#26,.T.);
#22 = VERTEX_POINT('',#23);
#23 = CARTESIAN_POINT('',(14.925483870968,-1.493295422039,0.));
#24 = VERTEX_POINT('',#25);
#25 = CARTESIAN_POINT('',(14.925483870968,-1.493295422039,15.));
#26 = SURFACE_CURVE('',#27,(#31,#42),.PCURVE_S1.);
#27 = LINE('',#28,#29);
#28 = CARTESIAN_POINT('',(14.925483870968,-1.493295422039,0.));
#29 = VECTOR('',#30,1.);
#30 = DIRECTION('',(0.,0.,1.));
#31 = PCURVE('',#32,#37);
#32 = CYLINDRICAL_SURFACE('',#33,15.);
#33 = AXIS2_PLACEMENT_3D('',#34,#35,#36);
#34 = CARTESIAN_POINT('',(0.,0.,0.));
#35 = DIRECTION('',(0.,0.,1.));
#36 = DIRECTION('',(1.,0.,-0.));
#37 = DEFINITIONAL_REPRESENTATION('',(#38),#41);
#38 = B_SPLINE_CURVE_WITH_KNOTS('',1,(#39,#40),.UNSPECIFIED.,.F.,.F.,(2,
    2),(-6.E-07,16.0000006),.PIECEWISE_BEZIER_KNOTS.);
#39 = CARTESIAN_POINT('',(6.183467099518,-6.E-07));
#40 = CARTESIAN_POINT('',(6.183467099518,16.0000006));
#41 = ( GEOMETRIC_REPRESENTATION_CONTEXT(2) 
PARAMETRIC_REPRESENTATION_CONTEXT() REPRESENTATION_CONTEXT('2D SPACE',''
  ) );
#42 = PCURVE('',#43,#48);
#43 = CYLINDRICAL_SURFACE('',#44,1.6);
#44 = AXIS2_PLACEMENT_3D('',#45,#46,#47);
#45 = CARTESIAN_POINT('',(15.5,0.,0.));
#46 = DIRECTION('',(0.,0.,1.));
#47 = DIRECTION('',(1.,0.,0.));
#48 = DEFINITIONAL_REPRESENTATION('',(#49),#52);
#49 = B_SPLINE_CURVE_WITH_KNOTS('',1,(#50,#51),.UNSPECIFIED.,.F.,.F.,(2,
    2),(-6.E-07,16.0000006),.PIECEWISE_BEZIER_KNOTS.);
#50 = CARTESIAN_POINT('',(4.34511496595,-6.E-07));
#51 = CARTESIAN_POINT('',(4.34511496595,16.0000006));
#52 = ( GEOMETRIC_REPRESENTATION_CONTEXT(2) 
PARAMETRIC_REPRESENTATION_CONTEXT() REPRESENTATION_CONTEXT('2D SPACE',''
  ) );
#53 = ORIENTED_EDGE('',*,*,#54,.F.);
#54 = EDGE_CURVE('',#55,#24,#57,.T.);
#55 = VERTEX_POINT('',#56);
#56 = CARTESIAN_POINT('',(14.536104169481,-3.70157744401,15.));
#57 = SURFACE_CURVE('',#58,(#63,#70),.PCURVE_S1.);
#58 = CIRCLE('',#59,15.);
#59 = AXIS2_PLACEMENT_3D('',#60,#61,#62);
#60 = CARTESIAN_POINT('',(0.,0.,15.));
#61 = DIRECTION('',(0.,0.,1.));
#62 = DIRECTION('',(0.969073611299,-0.246771829601,0.));
#63 = PCURVE('',#32,#64);
#64 = DEFINITIONAL_REPRESENTATION('',(#65),#69);
#65 = LINE('',#66,#67);
#66 = CARTESIAN_POINT('',(6.033837664442,15.));
#67 = VECTOR('',#68,1.);
#68 = DIRECTION('',(1.,0.));
#69 = ( GEOMETRIC_REPRESENTATION_CONTEXT(2) 
PARAMETRIC_REPRESENTATION_CONTEXT() REPRESENTATION_CONTEXT('2D SPACE',''
  ) );
#70 = PCURVE('',#71,#76);
#71 = TOROIDAL_SURFACE('',#72,14.,1.);
#72 = AXIS2_PLACEMENT_3D('',#73,#74,#75);
#73 = CARTESIAN_POINT('',(0.,0.,15.));
#74 = DIRECTION('',(0.,0.,1.));
#75 = DIRECTION('',(0.969073611299,-0.246771829601,0.));
#76 = DEFINITIONAL_REPRESENTATION('',(#77),#81);
#77 = LINE('',#78,#79);
#78 = CARTESIAN_POINT('',(0.,0.));
#79 = VECTOR('',#80,1.);
#80 = DIRECTION('',(1.,0.));
#81 = ( GEOMETRIC_REPRESENTATION_CONTEXT(2) 
PARAMETRIC_REPRESENTATION_CONTEXT() REPRESENTATION_CONTEXT('2D SPACE',''
  ) );
#82 = ORIENTED_EDGE('',*,*,#83,.F.);
#83 = EDGE_CURVE('',#84,#55,#86,.T.);
#84 = VERTEX_POINT('',#85);
#85 = CARTESIAN_POINT('',(14.536104169481,-3.70157744401,0.));
#86 = SURFACE_CURVE('',#87,(#91,#97),.PCURVE_S1.);
#87 = LINE('',#88,#89);
#88 = CARTESIAN_POINT('',(14.536104169481,-3.70157744401,0.));
#89 = VECTOR('',#90,1.);
#90 = DIRECTION('',(0.,0.,1.));
#91 = PCURVE('',#32,#92);
#92 = DEFINITIONAL_REPRESENTATION('',(#93),#96);
#93 = B_SPLINE_CURVE_WITH_KNOTS('',1,(#94,#95),.UNSPECIFIED.,.F.,.F.,(2,
    2),(-6.E-07,16.0000006),.PIECEWISE_BEZIER_KNOTS.);
#94 = CARTESIAN_POINT('',(6.033837664442,-6.E-07));
#95 = CARTESIAN_POINT('',(6.033837664442,16.0000006));
#96 = ( GEOMETRIC_REPRESENTATION_CONTEXT(2) 
PARAMETRIC_REPRESENTATION_CONTEXT() REPRESENTATION_CONTEXT('2D SPACE',''
  ) );
#97 = PCURVE('',#98,#103);
#98 = CYLINDRICAL_SURFACE('',#99,1.6);
#99 = AXIS2_PLACEMENT_3D('',#100,#101,#102);
#100 = CARTESIAN_POINT('',(14.565235622182,-5.301312221548,0.));
#101 = DIRECTION('',(0.,0.,1.));
#102 = DIRECTION('',(0.939692620786,-0.342020143326,0.));
#103 = DEFINITIONAL_REPRESENTATION('',(#104),#107);
#104 = B_SPLINE_CURVE_WITH_KNOTS('',1,(#105,#106),.UNSPECIFIED.,.F.,.F.,
  (2,2),(-6.E-07,16.0000006),.PIECEWISE_BEZIER_KNOTS.);
#105 = CARTESIAN_POINT('',(1.938070341229,-6.E-07));
#106 = CARTESIAN_POINT('',(1.938070341229,16.0000006));
#107 = ( GEOMETRIC_REPRESENTATION_CONTEXT(2) 
PARAMETRIC_REPRESENTATION_CONTEXT() REPRESENTATION_CONTEXT('2D SPACE',''
  ) );
#108 = ORIENTED_EDGE('',*,*,#109,.T.);
#109 = EDGE_CURVE('',#84,#22,#110,.T.);
#110 = SURFACE_CURVE('',#111,(#116,#123),.PCURVE_S1.);
#111 = CIRCLE('',#112,15.);
#112 = AXIS2_PLACEMENT_3D('',#113,#114,#115);
#113 = CARTESIAN_POINT('',(0.,0.,0.));
#114 = DIRECTION('',(0.,0.,1.));
#115 = DIRECTION('',(1.,0.,-0.));
#116 = PCURVE('',#32,#117);
#117 = DEFINITIONAL_REPRESENTATION('',(#118),#122);
#118 = LINE('',#119,#120);
#119 = CARTESIAN_POINT('',(0.,0.));
#120 = VECTOR('',#121,1.);
#121 = DIRECTION('',(1.,0.));
#122 = ( GEOMETRIC_REPRESENTATION_CONTEXT(2) 
PARAMETRIC_REPRESENTATION_CONTEXT() REPRESENTATION_CONTEXT('2D SPACE',''
  ) );
#123 = PCURVE('',#124,#129);
#124 = PLANE('',#125);
#125 = AXIS2_PLACEMENT_3D('',#126,#127,#128);
#126 = CARTESIAN_POINT('',(0.,0.,0.));
#127 = DIRECTION('',(0.,0.,1.));
#128 = DIRECTION('',(1.,0.,-0.));
#129 = DEFINITIONAL_REPRESENTATION('',(#130),#134);
#130 = CIRCLE('',#131,15.);
#131 = AXIS2_PLACEMENT_2D('',#132,#133);
#132 = CARTESIAN_POINT('',(0.,0.));
#133 = DIRECTION('',(1.,0.));
#134 = ( GEOMETRIC_REPRESENTATION_CONTEXT(2) 
PARAMETRIC_REPRESENTATION_CONTEXT() REPRESENTATION_CONTEXT('2D SPACE',''
  ) );
#135 = ADVANCED_FACE('',(#136),#43,.F.);
#136 = FACE_BOUND('',#137,.F.);
#137 = EDGE_LOOP('',(#138,#139,#168,#194));
#138 = ORIENTED_EDGE('',*,*,#21,.T.);
#139 = ORIENTED_EDGE('',*,*,#140,.F.);
#140 = EDGE_CURVE('',#141,#24,#143,.T.);
#141 = VERTEX_POINT('',#142);
#142 = CARTESIAN_POINT('',(14.925483870968,1.493295422039,15.));
#143 = SURFACE_CURVE('',#144,(#149,#156),.PCURVE_S1.);
#144 = CIRCLE('',#145,1.6);
#145 = AXIS2_PLACEMENT_3D('',#146,#147,#148);
#146 = CARTESIAN_POINT('',(15.5,0.,15.));
#147 = DIRECTION('',(0.,0.,1.));
#148 = DIRECTION('',(-0.359072580645,0.933309638774,0.));
#149 = PCURVE('',#43,#150);
#150 = DEFINITIONAL_REPRESENTATION('',(#151),#155);
#151 = LINE('',#152,#153);
#152 = CARTESIAN_POINT('',(1.938070341229,15.));
#153 = VECTOR('',#154,1.);
#154 = DIRECTION('',(1.,0.));
#155 = ( GEOMETRIC_REPRESENTATION_CONTEXT(2) 
PARAMETRIC_REPRESENTATION_CONTEXT() REPRESENTATION_CONTEXT('2D SPACE',''
  ) );
#156 = PCURVE('',#157,#162);
#157 = TOROIDAL_SURFACE('',#158,2.6,1.);
#158 = AXIS2_PLACEMENT_3D('',#159,#160,#161);
#159 = CARTESIAN_POINT('',(15.5,0.,15.));
#160 = DIRECTION('',(-0.,-0.,-1.));
#161 = DIRECTION('',(-0.359072580645,0.933309638774,0.));
#162 = DEFINITIONAL_REPRESENTATION('',(#163),#167);
#163 = LINE('',#164,#165);
#164 = CARTESIAN_POINT('',(-0.,3.14159265359));
#165 = VECTOR('',#166,1.);
#166 = DIRECTION('',(-1.,0.));
#167 = ( GEOMETRIC_REPRESENTATION_CONTEXT(2) 
PARAMETRIC_REPRESENTATION_CONTEXT() REPRESENTATION_CONTEXT('2D SPACE',''
  ) );
#168 = ORIENTED_EDGE('',*,*,#169,.F.);
#169 = EDGE_CURVE('',#170,#141,#172,.T.);
#170 = VERTEX_POINT('',#171);
#171 = CARTESIAN_POINT('',(14.925483870968,1.493295422039,0.));
#172 = SURFACE_CURVE('',#173,(#177,#183),.PCURVE_S1.);
#173 = LINE('',#174,#175);
#174 = CARTESIAN_POINT('',(14.925483870968,1.493295422039,0.));
#175 = VECTOR('',#176,1.);
#176 = DIRECTION('',(0.,0.,1.));
#177 = PCURVE('',#43,#178);
#178 = DEFINITIONAL_REPRESENTATION('',(#179),#182);
#179 = B_SPLINE_CURVE_WITH_KNOTS('',1,(#180,#181),.UNSPECIFIED.,.F.,.F.,
  (2,2),(-6.E-07,16.0000006),.PIECEWISE_BEZIER_KNOTS.);
#180 = CARTESIAN_POINT('',(1.938070341229,-6.E-07));
#181 = CARTESIAN_POINT('',(1.938070341229,16.0000006));
#182 = ( GEOMETRIC_REPRESENTATION_CONTEXT(2) 
PARAMETRIC_REPRESENTATION_CONTEXT() REPRESENTATION_CONTEXT('2D SPACE',''
  ) );
#183 = PCURVE('',#184,#189);
#184 = CYLINDRICAL_SURFACE('',#185,15.);
#185 = AXIS2_PLACEMENT_3D('',#186,#187,#188);
#186 = CARTESIAN_POINT('',(0.,0.,0.));
#187 = DIRECTION('',(0.,0.,1.));
#188 = DIRECTION('',(1.,0.,-0.));
#189 = DEFINITIONAL_REPRESENTATION('',(#190),#193);
#190 = B_SPLINE_CURVE_WITH_KNOTS('',1,(#191,#192),.UNSPECIFIED.,.F.,.F.,
  (2,2),(-6.E-07,16.0000006),.PIECEWISE_BEZIER_KNOTS.);
#191 = CARTESIAN_POINT('',(9.971820766116E-02,-6.E-07));
#192 = CARTESIAN_POINT('',(9.971820766116E-02,16.0000006));
#193 = ( GEOMETRIC_REPRESENTATION_CONTEXT(2) 
PARAMETRIC_REPRESENTATION_CONTEXT() REPRESENTATION_CONTEXT('2D SPACE',''
  ) );
#194 = ORIENTED_EDGE('',*,*,#195,.T.);
#195 = EDGE_CURVE('',#170,#22,#196,.T.);
#196 = SURFACE_CURVE('',#197,(#202,#209),.PCURVE_S1.);
#197 = CIRCLE('',#198,1.6);
#198 = AXIS2_PLACEMENT_3D('',#199,#200,#201);
#199 = CARTESIAN_POINT('',(15.5,0.,0.));
#200 = DIRECTION('',(0.,0.,1.));
#201 = DIRECTION('',(1.,0.,0.));
#202 = PCURVE('',#43,#203);
#203 = DEFINITIONAL_REPRESENTATION('',(#204),#208);
#204 = LINE('',#205,#206);
#205 = CARTESIAN_POINT('',(0.,0.));
#206 = VECTOR('',#207,1.);
#207 = DIRECTION('',(1.,0.));
#208 = ( GEOMETRIC_REPRESENTATION_CONTEXT(2) 
PARAMETRIC_REPRESENTATION_CONTEXT() REPRESENTATION_CONTEXT('2D SPACE',''
  ) );
#209 = PCURVE('',#124,#210);
#210 = DEFINITIONAL_REPRESENTATION('',(#211),#215);
#211 = CIRCLE('',#212,1.6);
#212 = AXIS2_PLACEMENT_2D('',#213,#214);
#213 = CARTESIAN_POINT('',(15.5,0.));
#214 = DIRECTION('',(1.,0.));
#215 = ( GEOMETRIC_REPRESENTATION_CONTEXT(2) 
PARAMETRIC_REPRESENTATION_CONTEXT() REPRESENTATION_CONTEXT('2D SPACE',''
  ) );
#216 = ADVANCED_FACE('',(#217),#71,.T.);
#217 = FACE_BOUND('',#218,.T.);
#218 = EDGE_LOOP('',(#219,#319,#320,#415));
#219 = ORIENTED_EDGE('',*,*,#220,.F.);
#220 = EDGE_CURVE('',#55,#221,#223,.T.);
#221 = VERTEX_POINT('',#222);
#222 = CARTESIAN_POINT('',(13.707491284785,-2.846872437877,16.));
#223 = SURFACE_CURVE('',#224,(#247,#273),.PCURVE_S1.);
#224 = B_SPLINE_CURVE_WITH_KNOTS('',6,(#225,#226,#227,#228,#229,#230,
    #231,#232,#233,#234,#235,#236,#237,#238,#239,#240,#241,#242,#243,
    #244,#245,#246),.UNSPECIFIED.,.F.,.F.,(7,5,5,5,7),(0.,0.302540593916
    ,0.554769999215,0.811836350459,1.),.UNSPECIFIED.);
#225 = CARTESIAN_POINT('',(14.536104169481,-3.70157744401,15.));
#226 = CARTESIAN_POINT('',(14.536104169481,-3.70157744401,
    15.082404398534));
#227 = CARTESIAN_POINT('',(14.529741126481,-3.69354395569,
    15.164830421332));
#228 = CARTESIAN_POINT('',(14.517010635931,-3.677465105253,
    15.245920983821));
#229 = CARTESIAN_POINT('',(14.498143061594,-3.653919961121,
    15.324492800877));
#230 = CARTESIAN_POINT('',(14.473469233626,-3.623800090124,
    15.39959439508));
#231 = CARTESIAN_POINT('',(14.418356054905,-3.558253753187,
    15.529556146477));
#232 = CARTESIAN_POINT('',(14.389549691131,-3.524533565065,
    15.585724277021));
#233 = CARTESIAN_POINT('',(14.357217572053,-3.487421233651,
    15.638572327054));
#234 = CARTESIAN_POINT('',(14.321604408025,-3.447457693008,
    15.687785831986));
#235 = CARTESIAN_POINT('',(14.282969354009,-3.405135687166,
    15.733110201481));
#236 = CARTESIAN_POINT('',(14.199392253181,-3.315809598849,
    15.816348522101));
#237 = CARTESIAN_POINT('',(14.154347458302,-3.26873529354,15.85409976237
    ));
#238 = CARTESIAN_POINT('',(14.106726720002,-3.220144588732,
    15.88736335016));
#239 = CARTESIAN_POINT('',(14.056838998645,-3.170467620452,
    15.915945133428));
#240 = CARTESIAN_POINT('',(14.005018813294,-3.120098449945,
    15.939682504453));
#241 = CARTESIAN_POINT('',(13.912544766617,-3.032289688716,
    15.972179594408));
#242 = CARTESIAN_POINT('',(13.87262180772,-2.995004177518,
    15.983248144904));
#243 = CARTESIAN_POINT('',(13.831999542215,-2.957686294228,
    15.991600298177));
#244 = CARTESIAN_POINT('',(13.790829207033,-2.920472305395,
    15.99719438207));
#245 = CARTESIAN_POINT('',(13.749270553976,-2.883492533298,
    16.000000001499));
#246 = CARTESIAN_POINT('',(13.707491284808,-2.846872437767,16.));
#247 = PCURVE('',#71,#248);
#248 = DEFINITIONAL_REPRESENTATION('',(#249),#272);
#249 = B_SPLINE_CURVE_WITH_KNOTS('',6,(#250,#251,#252,#253,#254,#255,
    #256,#257,#258,#259,#260,#261,#262,#263,#264,#265,#266,#267,#268,
    #269,#270,#271),.UNSPECIFIED.,.F.,.F.,(7,5,5,5,7),(0.,0.302540593916
    ,0.554769999215,0.811836350459,1.),.UNSPECIFIED.);
#250 = CARTESIAN_POINT('',(-2.39808173319E-14,0.));
#251 = CARTESIAN_POINT('',(-2.39808173319E-14,8.240439853394E-02));
#252 = CARTESIAN_POINT('',(4.143292511216E-04,0.164830196273));
#253 = CARTESIAN_POINT('',(1.24362812266E-03,0.246929108478));
#254 = CARTESIAN_POINT('',(2.457844105909E-03,0.328521989228));
#255 = CARTESIAN_POINT('',(4.011057045916E-03,0.409503468176));
#256 = CARTESIAN_POINT('',(7.392591874464E-03,0.55678277622));
#257 = CARTESIAN_POINT('',(9.132680034009E-03,0.623304088124));
#258 = CARTESIAN_POINT('',(1.104871660952E-02,0.689401365583));
#259 = CARTESIAN_POINT('',(1.311362028429E-02,0.755119149684));
#260 = CARTESIAN_POINT('',(1.530316752812E-02,0.820514476404));
#261 = CARTESIAN_POINT('',(1.993262260289E-02,0.952058957856));
#262 = CARTESIAN_POINT('',(2.237631952449E-02,1.018192371906));
#263 = CARTESIAN_POINT('',(2.490413314876E-02,1.084137833205));
#264 = CARTESIAN_POINT('',(2.749544794886E-02,1.149962953148));
#265 = CARTESIAN_POINT('',(3.013141796173E-02,1.215730708807));
#266 = CARTESIAN_POINT('',(3.474375405131E-02,1.329645569662));
#267 = CARTESIAN_POINT('',(3.670748922961E-02,1.37778945659));
#268 = CARTESIAN_POINT('',(3.867874280807E-02,1.425957203652));
#269 = CARTESIAN_POINT('',(4.06508289243E-02,1.474169106883));
#270 = CARTESIAN_POINT('',(4.261722123095E-02,1.522443336535));
#271 = CARTESIAN_POINT('',(4.457145263574E-02,1.570796326795));
#272 = ( GEOMETRIC_REPRESENTATION_CONTEXT(2) 
PARAMETRIC_REPRESENTATION_CONTEXT() REPRESENTATION_CONTEXT('2D SPACE',''
  ) );
#273 = PCURVE('',#274,#279);
#274 = TOROIDAL_SURFACE('',#275,2.6,1.);
#275 = AXIS2_PLACEMENT_3D('',#276,#277,#278);
#276 = CARTESIAN_POINT('',(14.565235622182,-5.301312221548,15.));
#277 = DIRECTION('',(-0.,-0.,-1.));
#278 = DIRECTION('',(-1.820715793792E-02,0.999834235961,0.));
#279 = DEFINITIONAL_REPRESENTATION('',(#280),#318);
#280 = B_SPLINE_CURVE_WITH_KNOTS('',8,(#281,#282,#283,#284,#285,#286,
    #287,#288,#289,#290,#291,#292,#293,#294,#295,#296,#297,#298,#299,
    #300,#301,#302,#303,#304,#305,#306,#307,#308,#309,#310,#311,#312,
    #313,#314,#315,#316,#317),.UNSPECIFIED.,.F.,.F.,(9,7,7,7,7,9),(0.,
    0.25,0.375,0.5,0.75,1.),.UNSPECIFIED.);
#281 = CARTESIAN_POINT('',(-2.299715796093E-08,3.14159265359));
#282 = CARTESIAN_POINT('',(-2.299715823324E-08,3.192662906758));
#283 = CARTESIAN_POINT('',(-1.420614916474E-03,3.243741056142));
#284 = CARTESIAN_POINT('',(-4.264100069507E-03,3.294756693447));
#285 = CARTESIAN_POINT('',(-8.485273450453E-03,3.345656710937));
#286 = CARTESIAN_POINT('',(-1.400080869214E-02,3.396400895463));
#287 = CARTESIAN_POINT('',(-2.069938286784E-02,3.446958684753));
#288 = CARTESIAN_POINT('',(-2.845254113613E-02,3.49730708596));
#289 = CARTESIAN_POINT('',(-4.146318127496E-02,3.572491091721));
#290 = CARTESIAN_POINT('',(-4.602995923846E-02,3.597494539082));
#291 = CARTESIAN_POINT('',(-5.081166112392E-02,3.622448177083));
#292 = CARTESIAN_POINT('',(-5.578596310547E-02,3.647320578178));
#293 = CARTESIAN_POINT('',(-6.094347422607E-02,3.6721537961));
#294 = CARTESIAN_POINT('',(-6.626307195051E-02,3.696922193755));
#295 = CARTESIAN_POINT('',(-7.173062200305E-02,3.721637060847));
#296 = CARTESIAN_POINT('',(-8.293018298288E-02,3.770958799783));
#297 = CARTESIAN_POINT('',(-8.866223951786E-02,3.795565861499));
#298 = CARTESIAN_POINT('',(-9.451120623535E-02,3.820120752191));
#299 = CARTESIAN_POINT('',(-0.100462346018,3.844625348479));
#300 = CARTESIAN_POINT('',(-0.106501615689,3.86908176274));
#301 = CARTESIAN_POINT('',(-0.112615731206,3.893492338984));
#302 = CARTESIAN_POINT('',(-0.118792232854,3.917859648724));
#303 = CARTESIAN_POINT('',(-0.137474185625,3.990840163091));
#304 = CARTESIAN_POINT('',(-0.150131694476,4.039330607455));
#305 = CARTESIAN_POINT('',(-0.162901538905,4.087688875801));
#306 = CARTESIAN_POINT('',(-0.175697731844,4.135916055167));
#307 = CARTESIAN_POINT('',(-0.188460074967,4.184064343851));
#308 = CARTESIAN_POINT('',(-0.201126915844,4.232135131752));
#309 = CARTESIAN_POINT('',(-0.213653151301,4.280159056463));
#310 = CARTESIAN_POINT('',(-0.238344955886,4.376150051111));
#311 = CARTESIAN_POINT('',(-0.250510531687,4.424117238755));
#312 = CARTESIAN_POINT('',(-0.262456860871,4.472077796436));
#313 = CARTESIAN_POINT('',(-0.274152291215,4.520050149514));
#314 = CARTESIAN_POINT('',(-0.285571534636,4.568051454055));
#315 = CARTESIAN_POINT('',(-0.296694602704,4.616098356769));
#316 = CARTESIAN_POINT('',(-0.307505581458,4.6642065298));
#317 = CARTESIAN_POINT('',(-0.317991245494,4.712388980382));
#318 = ( GEOMETRIC_REPRESENTATION_CONTEXT(2) 
PARAMETRIC_REPRESENTATION_CONTEXT() REPRESENTATION_CONTEXT('2D SPACE',''
  ) );
#319 = ORIENTED_EDGE('',*,*,#54,.T.);
#320 = ORIENTED_EDGE('',*,*,#321,.T.);
#321 = EDGE_CURVE('',#24,#322,#324,.T.);
#322 = VERTEX_POINT('',#323);
#323 = CARTESIAN_POINT('',(13.854516129032,-2.013053111665,16.));
#324 = SURFACE_CURVE('',#325,(#348,#374),.PCURVE_S1.);
#325 = B_SPLINE_CURVE_WITH_KNOTS('',6,(#326,#327,#328,#329,#330,#331,
    #332,#333,#334,#335,#336,#337,#338,#339,#340,#341,#342,#343,#344,
    #345,#346,#347),.UNSPECIFIED.,.F.,.F.,(7,5,5,5,7),(0.,0.301694379861
    ,0.554710931661,0.811776559197,1.),.UNSPECIFIED.);
#326 = CARTESIAN_POINT('',(14.925483870968,-1.493295422039,15.));
#327 = CARTESIAN_POINT('',(14.925483870968,-1.493295422039,
    15.082173815283));
#328 = CARTESIAN_POINT('',(14.916805723914,-1.49863812492,
    15.164369101029));
#329 = CARTESIAN_POINT('',(14.899441301703,-1.509333050899,
    15.245240331103));
#330 = CARTESIAN_POINT('',(14.873800392568,-1.524920229449,
    15.323613509771));
#331 = CARTESIAN_POINT('',(14.840492614329,-1.544682309871,
    15.398543661851));
#332 = CARTESIAN_POINT('',(14.766472535694,-1.58733261787,
    15.528599155752));
#333 = CARTESIAN_POINT('',(14.72781136313,-1.609207735351,
    15.584988008904));
#334 = CARTESIAN_POINT('',(14.684644587795,-1.633081359643,
    15.638039308528));
#335 = CARTESIAN_POINT('',(14.637391135691,-1.658524508196,
    15.687435181696));
#336 = CARTESIAN_POINT('',(14.586466974091,-1.685159089704,
    15.732918486149));
#337 = CARTESIAN_POINT('',(14.4772180682,-1.740596573373,15.816295150553
    ));
#338 = CARTESIAN_POINT('',(14.418793071702,-1.769424950933,
    15.854051447035));
#339 = CARTESIAN_POINT('',(14.357428451839,-1.798797538657,
    15.887320296101));
#340 = CARTESIAN_POINT('',(14.293561642693,-1.828415781487,
    15.915907525646));
#341 = CARTESIAN_POINT('',(14.227641753351,-1.858023768191,
    15.939650508643));
#342 = CARTESIAN_POINT('',(14.110699829479,-1.908916270936,
    15.972161971286));
#343 = CARTESIAN_POINT('',(14.060416970436,-1.930305808373,
    15.983237506426));
#344 = CARTESIAN_POINT('',(14.009465300383,-1.951486528634,
    15.991594954114));
#345 = CARTESIAN_POINT('',(13.958033718036,-1.972382030772,
    15.99719259523));
#346 = CARTESIAN_POINT('',(13.906317097836,-1.992924423178,
    16.000000001501));
#347 = CARTESIAN_POINT('',(13.854516129017,-2.01305311177,16.));
#348 = PCURVE('',#71,#349);
#349 = DEFINITIONAL_REPRESENTATION('',(#350),#373);
#350 = B_SPLINE_CURVE_WITH_KNOTS('',6,(#351,#352,#353,#354,#355,#356,
    #357,#358,#359,#360,#361,#362,#363,#364,#365,#366,#367,#368,#369,
    #370,#371,#372),.UNSPECIFIED.,.F.,.F.,(7,5,5,5,7),(0.,0.301694379861
    ,0.554710931661,0.811776559197,1.),.UNSPECIFIED.);
#351 = CARTESIAN_POINT('',(0.149629435077,0.));
#352 = CARTESIAN_POINT('',(0.149629435077,8.21738152826E-02));
#353 = CARTESIAN_POINT('',(0.149217420921,0.164368880458));
#354 = CARTESIAN_POINT('',(0.148392760387,0.246240005914));
#355 = CARTESIAN_POINT('',(0.147185158526,0.327608986813));
#356 = CARTESIAN_POINT('',(0.145640075344,0.408370730085));
#357 = CARTESIAN_POINT('',(0.142266388833,0.555650508721));
#358 = CARTESIAN_POINT('',(0.140523288989,0.622385292098));
#359 = CARTESIAN_POINT('',(0.138602858242,0.688692944963));
#360 = CARTESIAN_POINT('',(0.136532454485,0.754618300191));
#361 = CARTESIAN_POINT('',(0.134336538968,0.820218861479));
#362 = CARTESIAN_POINT('',(0.129700177726,0.951967145916));
#363 = CARTESIAN_POINT('',(0.127256588738,1.018100651806));
#364 = CARTESIAN_POINT('',(0.124728863797,1.084046140639));
#365 = CARTESIAN_POINT('',(0.122137619736,1.149871225634));
#366 = CARTESIAN_POINT('',(0.119501703492,1.215638887664));
#367 = CARTESIAN_POINT('',(0.114888807147,1.329568928007));
#368 = CARTESIAN_POINT('',(0.112924456319,1.377728112952));
#369 = CARTESIAN_POINT('',(0.110952575918,1.425911153828));
#370 = CARTESIAN_POINT('',(0.108979858297,1.474138367268));
#371 = CARTESIAN_POINT('',(0.107012836049,1.522427941503));
#372 = CARTESIAN_POINT('',(0.105057982441,1.570796326795));
#373 = ( GEOMETRIC_REPRESENTATION_CONTEXT(2) 
PARAMETRIC_REPRESENTATION_CONTEXT() REPRESENTATION_CONTEXT('2D SPACE',''
  ) );
#374 = PCURVE('',#157,#375);
#375 = DEFINITIONAL_REPRESENTATION('',(#376),#414);
#376 = B_SPLINE_CURVE_WITH_KNOTS('',8,(#377,#378,#379,#380,#381,#382,
    #383,#384,#385,#386,#387,#388,#389,#390,#391,#392,#393,#394,#395,
    #396,#397,#398,#399,#400,#401,#402,#403,#404,#405,#406,#407,#408,
    #409,#410,#411,#412,#413),.UNSPECIFIED.,.F.,.F.,(9,7,7,7,7,9),(0.,
    0.25,0.375,0.5,0.75,1.),.UNSPECIFIED.);
#377 = CARTESIAN_POINT('',(-2.407044601676,3.14159265359));
#378 = CARTESIAN_POINT('',(-2.407044601676,3.192662847117));
#379 = CARTESIAN_POINT('',(-2.405624006134,3.243740935165));
#380 = CARTESIAN_POINT('',(-2.402780537891,3.294756507251));
#381 = CARTESIAN_POINT('',(-2.398559377573,3.345656512883));
#382 = CARTESIAN_POINT('',(-2.393043837097,3.39640074));
#383 = CARTESIAN_POINT('',(-2.386345254898,3.446958550748));
#384 = CARTESIAN_POINT('',(-2.378592112895,3.497306874558));
#385 = CARTESIAN_POINT('',(-2.36558150633,3.572490750581));
#386 = CARTESIAN_POINT('',(-2.361014721412,3.597494254253));
#387 = CARTESIAN_POINT('',(-2.356233091424,3.622447548418));
#388 = CARTESIAN_POINT('',(-2.351258863074,3.647319510953));
#389 = CARTESIAN_POINT('',(-2.346101222657,3.672153517029));
#390 = CARTESIAN_POINT('',(-2.340781709543,3.696921449219));
#391 = CARTESIAN_POINT('',(-2.335314140477,3.721636441183));
#392 = CARTESIAN_POINT('',(-2.324114578791,3.770958210519));
#393 = CARTESIAN_POINT('',(-2.318382520707,3.795565290179));
#394 = CARTESIAN_POINT('',(-2.312533551759,3.820120199675));
#395 = CARTESIAN_POINT('',(-2.306582409522,3.844624814133));
#396 = CARTESIAN_POINT('',(-2.300543137508,3.869081244952));
#397 = CARTESIAN_POINT('',(-2.294429019911,3.893491835794));
#398 = CARTESIAN_POINT('',(-2.288252516345,3.917859158572));
#399 = CARTESIAN_POINT('',(-2.26957055707,3.990839711182));
#400 = CARTESIAN_POINT('',(-2.256913044072,4.039330174905));
#401 = CARTESIAN_POINT('',(-2.244143184893,4.087688501323));
#402 = CARTESIAN_POINT('',(-2.231346993378,4.135915677253));
#403 = CARTESIAN_POINT('',(-2.21858463441,4.184064023131));
#404 = CARTESIAN_POINT('',(-2.205917788017,4.232134830321));
#405 = CARTESIAN_POINT('',(-2.19339154359,4.280158786505));
#406 = CARTESIAN_POINT('',(-2.168699722194,4.376149840703));
#407 = CARTESIAN_POINT('',(-2.156534137722,4.424117059468));
#408 = CARTESIAN_POINT('',(-2.14458780021,4.472077647329));
#409 = CARTESIAN_POINT('',(-2.132892361934,4.520050029923));
#410 = CARTESIAN_POINT('',(-2.121473110897,4.568051364086));
#411 = CARTESIAN_POINT('',(-2.11035003552,4.616098296741));
#412 = CARTESIAN_POINT('',(-2.099539049837,4.664206499703));
#413 = CARTESIAN_POINT('',(-2.089053379206,4.71238898038));
#414 = ( GEOMETRIC_REPRESENTATION_CONTEXT(2) 
PARAMETRIC_REPRESENTATION_CONTEXT() REPRESENTATION_CONTEXT('2D SPACE',''
  ) );
#415 = ORIENTED_EDGE('',*,*,#416,.F.);
#416 = EDGE_CURVE('',#221,#322,#417,.T.);
#417 = SURFACE_CURVE('',#418,(#423,#430),.PCURVE_S1.);
#418 = CIRCLE('',#419,14.);
#419 = AXIS2_PLACEMENT_3D('',#420,#421,#422);
#420 = CARTESIAN_POINT('',(0.,0.,16.));
#421 = DIRECTION('',(0.,0.,1.));
#422 = DIRECTION('',(0.969073611299,-0.246771829601,0.));
#423 = PCURVE('',#71,#424);
#424 = DEFINITIONAL_REPRESENTATION('',(#425),#429);
#425 = LINE('',#426,#427);
#426 = CARTESIAN_POINT('',(0.,1.570796326795));
#427 = VECTOR('',#428,1.);
#428 = DIRECTION('',(1.,0.));
#429 = ( GEOMETRIC_REPRESENTATION_CONTEXT(2) 
PARAMETRIC_REPRESENTATION_CONTEXT() REPRESENTATION_CONTEXT('2D SPACE',''
  ) );
#430 = PCURVE('',#431,#436);
#431 = PLANE('',#432);
#432 = AXIS2_PLACEMENT_3D('',#433,#434,#435);
#433 = CARTESIAN_POINT('',(0.,0.,16.));
#434 = DIRECTION('',(0.,0.,1.));
#435 = DIRECTION('',(1.,0.,-0.));
#436 = DEFINITIONAL_REPRESENTATION('',(#437),#441);
#437 = CIRCLE('',#438,14.);
#438 = AXIS2_PLACEMENT_2D('',#439,#440);
#439 = CARTESIAN_POINT('',(0.,0.));
#440 = DIRECTION('',(0.969073611299,-0.246771829601));
#441 = ( GEOMETRIC_REPRESENTATION_CONTEXT(2) 
PARAMETRIC_REPRESENTATION_CONTEXT() REPRESENTATION_CONTEXT('2D SPACE',''
  ) );
#442 = ADVANCED_FACE('',(#443,#1421),#124,.F.);
#443 = FACE_BOUND('',#444,.F.);
#444 = EDGE_LOOP('',(#445,#446,#470,#499,#528,#557,#586,#615,#644,#673,
    #702,#731,#760,#789,#818,#847,#876,#905,#934,#963,#992,#1021,#1050,
    #1079,#1108,#1137,#1166,#1195,#1224,#1253,#1282,#1311,#1340,#1369,
    #1398,#1420));
#445 = ORIENTED_EDGE('',*,*,#195,.F.);
#446 = ORIENTED_EDGE('',*,*,#447,.T.);
#447 = EDGE_CURVE('',#170,#448,#450,.T.);
#448 = VERTEX_POINT('',#449);
#449 = CARTESIAN_POINT('',(14.536104169481,3.70157744401,0.));
#450 = SURFACE_CURVE('',#451,(#456,#463),.PCURVE_S1.);
#451 = CIRCLE('',#452,15.);
#452 = AXIS2_PLACEMENT_3D('',#453,#454,#455);
#453 = CARTESIAN_POINT('',(0.,0.,0.));
#454 = DIRECTION('',(0.,0.,1.));
#455 = DIRECTION('',(1.,0.,-0.));
#456 = PCURVE('',#124,#457);
#457 = DEFINITIONAL_REPRESENTATION('',(#458),#462);
#458 = CIRCLE('',#459,15.);
#459 = AXIS2_PLACEMENT_2D('',#460,#461);
#460 = CARTESIAN_POINT('',(0.,0.));
#461 = DIRECTION('',(1.,0.));
#462 = ( GEOMETRIC_REPRESENTATION_CONTEXT(2) 
PARAMETRIC_REPRESENTATION_CONTEXT() REPRESENTATION_CONTEXT('2D SPACE',''
  ) );
#463 = PCURVE('',#184,#464);
#464 = DEFINITIONAL_REPRESENTATION('',(#465),#469);
#465 = LINE('',#466,#467);
#466 = CARTESIAN_POINT('',(0.,0.));
#467 = VECTOR('',#468,1.);
#468 = DIRECTION('',(1.,0.));
#469 = ( GEOMETRIC_REPRESENTATION_CONTEXT(2) 
PARAMETRIC_REPRESENTATION_CONTEXT() REPRESENTATION_CONTEXT('2D SPACE',''
  ) );
#470 = ORIENTED_EDGE('',*,*,#471,.F.);
#471 = EDGE_CURVE('',#472,#448,#474,.T.);
#472 = VERTEX_POINT('',#473);
#473 = CARTESIAN_POINT('',(13.514629940934,6.508054821497,0.));
#474 = SURFACE_CURVE('',#475,(#480,#487),.PCURVE_S1.);
#475 = CIRCLE('',#476,1.6);
#476 = AXIS2_PLACEMENT_3D('',#477,#478,#479);
#477 = CARTESIAN_POINT('',(14.565235622182,5.301312221548,0.));
#478 = DIRECTION('',(0.,-0.,1.));
#479 = DIRECTION('',(0.939692620786,0.342020143326,0.));
#480 = PCURVE('',#124,#481);
#481 = DEFINITIONAL_REPRESENTATION('',(#482),#486);
#482 = CIRCLE('',#483,1.6);
#483 = AXIS2_PLACEMENT_2D('',#484,#485);
#484 = CARTESIAN_POINT('',(14.565235622182,5.301312221548));
#485 = DIRECTION('',(0.939692620786,0.342020143326));
#486 = ( GEOMETRIC_REPRESENTATION_CONTEXT(2) 
PARAMETRIC_REPRESENTATION_CONTEXT() REPRESENTATION_CONTEXT('2D SPACE',''
  ) );
#487 = PCURVE('',#488,#493);
#488 = CYLINDRICAL_SURFACE('',#489,1.6);
#489 = AXIS2_PLACEMENT_3D('',#490,#491,#492);
#490 = CARTESIAN_POINT('',(14.565235622182,5.301312221548,0.));
#491 = DIRECTION('',(0.,0.,1.));
#492 = DIRECTION('',(0.939692620786,0.342020143326,0.));
#493 = DEFINITIONAL_REPRESENTATION('',(#494),#498);
#494 = LINE('',#495,#496);
#495 = CARTESIAN_POINT('',(0.,0.));
#496 = VECTOR('',#497,1.);
#497 = DIRECTION('',(1.,0.));
#498 = ( GEOMETRIC_REPRESENTATION_CONTEXT(2) 
PARAMETRIC_REPRESENTATION_CONTEXT() REPRESENTATION_CONTEXT('2D SPACE',''
  ) );
#499 = ORIENTED_EDGE('',*,*,#500,.T.);
#500 = EDGE_CURVE('',#472,#501,#503,.T.);
#501 = VERTEX_POINT('',#502);
#502 = CARTESIAN_POINT('',(12.393455775105,8.449985440846,0.));
#503 = SURFACE_CURVE('',#504,(#509,#516),.PCURVE_S1.);
#504 = CIRCLE('',#505,15.);
#505 = AXIS2_PLACEMENT_3D('',#506,#507,#508);
#506 = CARTESIAN_POINT('',(0.,0.,0.));
#507 = DIRECTION('',(0.,0.,1.));
#508 = DIRECTION('',(1.,0.,-0.));
#509 = PCURVE('',#124,#510);
#510 = DEFINITIONAL_REPRESENTATION('',(#511),#515);
#511 = CIRCLE('',#512,15.);
#512 = AXIS2_PLACEMENT_2D('',#513,#514);
#513 = CARTESIAN_POINT('',(0.,0.));
#514 = DIRECTION('',(1.,0.));
#515 = ( GEOMETRIC_REPRESENTATION_CONTEXT(2) 
PARAMETRIC_REPRESENTATION_CONTEXT() REPRESENTATION_CONTEXT('2D SPACE',''
  ) );
#516 = PCURVE('',#517,#522);
#517 = CYLINDRICAL_SURFACE('',#518,15.);
#518 = AXIS2_PLACEMENT_3D('',#519,#520,#521);
#519 = CARTESIAN_POINT('',(0.,0.,0.));
#520 = DIRECTION('',(0.,0.,1.));
#521 = DIRECTION('',(1.,0.,-0.));
#522 = DEFINITIONAL_REPRESENTATION('',(#523),#527);
#523 = LINE('',#524,#525);
#524 = CARTESIAN_POINT('',(0.,0.));
#525 = VECTOR('',#526,1.);
#526 = DIRECTION('',(1.,0.));
#527 = ( GEOMETRIC_REPRESENTATION_CONTEXT(2) 
PARAMETRIC_REPRESENTATION_CONTEXT() REPRESENTATION_CONTEXT('2D SPACE',''
  ) );
#528 = ORIENTED_EDGE('',*,*,#529,.F.);
#529 = EDGE_CURVE('',#530,#501,#532,.T.);
#530 = VERTEX_POINT('',#531);
#531 = CARTESIAN_POINT('',(10.473712185329,10.737846760822,0.));
#532 = SURFACE_CURVE('',#533,(#538,#545),.PCURVE_S1.);
#533 = CIRCLE('',#534,1.6);
#534 = AXIS2_PLACEMENT_3D('',#535,#536,#537);
#535 = CARTESIAN_POINT('',(11.873688868344,9.963207950141,0.));
#536 = DIRECTION('',(0.,-0.,1.));
#537 = DIRECTION('',(0.766044443119,0.642787609687,0.));
#538 = PCURVE('',#124,#539);
#539 = DEFINITIONAL_REPRESENTATION('',(#540),#544);
#540 = CIRCLE('',#541,1.6);
#541 = AXIS2_PLACEMENT_2D('',#542,#543);
#542 = CARTESIAN_POINT('',(11.873688868344,9.963207950141));
#543 = DIRECTION('',(0.766044443119,0.642787609687));
#544 = ( GEOMETRIC_REPRESENTATION_CONTEXT(2) 
PARAMETRIC_REPRESENTATION_CONTEXT() REPRESENTATION_CONTEXT('2D SPACE',''
  ) );
#545 = PCURVE('',#546,#551);
#546 = CYLINDRICAL_SURFACE('',#547,1.6);
#547 = AXIS2_PLACEMENT_3D('',#548,#549,#550);
#548 = CARTESIAN_POINT('',(11.873688868344,9.963207950141,0.));
#549 = DIRECTION('',(0.,0.,1.));
#550 = DIRECTION('',(0.766044443119,0.642787609687,0.));
#551 = DEFINITIONAL_REPRESENTATION('',(#552),#556);
#552 = LINE('',#553,#554);
#553 = CARTESIAN_POINT('',(0.,0.));
#554 = VECTOR('',#555,1.);
#555 = DIRECTION('',(1.,0.));
#556 = ( GEOMETRIC_REPRESENTATION_CONTEXT(2) 
PARAMETRIC_REPRESENTATION_CONTEXT() REPRESENTATION_CONTEXT('2D SPACE',''
  ) );
#557 = ORIENTED_EDGE('',*,*,#558,.T.);
#558 = EDGE_CURVE('',#530,#559,#561,.T.);
#559 = VERTEX_POINT('',#560);
#560 = CARTESIAN_POINT('',(8.755973706325,12.179200485013,0.));
#561 = SURFACE_CURVE('',#562,(#567,#574),.PCURVE_S1.);
#562 = CIRCLE('',#563,15.);
#563 = AXIS2_PLACEMENT_3D('',#564,#565,#566);
#564 = CARTESIAN_POINT('',(0.,0.,0.));
#565 = DIRECTION('',(0.,0.,1.));
#566 = DIRECTION('',(1.,0.,-0.));
#567 = PCURVE('',#124,#568);
#568 = DEFINITIONAL_REPRESENTATION('',(#569),#573);
#569 = CIRCLE('',#570,15.);
#570 = AXIS2_PLACEMENT_2D('',#571,#572);
#571 = CARTESIAN_POINT('',(0.,0.));
#572 = DIRECTION('',(1.,0.));
#573 = ( GEOMETRIC_REPRESENTATION_CONTEXT(2) 
PARAMETRIC_REPRESENTATION_CONTEXT() REPRESENTATION_CONTEXT('2D SPACE',''
  ) );
#574 = PCURVE('',#575,#580);
#575 = CYLINDRICAL_SURFACE('',#576,15.);
#576 = AXIS2_PLACEMENT_3D('',#577,#578,#579);
#577 = CARTESIAN_POINT('',(0.,0.,0.));
#578 = DIRECTION('',(0.,0.,1.));
#579 = DIRECTION('',(1.,0.,-0.));
#580 = DEFINITIONAL_REPRESENTATION('',(#581),#585);
#581 = LINE('',#582,#583);
#582 = CARTESIAN_POINT('',(0.,0.));
#583 = VECTOR('',#584,1.);
#584 = DIRECTION('',(1.,0.));
#585 = ( GEOMETRIC_REPRESENTATION_CONTEXT(2) 
PARAMETRIC_REPRESENTATION_CONTEXT() REPRESENTATION_CONTEXT('2D SPACE',''
  ) );
#586 = ORIENTED_EDGE('',*,*,#587,.F.);
#587 = EDGE_CURVE('',#588,#559,#590,.T.);
#588 = VERTEX_POINT('',#589);
#589 = CARTESIAN_POINT('',(6.169510164644,13.672495907052,0.));
#590 = SURFACE_CURVE('',#591,(#596,#603),.PCURVE_S1.);
#591 = CIRCLE('',#592,1.6);
#592 = AXIS2_PLACEMENT_3D('',#593,#594,#595);
#593 = CARTESIAN_POINT('',(7.75,13.423393758659,0.));
#594 = DIRECTION('',(0.,-0.,1.));
#595 = DIRECTION('',(0.5,0.866025403784,0.));
#596 = PCURVE('',#124,#597);
#597 = DEFINITIONAL_REPRESENTATION('',(#598),#602);
#598 = CIRCLE('',#599,1.6);
#599 = AXIS2_PLACEMENT_2D('',#600,#601);
#600 = CARTESIAN_POINT('',(7.75,13.423393758659));
#601 = DIRECTION('',(0.5,0.866025403784));
#602 = ( GEOMETRIC_REPRESENTATION_CONTEXT(2) 
PARAMETRIC_REPRESENTATION_CONTEXT() REPRESENTATION_CONTEXT('2D SPACE',''
  ) );
#603 = PCURVE('',#604,#609);
#604 = CYLINDRICAL_SURFACE('',#605,1.6);
#605 = AXIS2_PLACEMENT_3D('',#606,#607,#608);
#606 = CARTESIAN_POINT('',(7.75,13.423393758659,0.));
#607 = DIRECTION('',(0.,0.,1.));
#608 = DIRECTION('',(0.5,0.866025403784,0.));
#609 = DEFINITIONAL_REPRESENTATION('',(#610),#614);
#610 = LINE('',#611,#612);
#611 = CARTESIAN_POINT('',(0.,0.));
#612 = VECTOR('',#613,1.);
#613 = DIRECTION('',(1.,0.));
#614 = ( GEOMETRIC_REPRESENTATION_CONTEXT(2) 
PARAMETRIC_REPRESENTATION_CONTEXT() REPRESENTATION_CONTEXT('2D SPACE',''
  ) );
#615 = ORIENTED_EDGE('',*,*,#616,.T.);
#616 = EDGE_CURVE('',#588,#617,#619,.T.);
#617 = VERTEX_POINT('',#618);
#618 = CARTESIAN_POINT('',(4.062391984152,14.439424204832,0.));
#619 = SURFACE_CURVE('',#620,(#625,#632),.PCURVE_S1.);
#620 = CIRCLE('',#621,15.);
#621 = AXIS2_PLACEMENT_3D('',#622,#623,#624);
#622 = CARTESIAN_POINT('',(0.,0.,0.));
#623 = DIRECTION('',(0.,0.,1.));
#624 = DIRECTION('',(1.,0.,-0.));
#625 = PCURVE('',#124,#626);
#626 = DEFINITIONAL_REPRESENTATION('',(#627),#631);
#627 = CIRCLE('',#628,15.);
#628 = AXIS2_PLACEMENT_2D('',#629,#630);
#629 = CARTESIAN_POINT('',(0.,0.));
#630 = DIRECTION('',(1.,0.));
#631 = ( GEOMETRIC_REPRESENTATION_CONTEXT(2) 
PARAMETRIC_REPRESENTATION_CONTEXT() REPRESENTATION_CONTEXT('2D SPACE',''
  ) );
#632 = PCURVE('',#633,#638);
#633 = CYLINDRICAL_SURFACE('',#634,15.);
#634 = AXIS2_PLACEMENT_3D('',#635,#636,#637);
#635 = CARTESIAN_POINT('',(0.,0.,0.));
#636 = DIRECTION('',(0.,0.,1.));
#637 = DIRECTION('',(1.,0.,-0.));
#638 = DEFINITIONAL_REPRESENTATION('',(#639),#643);
#639 = LINE('',#640,#641);
#640 = CARTESIAN_POINT('',(0.,0.));
#641 = VECTOR('',#642,1.);
#642 = DIRECTION('',(1.,0.));
#643 = ( GEOMETRIC_REPRESENTATION_CONTEXT(2) 
PARAMETRIC_REPRESENTATION_CONTEXT() REPRESENTATION_CONTEXT('2D SPACE',''
  ) );
#644 = ORIENTED_EDGE('',*,*,#645,.F.);
#645 = EDGE_CURVE('',#646,#617,#648,.T.);
#646 = VERTEX_POINT('',#647);
#647 = CARTESIAN_POINT('',(1.121174165829,14.958040262343,0.));
#648 = SURFACE_CURVE('',#649,(#654,#661),.PCURVE_S1.);
#649 = CIRCLE('',#650,1.6);
#650 = AXIS2_PLACEMENT_3D('',#651,#652,#653);
#651 = CARTESIAN_POINT('',(2.691546753837,15.264520171689,0.));
#652 = DIRECTION('',(0.,-0.,1.));
#653 = DIRECTION('',(0.173648177667,0.984807753012,0.));
#654 = PCURVE('',#124,#655);
#655 = DEFINITIONAL_REPRESENTATION('',(#656),#660);
#656 = CIRCLE('',#657,1.6);
#657 = AXIS2_PLACEMENT_2D('',#658,#659);
#658 = CARTESIAN_POINT('',(2.691546753837,15.264520171689));
#659 = DIRECTION('',(0.173648177667,0.984807753012));
#660 = ( GEOMETRIC_REPRESENTATION_CONTEXT(2) 
PARAMETRIC_REPRESENTATION_CONTEXT() REPRESENTATION_CONTEXT('2D SPACE',''
  ) );
#661 = PCURVE('',#662,#667);
#662 = CYLINDRICAL_SURFACE('',#663,1.6);
#663 = AXIS2_PLACEMENT_3D('',#664,#665,#666);
#664 = CARTESIAN_POINT('',(2.691546753837,15.264520171689,0.));
#665 = DIRECTION('',(0.,0.,1.));
#666 = DIRECTION('',(0.173648177667,0.984807753012,0.));
#667 = DEFINITIONAL_REPRESENTATION('',(#668),#672);
#668 = LINE('',#669,#670);
#669 = CARTESIAN_POINT('',(0.,0.));
#670 = VECTOR('',#671,1.);
#671 = DIRECTION('',(1.,0.));
#672 = ( GEOMETRIC_REPRESENTATION_CONTEXT(2) 
PARAMETRIC_REPRESENTATION_CONTEXT() REPRESENTATION_CONTEXT('2D SPACE',''
  ) );
#673 = ORIENTED_EDGE('',*,*,#674,.T.);
#674 = EDGE_CURVE('',#646,#675,#677,.T.);
#675 = VERTEX_POINT('',#676);
#676 = CARTESIAN_POINT('',(-1.121174165829,14.958040262343,0.));
#677 = SURFACE_CURVE('',#678,(#683,#690),.PCURVE_S1.);
#678 = CIRCLE('',#679,15.);
#679 = AXIS2_PLACEMENT_3D('',#680,#681,#682);
#680 = CARTESIAN_POINT('',(0.,0.,0.));
#681 = DIRECTION('',(0.,0.,1.));
#682 = DIRECTION('',(1.,0.,-0.));
#683 = PCURVE('',#124,#684);
#684 = DEFINITIONAL_REPRESENTATION('',(#685),#689);
#685 = CIRCLE('',#686,15.);
#686 = AXIS2_PLACEMENT_2D('',#687,#688);
#687 = CARTESIAN_POINT('',(0.,0.));
#688 = DIRECTION('',(1.,0.));
#689 = ( GEOMETRIC_REPRESENTATION_CONTEXT(2) 
PARAMETRIC_REPRESENTATION_CONTEXT() REPRESENTATION_CONTEXT('2D SPACE',''
  ) );
#690 = PCURVE('',#691,#696);
#691 = CYLINDRICAL_SURFACE('',#692,15.);
#692 = AXIS2_PLACEMENT_3D('',#693,#694,#695);
#693 = CARTESIAN_POINT('',(0.,0.,0.));
#694 = DIRECTION('',(0.,0.,1.));
#695 = DIRECTION('',(1.,0.,-0.));
#696 = DEFINITIONAL_REPRESENTATION('',(#697),#701);
#697 = LINE('',#698,#699);
#698 = CARTESIAN_POINT('',(0.,0.));
#699 = VECTOR('',#700,1.);
#700 = DIRECTION('',(1.,0.));
#701 = ( GEOMETRIC_REPRESENTATION_CONTEXT(2) 
PARAMETRIC_REPRESENTATION_CONTEXT() REPRESENTATION_CONTEXT('2D SPACE',''
  ) );
#702 = ORIENTED_EDGE('',*,*,#703,.F.);
#703 = EDGE_CURVE('',#704,#675,#706,.T.);
#704 = VERTEX_POINT('',#705);
#705 = CARTESIAN_POINT('',(-4.062391984152,14.439424204832,0.));
#706 = SURFACE_CURVE('',#707,(#712,#719),.PCURVE_S1.);
#707 = CIRCLE('',#708,1.6);
#708 = AXIS2_PLACEMENT_3D('',#709,#710,#711);
#709 = CARTESIAN_POINT('',(-2.691546753837,15.264520171689,0.));
#710 = DIRECTION('',(0.,0.,1.));
#711 = DIRECTION('',(-0.173648177667,0.984807753012,0.));
#712 = PCURVE('',#124,#713);
#713 = DEFINITIONAL_REPRESENTATION('',(#714),#718);
#714 = CIRCLE('',#715,1.6);
#715 = AXIS2_PLACEMENT_2D('',#716,#717);
#716 = CARTESIAN_POINT('',(-2.691546753837,15.264520171689));
#717 = DIRECTION('',(-0.173648177667,0.984807753012));
#718 = ( GEOMETRIC_REPRESENTATION_CONTEXT(2) 
PARAMETRIC_REPRESENTATION_CONTEXT() REPRESENTATION_CONTEXT('2D SPACE',''
  ) );
#719 = PCURVE('',#720,#725);
#720 = CYLINDRICAL_SURFACE('',#721,1.6);
#721 = AXIS2_PLACEMENT_3D('',#722,#723,#724);
#722 = CARTESIAN_POINT('',(-2.691546753837,15.264520171689,0.));
#723 = DIRECTION('',(0.,0.,1.));
#724 = DIRECTION('',(-0.173648177667,0.984807753012,0.));
#725 = DEFINITIONAL_REPRESENTATION('',(#726),#730);
#726 = LINE('',#727,#728);
#727 = CARTESIAN_POINT('',(0.,0.));
#728 = VECTOR('',#729,1.);
#729 = DIRECTION('',(1.,0.));
#730 = ( GEOMETRIC_REPRESENTATION_CONTEXT(2) 
PARAMETRIC_REPRESENTATION_CONTEXT() REPRESENTATION_CONTEXT('2D SPACE',''
  ) );
#731 = ORIENTED_EDGE('',*,*,#732,.T.);
#732 = EDGE_CURVE('',#704,#733,#735,.T.);
#733 = VERTEX_POINT('',#734);
#734 = CARTESIAN_POINT('',(-6.169510164643,13.672495907052,0.));
#735 = SURFACE_CURVE('',#736,(#741,#748),.PCURVE_S1.);
#736 = CIRCLE('',#737,15.);
#737 = AXIS2_PLACEMENT_3D('',#738,#739,#740);
#738 = CARTESIAN_POINT('',(0.,0.,0.));
#739 = DIRECTION('',(0.,0.,1.));
#740 = DIRECTION('',(1.,0.,-0.));
#741 = PCURVE('',#124,#742);
#742 = DEFINITIONAL_REPRESENTATION('',(#743),#747);
#743 = CIRCLE('',#744,15.);
#744 = AXIS2_PLACEMENT_2D('',#745,#746);
#745 = CARTESIAN_POINT('',(0.,0.));
#746 = DIRECTION('',(1.,0.));
#747 = ( GEOMETRIC_REPRESENTATION_CONTEXT(2) 
PARAMETRIC_REPRESENTATION_CONTEXT() REPRESENTATION_CONTEXT('2D SPACE',''
  ) );
#748 = PCURVE('',#749,#754);
#749 = CYLINDRICAL_SURFACE('',#750,15.);
#750 = AXIS2_PLACEMENT_3D('',#751,#752,#753);
#751 = CARTESIAN_POINT('',(0.,0.,0.));
#752 = DIRECTION('',(0.,0.,1.));
#753 = DIRECTION('',(1.,0.,-0.));
#754 = DEFINITIONAL_REPRESENTATION('',(#755),#759);
#755 = LINE('',#756,#757);
#756 = CARTESIAN_POINT('',(0.,0.));
#757 = VECTOR('',#758,1.);
#758 = DIRECTION('',(1.,0.));
#759 = ( GEOMETRIC_REPRESENTATION_CONTEXT(2) 
PARAMETRIC_REPRESENTATION_CONTEXT() REPRESENTATION_CONTEXT('2D SPACE',''
  ) );
#760 = ORIENTED_EDGE('',*,*,#761,.F.);
#761 = EDGE_CURVE('',#762,#733,#764,.T.);
#762 = VERTEX_POINT('',#763);
#763 = CARTESIAN_POINT('',(-8.755973706325,12.179200485013,0.));
#764 = SURFACE_CURVE('',#765,(#770,#777),.PCURVE_S1.);
#765 = CIRCLE('',#766,1.6);
#766 = AXIS2_PLACEMENT_3D('',#767,#768,#769);
#767 = CARTESIAN_POINT('',(-7.75,13.423393758659,0.));
#768 = DIRECTION('',(0.,0.,1.));
#769 = DIRECTION('',(-0.5,0.866025403784,0.));
#770 = PCURVE('',#124,#771);
#771 = DEFINITIONAL_REPRESENTATION('',(#772),#776);
#772 = CIRCLE('',#773,1.6);
#773 = AXIS2_PLACEMENT_2D('',#774,#775);
#774 = CARTESIAN_POINT('',(-7.75,13.423393758659));
#775 = DIRECTION('',(-0.5,0.866025403784));
#776 = ( GEOMETRIC_REPRESENTATION_CONTEXT(2) 
PARAMETRIC_REPRESENTATION_CONTEXT() REPRESENTATION_CONTEXT('2D SPACE',''
  ) );
#777 = PCURVE('',#778,#783);
#778 = CYLINDRICAL_SURFACE('',#779,1.6);
#779 = AXIS2_PLACEMENT_3D('',#780,#781,#782);
#780 = CARTESIAN_POINT('',(-7.75,13.423393758659,0.));
#781 = DIRECTION('',(0.,0.,1.));
#782 = DIRECTION('',(-0.5,0.866025403784,0.));
#783 = DEFINITIONAL_REPRESENTATION('',(#784),#788);
#784 = LINE('',#785,#786);
#785 = CARTESIAN_POINT('',(0.,0.));
#786 = VECTOR('',#787,1.);
#787 = DIRECTION('',(1.,0.));
#788 = ( GEOMETRIC_REPRESENTATION_CONTEXT(2) 
PARAMETRIC_REPRESENTATION_CONTEXT() REPRESENTATION_CONTEXT('2D SPACE',''
  ) );
#789 = ORIENTED_EDGE('',*,*,#790,.T.);
#790 = EDGE_CURVE('',#762,#791,#793,.T.);
#791 = VERTEX_POINT('',#792);
#792 = CARTESIAN_POINT('',(-10.47371218532,10.737846760822,0.));
#793 = SURFACE_CURVE('',#794,(#799,#806),.PCURVE_S1.);
#794 = CIRCLE('',#795,15.);
#795 = AXIS2_PLACEMENT_3D('',#796,#797,#798);
#796 = CARTESIAN_POINT('',(0.,0.,0.));
#797 = DIRECTION('',(0.,0.,1.));
#798 = DIRECTION('',(1.,0.,-0.));
#799 = PCURVE('',#124,#800);
#800 = DEFINITIONAL_REPRESENTATION('',(#801),#805);
#801 = CIRCLE('',#802,15.);
#802 = AXIS2_PLACEMENT_2D('',#803,#804);
#803 = CARTESIAN_POINT('',(0.,0.));
#804 = DIRECTION('',(1.,0.));
#805 = ( GEOMETRIC_REPRESENTATION_CONTEXT(2) 
PARAMETRIC_REPRESENTATION_CONTEXT() REPRESENTATION_CONTEXT('2D SPACE',''
  ) );
#806 = PCURVE('',#807,#812);
#807 = CYLINDRICAL_SURFACE('',#808,15.);
#808 = AXIS2_PLACEMENT_3D('',#809,#810,#811);
#809 = CARTESIAN_POINT('',(0.,0.,0.));
#810 = DIRECTION('',(0.,0.,1.));
#811 = DIRECTION('',(1.,0.,-0.));
#812 = DEFINITIONAL_REPRESENTATION('',(#813),#817);
#813 = LINE('',#814,#815);
#814 = CARTESIAN_POINT('',(0.,0.));
#815 = VECTOR('',#816,1.);
#816 = DIRECTION('',(1.,0.));
#817 = ( GEOMETRIC_REPRESENTATION_CONTEXT(2) 
PARAMETRIC_REPRESENTATION_CONTEXT() REPRESENTATION_CONTEXT('2D SPACE',''
  ) );
#818 = ORIENTED_EDGE('',*,*,#819,.F.);
#819 = EDGE_CURVE('',#820,#791,#822,.T.);
#820 = VERTEX_POINT('',#821);
#821 = CARTESIAN_POINT('',(-12.3934557751,8.449985440847,0.));
#822 = SURFACE_CURVE('',#823,(#828,#835),.PCURVE_S1.);
#823 = CIRCLE('',#824,1.6);
#824 = AXIS2_PLACEMENT_3D('',#825,#826,#827);
#825 = CARTESIAN_POINT('',(-11.87368886834,9.963207950141,0.));
#826 = DIRECTION('',(0.,0.,1.));
#827 = DIRECTION('',(-0.766044443119,0.642787609687,0.));
#828 = PCURVE('',#124,#829);
#829 = DEFINITIONAL_REPRESENTATION('',(#830),#834);
#830 = CIRCLE('',#831,1.6);
#831 = AXIS2_PLACEMENT_2D('',#832,#833);
#832 = CARTESIAN_POINT('',(-11.87368886834,9.963207950141));
#833 = DIRECTION('',(-0.766044443119,0.642787609687));
#834 = ( GEOMETRIC_REPRESENTATION_CONTEXT(2) 
PARAMETRIC_REPRESENTATION_CONTEXT() REPRESENTATION_CONTEXT('2D SPACE',''
  ) );
#835 = PCURVE('',#836,#841);
#836 = CYLINDRICAL_SURFACE('',#837,1.6);
#837 = AXIS2_PLACEMENT_3D('',#838,#839,#840);
#838 = CARTESIAN_POINT('',(-11.87368886834,9.963207950141,0.));
#839 = DIRECTION('',(0.,0.,1.));
#840 = DIRECTION('',(-0.766044443119,0.642787609687,0.));
#841 = DEFINITIONAL_REPRESENTATION('',(#842),#846);
#842 = LINE('',#843,#844);
#843 = CARTESIAN_POINT('',(0.,0.));
#844 = VECTOR('',#845,1.);
#845 = DIRECTION('',(1.,0.));
#846 = ( GEOMETRIC_REPRESENTATION_CONTEXT(2) 
PARAMETRIC_REPRESENTATION_CONTEXT() REPRESENTATION_CONTEXT('2D SPACE',''
  ) );
#847 = ORIENTED_EDGE('',*,*,#848,.T.);
#848 = EDGE_CURVE('',#820,#849,#851,.T.);
#849 = VERTEX_POINT('',#850);
#850 = CARTESIAN_POINT('',(-13.51462994093,6.508054821497,0.));
#851 = SURFACE_CURVE('',#852,(#857,#864),.PCURVE_S1.);
#852 = CIRCLE('',#853,15.);
#853 = AXIS2_PLACEMENT_3D('',#854,#855,#856);
#854 = CARTESIAN_POINT('',(0.,0.,0.));
#855 = DIRECTION('',(0.,0.,1.));
#856 = DIRECTION('',(1.,0.,-0.));
#857 = PCURVE('',#124,#858);
#858 = DEFINITIONAL_REPRESENTATION('',(#859),#863);
#859 = CIRCLE('',#860,15.);
#860 = AXIS2_PLACEMENT_2D('',#861,#862);
#861 = CARTESIAN_POINT('',(0.,0.));
#862 = DIRECTION('',(1.,0.));
#863 = ( GEOMETRIC_REPRESENTATION_CONTEXT(2) 
PARAMETRIC_REPRESENTATION_CONTEXT() REPRESENTATION_CONTEXT('2D SPACE',''
  ) );
#864 = PCURVE('',#865,#870);
#865 = CYLINDRICAL_SURFACE('',#866,15.);
#866 = AXIS2_PLACEMENT_3D('',#867,#868,#869);
#867 = CARTESIAN_POINT('',(0.,0.,0.));
#868 = DIRECTION('',(0.,0.,1.));
#869 = DIRECTION('',(1.,0.,-0.));
#870 = DEFINITIONAL_REPRESENTATION('',(#871),#875);
#871 = LINE('',#872,#873);
#872 = CARTESIAN_POINT('',(0.,0.));
#873 = VECTOR('',#874,1.);
#874 = DIRECTION('',(1.,0.));
#875 = ( GEOMETRIC_REPRESENTATION_CONTEXT(2) 
PARAMETRIC_REPRESENTATION_CONTEXT() REPRESENTATION_CONTEXT('2D SPACE',''
  ) );
#876 = ORIENTED_EDGE('',*,*,#877,.F.);
#877 = EDGE_CURVE('',#878,#849,#880,.T.);
#878 = VERTEX_POINT('',#879);
#879 = CARTESIAN_POINT('',(-14.53610416948,3.70157744401,0.));
#880 = SURFACE_CURVE('',#881,(#886,#893),.PCURVE_S1.);
#881 = CIRCLE('',#882,1.6);
#882 = AXIS2_PLACEMENT_3D('',#883,#884,#885);
#883 = CARTESIAN_POINT('',(-14.56523562218,5.301312221548,0.));
#884 = DIRECTION('',(0.,0.,1.));
#885 = DIRECTION('',(-0.939692620786,0.342020143326,0.));
#886 = PCURVE('',#124,#887);
#887 = DEFINITIONAL_REPRESENTATION('',(#888),#892);
#888 = CIRCLE('',#889,1.6);
#889 = AXIS2_PLACEMENT_2D('',#890,#891);
#890 = CARTESIAN_POINT('',(-14.56523562218,5.301312221548));
#891 = DIRECTION('',(-0.939692620786,0.342020143326));
#892 = ( GEOMETRIC_REPRESENTATION_CONTEXT(2) 
PARAMETRIC_REPRESENTATION_CONTEXT() REPRESENTATION_CONTEXT('2D SPACE',''
  ) );
#893 = PCURVE('',#894,#899);
#894 = CYLINDRICAL_SURFACE('',#895,1.6);
#895 = AXIS2_PLACEMENT_3D('',#896,#897,#898);
#896 = CARTESIAN_POINT('',(-14.56523562218,5.301312221548,0.));
#897 = DIRECTION('',(0.,0.,1.));
#898 = DIRECTION('',(-0.939692620786,0.342020143326,0.));
#899 = DEFINITIONAL_REPRESENTATION('',(#900),#904);
#900 = LINE('',#901,#902);
#901 = CARTESIAN_POINT('',(0.,0.));
#902 = VECTOR('',#903,1.);
#903 = DIRECTION('',(1.,0.));
#904 = ( GEOMETRIC_REPRESENTATION_CONTEXT(2) 
PARAMETRIC_REPRESENTATION_CONTEXT() REPRESENTATION_CONTEXT('2D SPACE',''
  ) );
#905 = ORIENTED_EDGE('',*,*,#906,.T.);
#906 = EDGE_CURVE('',#878,#907,#909,.T.);
#907 = VERTEX_POINT('',#908);
#908 = CARTESIAN_POINT('',(-14.92548387096,1.493295422038,0.));
#909 = SURFACE_CURVE('',#910,(#915,#922),.PCURVE_S1.);
#910 = CIRCLE('',#911,15.);
#911 = AXIS2_PLACEMENT_3D('',#912,#913,#914);
#912 = CARTESIAN_POINT('',(0.,0.,0.));
#913 = DIRECTION('',(0.,0.,1.));
#914 = DIRECTION('',(1.,0.,-0.));
#915 = PCURVE('',#124,#916);
#916 = DEFINITIONAL_REPRESENTATION('',(#917),#921);
#917 = CIRCLE('',#918,15.);
#918 = AXIS2_PLACEMENT_2D('',#919,#920);
#919 = CARTESIAN_POINT('',(0.,0.));
#920 = DIRECTION('',(1.,0.));
#921 = ( GEOMETRIC_REPRESENTATION_CONTEXT(2) 
PARAMETRIC_REPRESENTATION_CONTEXT() REPRESENTATION_CONTEXT('2D SPACE',''
  ) );
#922 = PCURVE('',#923,#928);
#923 = CYLINDRICAL_SURFACE('',#924,15.);
#924 = AXIS2_PLACEMENT_3D('',#925,#926,#927);
#925 = CARTESIAN_POINT('',(0.,0.,0.));
#926 = DIRECTION('',(0.,0.,1.));
#927 = DIRECTION('',(1.,0.,-0.));
#928 = DEFINITIONAL_REPRESENTATION('',(#929),#933);
#929 = LINE('',#930,#931);
#930 = CARTESIAN_POINT('',(0.,0.));
#931 = VECTOR('',#932,1.);
#932 = DIRECTION('',(1.,0.));
#933 = ( GEOMETRIC_REPRESENTATION_CONTEXT(2) 
PARAMETRIC_REPRESENTATION_CONTEXT() REPRESENTATION_CONTEXT('2D SPACE',''
  ) );
#934 = ORIENTED_EDGE('',*,*,#935,.F.);
#935 = EDGE_CURVE('',#936,#907,#938,.T.);
#936 = VERTEX_POINT('',#937);
#937 = CARTESIAN_POINT('',(-14.92548387096,-1.493295422038,0.));
#938 = SURFACE_CURVE('',#939,(#944,#951),.PCURVE_S1.);
#939 = CIRCLE('',#940,1.6);
#940 = AXIS2_PLACEMENT_3D('',#941,#942,#943);
#941 = CARTESIAN_POINT('',(-15.5,1.898202538678E-15,0.));
#942 = DIRECTION('',(0.,0.,1.));
#943 = DIRECTION('',(-1.,1.224646799147E-16,0.));
#944 = PCURVE('',#124,#945);
#945 = DEFINITIONAL_REPRESENTATION('',(#946),#950);
#946 = CIRCLE('',#947,1.6);
#947 = AXIS2_PLACEMENT_2D('',#948,#949);
#948 = CARTESIAN_POINT('',(-15.5,1.898202538678E-15));
#949 = DIRECTION('',(-1.,1.224646799147E-16));
#950 = ( GEOMETRIC_REPRESENTATION_CONTEXT(2) 
PARAMETRIC_REPRESENTATION_CONTEXT() REPRESENTATION_CONTEXT('2D SPACE',''
  ) );
#951 = PCURVE('',#952,#957);
#952 = CYLINDRICAL_SURFACE('',#953,1.6);
#953 = AXIS2_PLACEMENT_3D('',#954,#955,#956);
#954 = CARTESIAN_POINT('',(-15.5,1.898202538678E-15,0.));
#955 = DIRECTION('',(0.,0.,1.));
#956 = DIRECTION('',(-1.,1.224646799147E-16,0.));
#957 = DEFINITIONAL_REPRESENTATION('',(#958),#962);
#958 = LINE('',#959,#960);
#959 = CARTESIAN_POINT('',(0.,0.));
#960 = VECTOR('',#961,1.);
#961 = DIRECTION('',(1.,0.));
#962 = ( GEOMETRIC_REPRESENTATION_CONTEXT(2) 
PARAMETRIC_REPRESENTATION_CONTEXT() REPRESENTATION_CONTEXT('2D SPACE',''
  ) );
#963 = ORIENTED_EDGE('',*,*,#964,.T.);
#964 = EDGE_CURVE('',#936,#965,#967,.T.);
#965 = VERTEX_POINT('',#966);
#966 = CARTESIAN_POINT('',(-14.53610416948,-3.70157744401,0.));
#967 = SURFACE_CURVE('',#968,(#973,#980),.PCURVE_S1.);
#968 = CIRCLE('',#969,15.);
#969 = AXIS2_PLACEMENT_3D('',#970,#971,#972);
#970 = CARTESIAN_POINT('',(0.,0.,0.));
#971 = DIRECTION('',(0.,0.,1.));
#972 = DIRECTION('',(1.,0.,-0.));
#973 = PCURVE('',#124,#974);
#974 = DEFINITIONAL_REPRESENTATION('',(#975),#979);
#975 = CIRCLE('',#976,15.);
#976 = AXIS2_PLACEMENT_2D('',#977,#978);
#977 = CARTESIAN_POINT('',(0.,0.));
#978 = DIRECTION('',(1.,0.));
#979 = ( GEOMETRIC_REPRESENTATION_CONTEXT(2) 
PARAMETRIC_REPRESENTATION_CONTEXT() REPRESENTATION_CONTEXT('2D SPACE',''
  ) );
#980 = PCURVE('',#981,#986);
#981 = CYLINDRICAL_SURFACE('',#982,15.);
#982 = AXIS2_PLACEMENT_3D('',#983,#984,#985);
#983 = CARTESIAN_POINT('',(0.,0.,0.));
#984 = DIRECTION('',(0.,0.,1.));
#985 = DIRECTION('',(1.,0.,-0.));
#986 = DEFINITIONAL_REPRESENTATION('',(#987),#991);
#987 = LINE('',#988,#989);
#988 = CARTESIAN_POINT('',(0.,0.));
#989 = VECTOR('',#990,1.);
#990 = DIRECTION('',(1.,0.));
#991 = ( GEOMETRIC_REPRESENTATION_CONTEXT(2) 
PARAMETRIC_REPRESENTATION_CONTEXT() REPRESENTATION_CONTEXT('2D SPACE',''
  ) );
#992 = ORIENTED_EDGE('',*,*,#993,.F.);
#993 = EDGE_CURVE('',#994,#965,#996,.T.);
#994 = VERTEX_POINT('',#995);
#995 = CARTESIAN_POINT('',(-13.51462994093,-6.508054821497,0.));
#996 = SURFACE_CURVE('',#997,(#1002,#1009),.PCURVE_S1.);
#997 = CIRCLE('',#998,1.6);
#998 = AXIS2_PLACEMENT_3D('',#999,#1000,#1001);
#999 = CARTESIAN_POINT('',(-14.56523562218,-5.301312221548,0.));
#1000 = DIRECTION('',(0.,0.,1.));
#1001 = DIRECTION('',(-0.939692620786,-0.342020143326,0.));
#1002 = PCURVE('',#124,#1003);
#1003 = DEFINITIONAL_REPRESENTATION('',(#1004),#1008);
#1004 = CIRCLE('',#1005,1.6);
#1005 = AXIS2_PLACEMENT_2D('',#1006,#1007);
#1006 = CARTESIAN_POINT('',(-14.56523562218,-5.301312221548));
#1007 = DIRECTION('',(-0.939692620786,-0.342020143326));
#1008 = ( GEOMETRIC_REPRESENTATION_CONTEXT(2) 
PARAMETRIC_REPRESENTATION_CONTEXT() REPRESENTATION_CONTEXT('2D SPACE',''
  ) );
#1009 = PCURVE('',#1010,#1015);
#1010 = CYLINDRICAL_SURFACE('',#1011,1.6);
#1011 = AXIS2_PLACEMENT_3D('',#1012,#1013,#1014);
#1012 = CARTESIAN_POINT('',(-14.56523562218,-5.301312221548,0.));
#1013 = DIRECTION('',(0.,0.,1.));
#1014 = DIRECTION('',(-0.939692620786,-0.342020143326,0.));
#1015 = DEFINITIONAL_REPRESENTATION('',(#1016),#1020);
#1016 = LINE('',#1017,#1018);
#1017 = CARTESIAN_POINT('',(0.,0.));
#1018 = VECTOR('',#1019,1.);
#1019 = DIRECTION('',(1.,0.));
#1020 = ( GEOMETRIC_REPRESENTATION_CONTEXT(2) 
PARAMETRIC_REPRESENTATION_CONTEXT() REPRESENTATION_CONTEXT('2D SPACE',''
  ) );
#1021 = ORIENTED_EDGE('',*,*,#1022,.T.);
#1022 = EDGE_CURVE('',#994,#1023,#1025,.T.);
#1023 = VERTEX_POINT('',#1024);
#1024 = CARTESIAN_POINT('',(-12.3934557751,-8.449985440846,0.));
#1025 = SURFACE_CURVE('',#1026,(#1031,#1038),.PCURVE_S1.);
#1026 = CIRCLE('',#1027,15.);
#1027 = AXIS2_PLACEMENT_3D('',#1028,#1029,#1030);
#1028 = CARTESIAN_POINT('',(0.,0.,0.));
#1029 = DIRECTION('',(0.,0.,1.));
#1030 = DIRECTION('',(1.,0.,-0.));
#1031 = PCURVE('',#124,#1032);
#1032 = DEFINITIONAL_REPRESENTATION('',(#1033),#1037);
#1033 = CIRCLE('',#1034,15.);
#1034 = AXIS2_PLACEMENT_2D('',#1035,#1036);
#1035 = CARTESIAN_POINT('',(0.,0.));
#1036 = DIRECTION('',(1.,0.));
#1037 = ( GEOMETRIC_REPRESENTATION_CONTEXT(2) 
PARAMETRIC_REPRESENTATION_CONTEXT() REPRESENTATION_CONTEXT('2D SPACE',''
  ) );
#1038 = PCURVE('',#1039,#1044);
#1039 = CYLINDRICAL_SURFACE('',#1040,15.);
#1040 = AXIS2_PLACEMENT_3D('',#1041,#1042,#1043);
#1041 = CARTESIAN_POINT('',(0.,0.,0.));
#1042 = DIRECTION('',(0.,0.,1.));
#1043 = DIRECTION('',(1.,0.,-0.));
#1044 = DEFINITIONAL_REPRESENTATION('',(#1045),#1049);
#1045 = LINE('',#1046,#1047);
#1046 = CARTESIAN_POINT('',(0.,0.));
#1047 = VECTOR('',#1048,1.);
#1048 = DIRECTION('',(1.,0.));
#1049 = ( GEOMETRIC_REPRESENTATION_CONTEXT(2) 
PARAMETRIC_REPRESENTATION_CONTEXT() REPRESENTATION_CONTEXT('2D SPACE',''
  ) );
#1050 = ORIENTED_EDGE('',*,*,#1051,.F.);
#1051 = EDGE_CURVE('',#1052,#1023,#1054,.T.);
#1052 = VERTEX_POINT('',#1053);
#1053 = CARTESIAN_POINT('',(-10.47371218532,-10.73784676082,0.));
#1054 = SURFACE_CURVE('',#1055,(#1060,#1067),.PCURVE_S1.);
#1055 = CIRCLE('',#1056,1.6);
#1056 = AXIS2_PLACEMENT_3D('',#1057,#1058,#1059);
#1057 = CARTESIAN_POINT('',(-11.87368886834,-9.963207950141,0.));
#1058 = DIRECTION('',(0.,0.,1.));
#1059 = DIRECTION('',(-0.766044443119,-0.642787609687,0.));
#1060 = PCURVE('',#124,#1061);
#1061 = DEFINITIONAL_REPRESENTATION('',(#1062),#1066);
#1062 = CIRCLE('',#1063,1.6);
#1063 = AXIS2_PLACEMENT_2D('',#1064,#1065);
#1064 = CARTESIAN_POINT('',(-11.87368886834,-9.963207950141));
#1065 = DIRECTION('',(-0.766044443119,-0.642787609687));
#1066 = ( GEOMETRIC_REPRESENTATION_CONTEXT(2) 
PARAMETRIC_REPRESENTATION_CONTEXT() REPRESENTATION_CONTEXT('2D SPACE',''
  ) );
#1067 = PCURVE('',#1068,#1073);
#1068 = CYLINDRICAL_SURFACE('',#1069,1.6);
#1069 = AXIS2_PLACEMENT_3D('',#1070,#1071,#1072);
#1070 = CARTESIAN_POINT('',(-11.87368886834,-9.963207950141,0.));
#1071 = DIRECTION('',(0.,0.,1.));
#1072 = DIRECTION('',(-0.766044443119,-0.642787609687,0.));
#1073 = DEFINITIONAL_REPRESENTATION('',(#1074),#1078);
#1074 = LINE('',#1075,#1076);
#1075 = CARTESIAN_POINT('',(0.,0.));
#1076 = VECTOR('',#1077,1.);
#1077 = DIRECTION('',(1.,0.));
#1078 = ( GEOMETRIC_REPRESENTATION_CONTEXT(2) 
PARAMETRIC_REPRESENTATION_CONTEXT() REPRESENTATION_CONTEXT('2D SPACE',''
  ) );
#1079 = ORIENTED_EDGE('',*,*,#1080,.T.);
#1080 = EDGE_CURVE('',#1052,#1081,#1083,.T.);
#1081 = VERTEX_POINT('',#1082);
#1082 = CARTESIAN_POINT('',(-8.755973706325,-12.17920048501,0.));
#1083 = SURFACE_CURVE('',#1084,(#1089,#1096),.PCURVE_S1.);
#1084 = CIRCLE('',#1085,15.);
#1085 = AXIS2_PLACEMENT_3D('',#1086,#1087,#1088);
#1086 = CARTESIAN_POINT('',(0.,0.,0.));
#1087 = DIRECTION('',(0.,0.,1.));
#1088 = DIRECTION('',(1.,0.,-0.));
#1089 = PCURVE('',#124,#1090);
#1090 = DEFINITIONAL_REPRESENTATION('',(#1091),#1095);
#1091 = CIRCLE('',#1092,15.);
#1092 = AXIS2_PLACEMENT_2D('',#1093,#1094);
#1093 = CARTESIAN_POINT('',(0.,0.));
#1094 = DIRECTION('',(1.,0.));
#1095 = ( GEOMETRIC_REPRESENTATION_CONTEXT(2) 
PARAMETRIC_REPRESENTATION_CONTEXT() REPRESENTATION_CONTEXT('2D SPACE',''
  ) );
#1096 = PCURVE('',#1097,#1102);
#1097 = CYLINDRICAL_SURFACE('',#1098,15.);
#1098 = AXIS2_PLACEMENT_3D('',#1099,#1100,#1101);
#1099 = CARTESIAN_POINT('',(0.,0.,0.));
#1100 = DIRECTION('',(0.,0.,1.));
#1101 = DIRECTION('',(1.,0.,-0.));
#1102 = DEFINITIONAL_REPRESENTATION('',(#1103),#1107);
#1103 = LINE('',#1104,#1105);
#1104 = CARTESIAN_POINT('',(0.,0.));
#1105 = VECTOR('',#1106,1.);
#1106 = DIRECTION('',(1.,0.));
#1107 = ( GEOMETRIC_REPRESENTATION_CONTEXT(2) 
PARAMETRIC_REPRESENTATION_CONTEXT() REPRESENTATION_CONTEXT('2D SPACE',''
  ) );
#1108 = ORIENTED_EDGE('',*,*,#1109,.F.);
#1109 = EDGE_CURVE('',#1110,#1081,#1112,.T.);
#1110 = VERTEX_POINT('',#1111);
#1111 = CARTESIAN_POINT('',(-6.169510164643,-13.67249590705,0.));
#1112 = SURFACE_CURVE('',#1113,(#1118,#1125),.PCURVE_S1.);
#1113 = CIRCLE('',#1114,1.6);
#1114 = AXIS2_PLACEMENT_3D('',#1115,#1116,#1117);
#1115 = CARTESIAN_POINT('',(-7.75,-13.42339375865,0.));
#1116 = DIRECTION('',(0.,0.,1.));
#1117 = DIRECTION('',(-0.5,-0.866025403784,0.));
#1118 = PCURVE('',#124,#1119);
#1119 = DEFINITIONAL_REPRESENTATION('',(#1120),#1124);
#1120 = CIRCLE('',#1121,1.6);
#1121 = AXIS2_PLACEMENT_2D('',#1122,#1123);
#1122 = CARTESIAN_POINT('',(-7.75,-13.42339375865));
#1123 = DIRECTION('',(-0.5,-0.866025403784));
#1124 = ( GEOMETRIC_REPRESENTATION_CONTEXT(2) 
PARAMETRIC_REPRESENTATION_CONTEXT() REPRESENTATION_CONTEXT('2D SPACE',''
  ) );
#1125 = PCURVE('',#1126,#1131);
#1126 = CYLINDRICAL_SURFACE('',#1127,1.6);
#1127 = AXIS2_PLACEMENT_3D('',#1128,#1129,#1130);
#1128 = CARTESIAN_POINT('',(-7.75,-13.42339375865,0.));
#1129 = DIRECTION('',(0.,0.,1.));
#1130 = DIRECTION('',(-0.5,-0.866025403784,0.));
#1131 = DEFINITIONAL_REPRESENTATION('',(#1132),#1136);
#1132 = LINE('',#1133,#1134);
#1133 = CARTESIAN_POINT('',(0.,0.));
#1134 = VECTOR('',#1135,1.);
#1135 = DIRECTION('',(1.,0.));
#1136 = ( GEOMETRIC_REPRESENTATION_CONTEXT(2) 
PARAMETRIC_REPRESENTATION_CONTEXT() REPRESENTATION_CONTEXT('2D SPACE',''
  ) );
#1137 = ORIENTED_EDGE('',*,*,#1138,.T.);
#1138 = EDGE_CURVE('',#1110,#1139,#1141,.T.);
#1139 = VERTEX_POINT('',#1140);
#1140 = CARTESIAN_POINT('',(-4.062391984152,-14.43942420483,0.));
#1141 = SURFACE_CURVE('',#1142,(#1147,#1154),.PCURVE_S1.);
#1142 = CIRCLE('',#1143,15.);
#1143 = AXIS2_PLACEMENT_3D('',#1144,#1145,#1146);
#1144 = CARTESIAN_POINT('',(0.,0.,0.));
#1145 = DIRECTION('',(0.,0.,1.));
#1146 = DIRECTION('',(1.,0.,-0.));
#1147 = PCURVE('',#124,#1148);
#1148 = DEFINITIONAL_REPRESENTATION('',(#1149),#1153);
#1149 = CIRCLE('',#1150,15.);
#1150 = AXIS2_PLACEMENT_2D('',#1151,#1152);
#1151 = CARTESIAN_POINT('',(0.,0.));
#1152 = DIRECTION('',(1.,0.));
#1153 = ( GEOMETRIC_REPRESENTATION_CONTEXT(2) 
PARAMETRIC_REPRESENTATION_CONTEXT() REPRESENTATION_CONTEXT('2D SPACE',''
  ) );
#1154 = PCURVE('',#1155,#1160);
#1155 = CYLINDRICAL_SURFACE('',#1156,15.);
#1156 = AXIS2_PLACEMENT_3D('',#1157,#1158,#1159);
#1157 = CARTESIAN_POINT('',(0.,0.,0.));
#1158 = DIRECTION('',(0.,0.,1.));
#1159 = DIRECTION('',(1.,0.,-0.));
#1160 = DEFINITIONAL_REPRESENTATION('',(#1161),#1165);
#1161 = LINE('',#1162,#1163);
#1162 = CARTESIAN_POINT('',(0.,0.));
#1163 = VECTOR('',#1164,1.);
#1164 = DIRECTION('',(1.,0.));
#1165 = ( GEOMETRIC_REPRESENTATION_CONTEXT(2) 
PARAMETRIC_REPRESENTATION_CONTEXT() REPRESENTATION_CONTEXT('2D SPACE',''
  ) );
#1166 = ORIENTED_EDGE('',*,*,#1167,.F.);
#1167 = EDGE_CURVE('',#1168,#1139,#1170,.T.);
#1168 = VERTEX_POINT('',#1169);
#1169 = CARTESIAN_POINT('',(-1.121174165829,-14.95804026234,0.));
#1170 = SURFACE_CURVE('',#1171,(#1176,#1183),.PCURVE_S1.);
#1171 = CIRCLE('',#1172,1.6);
#1172 = AXIS2_PLACEMENT_3D('',#1173,#1174,#1175);
#1173 = CARTESIAN_POINT('',(-2.691546753837,-15.26452017168,0.));
#1174 = DIRECTION('',(0.,0.,1.));
#1175 = DIRECTION('',(-0.173648177667,-0.984807753012,0.));
#1176 = PCURVE('',#124,#1177);
#1177 = DEFINITIONAL_REPRESENTATION('',(#1178),#1182);
#1178 = CIRCLE('',#1179,1.6);
#1179 = AXIS2_PLACEMENT_2D('',#1180,#1181);
#1180 = CARTESIAN_POINT('',(-2.691546753837,-15.26452017168));
#1181 = DIRECTION('',(-0.173648177667,-0.984807753012));
#1182 = ( GEOMETRIC_REPRESENTATION_CONTEXT(2) 
PARAMETRIC_REPRESENTATION_CONTEXT() REPRESENTATION_CONTEXT('2D SPACE',''
  ) );
#1183 = PCURVE('',#1184,#1189);
#1184 = CYLINDRICAL_SURFACE('',#1185,1.6);
#1185 = AXIS2_PLACEMENT_3D('',#1186,#1187,#1188);
#1186 = CARTESIAN_POINT('',(-2.691546753837,-15.26452017168,0.));
#1187 = DIRECTION('',(0.,0.,1.));
#1188 = DIRECTION('',(-0.173648177667,-0.984807753012,0.));
#1189 = DEFINITIONAL_REPRESENTATION('',(#1190),#1194);
#1190 = LINE('',#1191,#1192);
#1191 = CARTESIAN_POINT('',(0.,0.));
#1192 = VECTOR('',#1193,1.);
#1193 = DIRECTION('',(1.,0.));
#1194 = ( GEOMETRIC_REPRESENTATION_CONTEXT(2) 
PARAMETRIC_REPRESENTATION_CONTEXT() REPRESENTATION_CONTEXT('2D SPACE',''
  ) );
#1195 = ORIENTED_EDGE('',*,*,#1196,.T.);
#1196 = EDGE_CURVE('',#1168,#1197,#1199,.T.);
#1197 = VERTEX_POINT('',#1198);
#1198 = CARTESIAN_POINT('',(1.121174165829,-14.95804026234,0.));
#1199 = SURFACE_CURVE('',#1200,(#1205,#1212),.PCURVE_S1.);
#1200 = CIRCLE('',#1201,15.);
#1201 = AXIS2_PLACEMENT_3D('',#1202,#1203,#1204);
#1202 = CARTESIAN_POINT('',(0.,0.,0.));
#1203 = DIRECTION('',(0.,0.,1.));
#1204 = DIRECTION('',(1.,0.,-0.));
#1205 = PCURVE('',#124,#1206);
#1206 = DEFINITIONAL_REPRESENTATION('',(#1207),#1211);
#1207 = CIRCLE('',#1208,15.);
#1208 = AXIS2_PLACEMENT_2D('',#1209,#1210);
#1209 = CARTESIAN_POINT('',(0.,0.));
#1210 = DIRECTION('',(1.,0.));
#1211 = ( GEOMETRIC_REPRESENTATION_CONTEXT(2) 
PARAMETRIC_REPRESENTATION_CONTEXT() REPRESENTATION_CONTEXT('2D SPACE',''
  ) );
#1212 = PCURVE('',#1213,#1218);
#1213 = CYLINDRICAL_SURFACE('',#1214,15.);
#1214 = AXIS2_PLACEMENT_3D('',#1215,#1216,#1217);
#1215 = CARTESIAN_POINT('',(0.,0.,0.));
#1216 = DIRECTION('',(0.,0.,1.));
#1217 = DIRECTION('',(1.,0.,-0.));
#1218 = DEFINITIONAL_REPRESENTATION('',(#1219),#1223);
#1219 = LINE('',#1220,#1221);
#1220 = CARTESIAN_POINT('',(0.,0.));
#1221 = VECTOR('',#1222,1.);
#1222 = DIRECTION('',(1.,0.));
#1223 = ( GEOMETRIC_REPRESENTATION_CONTEXT(2) 
PARAMETRIC_REPRESENTATION_CONTEXT() REPRESENTATION_CONTEXT('2D SPACE',''
  ) );
#1224 = ORIENTED_EDGE('',*,*,#1225,.F.);
#1225 = EDGE_CURVE('',#1226,#1197,#1228,.T.);
#1226 = VERTEX_POINT('',#1227);
#1227 = CARTESIAN_POINT('',(4.062391984152,-14.43942420483,0.));
#1228 = SURFACE_CURVE('',#1229,(#1234,#1241),.PCURVE_S1.);
#1229 = CIRCLE('',#1230,1.6);
#1230 = AXIS2_PLACEMENT_3D('',#1231,#1232,#1233);
#1231 = CARTESIAN_POINT('',(2.691546753837,-15.26452017168,0.));
#1232 = DIRECTION('',(-0.,0.,1.));
#1233 = DIRECTION('',(0.173648177667,-0.984807753012,0.));
#1234 = PCURVE('',#124,#1235);
#1235 = DEFINITIONAL_REPRESENTATION('',(#1236),#1240);
#1236 = CIRCLE('',#1237,1.6);
#1237 = AXIS2_PLACEMENT_2D('',#1238,#1239);
#1238 = CARTESIAN_POINT('',(2.691546753837,-15.26452017168));
#1239 = DIRECTION('',(0.173648177667,-0.984807753012));
#1240 = ( GEOMETRIC_REPRESENTATION_CONTEXT(2) 
PARAMETRIC_REPRESENTATION_CONTEXT() REPRESENTATION_CONTEXT('2D SPACE',''
  ) );
#1241 = PCURVE('',#1242,#1247);
#1242 = CYLINDRICAL_SURFACE('',#1243,1.6);
#1243 = AXIS2_PLACEMENT_3D('',#1244,#1245,#1246);
#1244 = CARTESIAN_POINT('',(2.691546753837,-15.26452017168,0.));
#1245 = DIRECTION('',(0.,0.,1.));
#1246 = DIRECTION('',(0.173648177667,-0.984807753012,0.));
#1247 = DEFINITIONAL_REPRESENTATION('',(#1248),#1252);
#1248 = LINE('',#1249,#1250);
#1249 = CARTESIAN_POINT('',(0.,0.));
#1250 = VECTOR('',#1251,1.);
#1251 = DIRECTION('',(1.,0.));
#1252 = ( GEOMETRIC_REPRESENTATION_CONTEXT(2) 
PARAMETRIC_REPRESENTATION_CONTEXT() REPRESENTATION_CONTEXT('2D SPACE',''
  ) );
#1253 = ORIENTED_EDGE('',*,*,#1254,.T.);
#1254 = EDGE_CURVE('',#1226,#1255,#1257,.T.);
#1255 = VERTEX_POINT('',#1256);
#1256 = CARTESIAN_POINT('',(6.169510164643,-13.67249590705,0.));
#1257 = SURFACE_CURVE('',#1258,(#1263,#1270),.PCURVE_S1.);
#1258 = CIRCLE('',#1259,15.);
#1259 = AXIS2_PLACEMENT_3D('',#1260,#1261,#1262);
#1260 = CARTESIAN_POINT('',(0.,0.,0.));
#1261 = DIRECTION('',(0.,0.,1.));
#1262 = DIRECTION('',(1.,0.,-0.));
#1263 = PCURVE('',#124,#1264);
#1264 = DEFINITIONAL_REPRESENTATION('',(#1265),#1269);
#1265 = CIRCLE('',#1266,15.);
#1266 = AXIS2_PLACEMENT_2D('',#1267,#1268);
#1267 = CARTESIAN_POINT('',(0.,0.));
#1268 = DIRECTION('',(1.,0.));
#1269 = ( GEOMETRIC_REPRESENTATION_CONTEXT(2) 
PARAMETRIC_REPRESENTATION_CONTEXT() REPRESENTATION_CONTEXT('2D SPACE',''
  ) );
#1270 = PCURVE('',#1271,#1276);
#1271 = CYLINDRICAL_SURFACE('',#1272,15.);
#1272 = AXIS2_PLACEMENT_3D('',#1273,#1274,#1275);
#1273 = CARTESIAN_POINT('',(0.,0.,0.));
#1274 = DIRECTION('',(0.,0.,1.));
#1275 = DIRECTION('',(1.,0.,-0.));
#1276 = DEFINITIONAL_REPRESENTATION('',(#1277),#1281);
#1277 = LINE('',#1278,#1279);
#1278 = CARTESIAN_POINT('',(0.,0.));
#1279 = VECTOR('',#1280,1.);
#1280 = DIRECTION('',(1.,0.));
#1281 = ( GEOMETRIC_REPRESENTATION_CONTEXT(2) 
PARAMETRIC_REPRESENTATION_CONTEXT() REPRESENTATION_CONTEXT('2D SPACE',''
  ) );
#1282 = ORIENTED_EDGE('',*,*,#1283,.F.);
#1283 = EDGE_CURVE('',#1284,#1255,#1286,.T.);
#1284 = VERTEX_POINT('',#1285);
#1285 = CARTESIAN_POINT('',(8.755973706325,-12.17920048501,0.));
#1286 = SURFACE_CURVE('',#1287,(#1292,#1299),.PCURVE_S1.);
#1287 = CIRCLE('',#1288,1.6);
#1288 = AXIS2_PLACEMENT_3D('',#1289,#1290,#1291);
#1289 = CARTESIAN_POINT('',(7.75,-13.42339375865,0.));
#1290 = DIRECTION('',(-0.,0.,1.));
#1291 = DIRECTION('',(0.5,-0.866025403784,0.));
#1292 = PCURVE('',#124,#1293);
#1293 = DEFINITIONAL_REPRESENTATION('',(#1294),#1298);
#1294 = CIRCLE('',#1295,1.6);
#1295 = AXIS2_PLACEMENT_2D('',#1296,#1297);
#1296 = CARTESIAN_POINT('',(7.75,-13.42339375865));
#1297 = DIRECTION('',(0.5,-0.866025403784));
#1298 = ( GEOMETRIC_REPRESENTATION_CONTEXT(2) 
PARAMETRIC_REPRESENTATION_CONTEXT() REPRESENTATION_CONTEXT('2D SPACE',''
  ) );
#1299 = PCURVE('',#1300,#1305);
#1300 = CYLINDRICAL_SURFACE('',#1301,1.6);
#1301 = AXIS2_PLACEMENT_3D('',#1302,#1303,#1304);
#1302 = CARTESIAN_POINT('',(7.75,-13.42339375865,0.));
#1303 = DIRECTION('',(0.,0.,1.));
#1304 = DIRECTION('',(0.5,-0.866025403784,0.));
#1305 = DEFINITIONAL_REPRESENTATION('',(#1306),#1310);
#1306 = LINE('',#1307,#1308);
#1307 = CARTESIAN_POINT('',(0.,0.));
#1308 = VECTOR('',#1309,1.);
#1309 = DIRECTION('',(1.,0.));
#1310 = ( GEOMETRIC_REPRESENTATION_CONTEXT(2) 
PARAMETRIC_REPRESENTATION_CONTEXT() REPRESENTATION_CONTEXT('2D SPACE',''
  ) );
#1311 = ORIENTED_EDGE('',*,*,#1312,.T.);
#1312 = EDGE_CURVE('',#1284,#1313,#1315,.T.);
#1313 = VERTEX_POINT('',#1314);
#1314 = CARTESIAN_POINT('',(10.473712185329,-10.73784676082,0.));
#1315 = SURFACE_CURVE('',#1316,(#1321,#1328),.PCURVE_S1.);
#1316 = CIRCLE('',#1317,15.);
#1317 = AXIS2_PLACEMENT_3D('',#1318,#1319,#1320);
#1318 = CARTESIAN_POINT('',(0.,0.,0.));
#1319 = DIRECTION('',(0.,0.,1.));
#1320 = DIRECTION('',(1.,0.,-0.));
#1321 = PCURVE('',#124,#1322);
#1322 = DEFINITIONAL_REPRESENTATION('',(#1323),#1327);
#1323 = CIRCLE('',#1324,15.);
#1324 = AXIS2_PLACEMENT_2D('',#1325,#1326);
#1325 = CARTESIAN_POINT('',(0.,0.));
#1326 = DIRECTION('',(1.,0.));
#1327 = ( GEOMETRIC_REPRESENTATION_CONTEXT(2) 
PARAMETRIC_REPRESENTATION_CONTEXT() REPRESENTATION_CONTEXT('2D SPACE',''
  ) );
#1328 = PCURVE('',#1329,#1334);
#1329 = CYLINDRICAL_SURFACE('',#1330,15.);
#1330 = AXIS2_PLACEMENT_3D('',#1331,#1332,#1333);
#1331 = CARTESIAN_POINT('',(0.,0.,0.));
#1332 = DIRECTION('',(0.,0.,1.));
#1333 = DIRECTION('',(1.,0.,-0.));
#1334 = DEFINITIONAL_REPRESENTATION('',(#1335),#1339);
#1335 = LINE('',#1336,#1337);
#1336 = CARTESIAN_POINT('',(0.,0.));
#1337 = VECTOR('',#1338,1.);
#1338 = DIRECTION('',(1.,0.));
#1339 = ( GEOMETRIC_REPRESENTATION_CONTEXT(2) 
PARAMETRIC_REPRESENTATION_CONTEXT() REPRESENTATION_CONTEXT('2D SPACE',''
  ) );
#1340 = ORIENTED_EDGE('',*,*,#1341,.F.);
#1341 = EDGE_CURVE('',#1342,#1313,#1344,.T.);
#1342 = VERTEX_POINT('',#1343);
#1343 = CARTESIAN_POINT('',(12.393455775105,-8.449985440847,0.));
#1344 = SURFACE_CURVE('',#1345,(#1350,#1357),.PCURVE_S1.);
#1345 = CIRCLE('',#1346,1.6);
#1346 = AXIS2_PLACEMENT_3D('',#1347,#1348,#1349);
#1347 = CARTESIAN_POINT('',(11.873688868344,-9.963207950141,0.));
#1348 = DIRECTION('',(-0.,0.,1.));
#1349 = DIRECTION('',(0.766044443119,-0.642787609687,0.));
#1350 = PCURVE('',#124,#1351);
#1351 = DEFINITIONAL_REPRESENTATION('',(#1352),#1356);
#1352 = CIRCLE('',#1353,1.6);
#1353 = AXIS2_PLACEMENT_2D('',#1354,#1355);
#1354 = CARTESIAN_POINT('',(11.873688868344,-9.963207950141));
#1355 = DIRECTION('',(0.766044443119,-0.642787609687));
#1356 = ( GEOMETRIC_REPRESENTATION_CONTEXT(2) 
PARAMETRIC_REPRESENTATION_CONTEXT() REPRESENTATION_CONTEXT('2D SPACE',''
  ) );
#1357 = PCURVE('',#1358,#1363);
#1358 = CYLINDRICAL_SURFACE('',#1359,1.6);
#1359 = AXIS2_PLACEMENT_3D('',#1360,#1361,#1362);
#1360 = CARTESIAN_POINT('',(11.873688868344,-9.963207950141,0.));
#1361 = DIRECTION('',(0.,0.,1.));
#1362 = DIRECTION('',(0.766044443119,-0.642787609687,0.));
#1363 = DEFINITIONAL_REPRESENTATION('',(#1364),#1368);
#1364 = LINE('',#1365,#1366);
#1365 = CARTESIAN_POINT('',(0.,0.));
#1366 = VECTOR('',#1367,1.);
#1367 = DIRECTION('',(1.,0.));
#1368 = ( GEOMETRIC_REPRESENTATION_CONTEXT(2) 
PARAMETRIC_REPRESENTATION_CONTEXT() REPRESENTATION_CONTEXT('2D SPACE',''
  ) );
#1369 = ORIENTED_EDGE('',*,*,#1370,.T.);
#1370 = EDGE_CURVE('',#1342,#1371,#1373,.T.);
#1371 = VERTEX_POINT('',#1372);
#1372 = CARTESIAN_POINT('',(13.514629940934,-6.508054821497,0.));
#1373 = SURFACE_CURVE('',#1374,(#1379,#1386),.PCURVE_S1.);
#1374 = CIRCLE('',#1375,15.);
#1375 = AXIS2_PLACEMENT_3D('',#1376,#1377,#1378);
#1376 = CARTESIAN_POINT('',(0.,0.,0.));
#1377 = DIRECTION('',(0.,0.,1.));
#1378 = DIRECTION('',(1.,0.,-0.));
#1379 = PCURVE('',#124,#1380);
#1380 = DEFINITIONAL_REPRESENTATION('',(#1381),#1385);
#1381 = CIRCLE('',#1382,15.);
#1382 = AXIS2_PLACEMENT_2D('',#1383,#1384);
#1383 = CARTESIAN_POINT('',(0.,0.));
#1384 = DIRECTION('',(1.,0.));
#1385 = ( GEOMETRIC_REPRESENTATION_CONTEXT(2) 
PARAMETRIC_REPRESENTATION_CONTEXT() REPRESENTATION_CONTEXT('2D SPACE',''
  ) );
#1386 = PCURVE('',#1387,#1392);
#1387 = CYLINDRICAL_SURFACE('',#1388,15.);
#1388 = AXIS2_PLACEMENT_3D('',#1389,#1390,#1391);
#1389 = CARTESIAN_POINT('',(0.,0.,0.));
#1390 = DIRECTION('',(0.,0.,1.));
#1391 = DIRECTION('',(1.,0.,-0.));
#1392 = DEFINITIONAL_REPRESENTATION('',(#1393),#1397);
#1393 = LINE('',#1394,#1395);
#1394 = CARTESIAN_POINT('',(0.,0.));
#1395 = VECTOR('',#1396,1.);
#1396 = DIRECTION('',(1.,0.));
#1397 = ( GEOMETRIC_REPRESENTATION_CONTEXT(2) 
PARAMETRIC_REPRESENTATION_CONTEXT() REPRESENTATION_CONTEXT('2D SPACE',''
  ) );
#1398 = ORIENTED_EDGE('',*,*,#1399,.F.);
#1399 = EDGE_CURVE('',#84,#1371,#1400,.T.);
#1400 = SURFACE_CURVE('',#1401,(#1406,#1413),.PCURVE_S1.);
#1401 = CIRCLE('',#1402,1.6);
#1402 = AXIS2_PLACEMENT_3D('',#1403,#1404,#1405);
#1403 = CARTESIAN_POINT('',(14.565235622182,-5.301312221548,0.));
#1404 = DIRECTION('',(-0.,0.,1.));
#1405 = DIRECTION('',(0.939692620786,-0.342020143326,0.));
#1406 = PCURVE('',#124,#1407);
#1407 = DEFINITIONAL_REPRESENTATION('',(#1408),#1412);
#1408 = CIRCLE('',#1409,1.6);
#1409 = AXIS2_PLACEMENT_2D('',#1410,#1411);
#1410 = CARTESIAN_POINT('',(14.565235622182,-5.301312221548));
#1411 = DIRECTION('',(0.939692620786,-0.342020143326));
#1412 = ( GEOMETRIC_REPRESENTATION_CONTEXT(2) 
PARAMETRIC_REPRESENTATION_CONTEXT() REPRESENTATION_CONTEXT('2D SPACE',''
  ) );
#1413 = PCURVE('',#98,#1414);
#1414 = DEFINITIONAL_REPRESENTATION('',(#1415),#1419);
#1415 = LINE('',#1416,#1417);
#1416 = CARTESIAN_POINT('',(0.,0.));
#1417 = VECTOR('',#1418,1.);
#1418 = DIRECTION('',(1.,0.));
#1419 = ( GEOMETRIC_REPRESENTATION_CONTEXT(2) 
PARAMETRIC_REPRESENTATION_CONTEXT() REPRESENTATION_CONTEXT('2D SPACE',''
  ) );
#1420 = ORIENTED_EDGE('',*,*,#109,.T.);
#1421 = FACE_BOUND('',#1422,.F.);
#1422 = EDGE_LOOP('',(#1423));
#1423 = ORIENTED_EDGE('',*,*,#1424,.F.);
#1424 = EDGE_CURVE('',#1425,#1425,#1427,.T.);
#1425 = VERTEX_POINT('',#1426);
#1426 = CARTESIAN_POINT('',(3.1,-7.592810154714E-16,0.));
#1427 = SURFACE_CURVE('',#1428,(#1433,#1440),.PCURVE_S1.);
#1428 = CIRCLE('',#1429,3.1);
#1429 = AXIS2_PLACEMENT_3D('',#1430,#1431,#1432);
#1430 = CARTESIAN_POINT('',(0.,0.,0.));
#1431 = DIRECTION('',(0.,0.,1.));
#1432 = DIRECTION('',(1.,0.,-0.));
#1433 = PCURVE('',#124,#1434);
#1434 = DEFINITIONAL_REPRESENTATION('',(#1435),#1439);
#1435 = CIRCLE('',#1436,3.1);
#1436 = AXIS2_PLACEMENT_2D('',#1437,#1438);
#1437 = CARTESIAN_POINT('',(0.,0.));
#1438 = DIRECTION('',(1.,0.));
#1439 = ( GEOMETRIC_REPRESENTATION_CONTEXT(2) 
PARAMETRIC_REPRESENTATION_CONTEXT() REPRESENTATION_CONTEXT('2D SPACE',''
  ) );
#1440 = PCURVE('',#1441,#1446);
#1441 = CYLINDRICAL_SURFACE('',#1442,3.1);
#1442 = AXIS2_PLACEMENT_3D('',#1443,#1444,#1445);
#1443 = CARTESIAN_POINT('',(0.,0.,0.));
#1444 = DIRECTION('',(0.,0.,1.));
#1445 = DIRECTION('',(1.,0.,-0.));
#1446 = DEFINITIONAL_REPRESENTATION('',(#1447),#1451);
#1447 = LINE('',#1448,#1449);
#1448 = CARTESIAN_POINT('',(0.,0.));
#1449 = VECTOR('',#1450,1.);
#1450 = DIRECTION('',(1.,0.));
#1451 = ( GEOMETRIC_REPRESENTATION_CONTEXT(2) 
PARAMETRIC_REPRESENTATION_CONTEXT() REPRESENTATION_CONTEXT('2D SPACE',''
  ) );
#1452 = ADVANCED_FACE('',(#1453),#98,.F.);
#1453 = FACE_BOUND('',#1454,.F.);
#1454 = EDGE_LOOP('',(#1455,#1476,#1498,#1499));
#1455 = ORIENTED_EDGE('',*,*,#1456,.T.);
#1456 = EDGE_CURVE('',#1371,#1457,#1459,.T.);
#1457 = VERTEX_POINT('',#1458);
#1458 = CARTESIAN_POINT('',(13.514629940934,-6.508054821497,15.));
#1459 = SURFACE_CURVE('',#1460,(#1464,#1470),.PCURVE_S1.);
#1460 = LINE('',#1461,#1462);
#1461 = CARTESIAN_POINT('',(13.514629940934,-6.508054821497,0.));
#1462 = VECTOR('',#1463,1.);
#1463 = DIRECTION('',(0.,0.,1.));
#1464 = PCURVE('',#98,#1465);
#1465 = DEFINITIONAL_REPRESENTATION('',(#1466),#1469);
#1466 = B_SPLINE_CURVE_WITH_KNOTS('',1,(#1467,#1468),.UNSPECIFIED.,.F.,
  .F.,(2,2),(-6.E-07,16.0000006),.PIECEWISE_BEZIER_KNOTS.);
#1467 = CARTESIAN_POINT('',(4.34511496595,-6.E-07));
#1468 = CARTESIAN_POINT('',(4.34511496595,16.0000006));
#1469 = ( GEOMETRIC_REPRESENTATION_CONTEXT(2) 
PARAMETRIC_REPRESENTATION_CONTEXT() REPRESENTATION_CONTEXT('2D SPACE',''
  ) );
#1470 = PCURVE('',#1387,#1471);
#1471 = DEFINITIONAL_REPRESENTATION('',(#1472),#1475);
#1472 = B_SPLINE_CURVE_WITH_KNOTS('',1,(#1473,#1474),.UNSPECIFIED.,.F.,
  .F.,(2,2),(-6.E-07,16.0000006),.PIECEWISE_BEZIER_KNOTS.);
#1473 = CARTESIAN_POINT('',(5.83440124912,-6.E-07));
#1474 = CARTESIAN_POINT('',(5.83440124912,16.0000006));
#1475 = ( GEOMETRIC_REPRESENTATION_CONTEXT(2) 
PARAMETRIC_REPRESENTATION_CONTEXT() REPRESENTATION_CONTEXT('2D SPACE',''
  ) );
#1476 = ORIENTED_EDGE('',*,*,#1477,.F.);
#1477 = EDGE_CURVE('',#55,#1457,#1478,.T.);
#1478 = SURFACE_CURVE('',#1479,(#1484,#1491),.PCURVE_S1.);
#1479 = CIRCLE('',#1480,1.6);
#1480 = AXIS2_PLACEMENT_3D('',#1481,#1482,#1483);
#1481 = CARTESIAN_POINT('',(14.565235622182,-5.301312221548,15.));
#1482 = DIRECTION('',(0.,0.,1.));
#1483 = DIRECTION('',(-1.820715793792E-02,0.999834235961,0.));
#1484 = PCURVE('',#98,#1485);
#1485 = DEFINITIONAL_REPRESENTATION('',(#1486),#1490);
#1486 = LINE('',#1487,#1488);
#1487 = CARTESIAN_POINT('',(1.938070341229,15.));
#1488 = VECTOR('',#1489,1.);
#1489 = DIRECTION('',(1.,0.));
#1490 = ( GEOMETRIC_REPRESENTATION_CONTEXT(2) 
PARAMETRIC_REPRESENTATION_CONTEXT() REPRESENTATION_CONTEXT('2D SPACE',''
  ) );
#1491 = PCURVE('',#274,#1492);
#1492 = DEFINITIONAL_REPRESENTATION('',(#1493),#1497);
#1493 = LINE('',#1494,#1495);
#1494 = CARTESIAN_POINT('',(-0.,3.14159265359));
#1495 = VECTOR('',#1496,1.);
#1496 = DIRECTION('',(-1.,0.));
#1497 = ( GEOMETRIC_REPRESENTATION_CONTEXT(2) 
PARAMETRIC_REPRESENTATION_CONTEXT() REPRESENTATION_CONTEXT('2D SPACE',''
  ) );
#1498 = ORIENTED_EDGE('',*,*,#83,.F.);
#1499 = ORIENTED_EDGE('',*,*,#1399,.T.);
#1500 = ADVANCED_FACE('',(#1501),#157,.T.);
#1501 = FACE_BOUND('',#1502,.F.);
#1502 = EDGE_LOOP('',(#1503,#1504,#1528,#1631));
#1503 = ORIENTED_EDGE('',*,*,#321,.T.);
#1504 = ORIENTED_EDGE('',*,*,#1505,.F.);
#1505 = EDGE_CURVE('',#1506,#322,#1508,.T.);
#1506 = VERTEX_POINT('',#1507);
#1507 = CARTESIAN_POINT('',(13.854516129032,2.013053111665,16.));
#1508 = SURFACE_CURVE('',#1509,(#1514,#1521),.PCURVE_S1.);
#1509 = CIRCLE('',#1510,2.6);
#1510 = AXIS2_PLACEMENT_3D('',#1511,#1512,#1513);
#1511 = CARTESIAN_POINT('',(15.5,0.,16.));
#1512 = DIRECTION('',(0.,0.,1.));
#1513 = DIRECTION('',(-0.359072580645,0.933309638774,0.));
#1514 = PCURVE('',#157,#1515);
#1515 = DEFINITIONAL_REPRESENTATION('',(#1516),#1520);
#1516 = LINE('',#1517,#1518);
#1517 = CARTESIAN_POINT('',(-0.,4.712388980385));
#1518 = VECTOR('',#1519,1.);
#1519 = DIRECTION('',(-1.,0.));
#1520 = ( GEOMETRIC_REPRESENTATION_CONTEXT(2) 
PARAMETRIC_REPRESENTATION_CONTEXT() REPRESENTATION_CONTEXT('2D SPACE',''
  ) );
#1521 = PCURVE('',#431,#1522);
#1522 = DEFINITIONAL_REPRESENTATION('',(#1523),#1527);
#1523 = CIRCLE('',#1524,2.6);
#1524 = AXIS2_PLACEMENT_2D('',#1525,#1526);
#1525 = CARTESIAN_POINT('',(15.5,0.));
#1526 = DIRECTION('',(-0.359072580645,0.933309638774));
#1527 = ( GEOMETRIC_REPRESENTATION_CONTEXT(2) 
PARAMETRIC_REPRESENTATION_CONTEXT() REPRESENTATION_CONTEXT('2D SPACE',''
  ) );
#1528 = ORIENTED_EDGE('',*,*,#1529,.F.);
#1529 = EDGE_CURVE('',#141,#1506,#1530,.T.);
#1530 = SURFACE_CURVE('',#1531,(#1554,#1600),.PCURVE_S1.);
#1531 = B_SPLINE_CURVE_WITH_KNOTS('',6,(#1532,#1533,#1534,#1535,#1536,
    #1537,#1538,#1539,#1540,#1541,#1542,#1543,#1544,#1545,#1546,#1547,
    #1548,#1549,#1550,#1551,#1552,#1553),.UNSPECIFIED.,.F.,.F.,(7,5,5,5,
    7),(0.,0.306468560706,0.556374473601,0.811819523164,1.),
  .UNSPECIFIED.);
#1532 = CARTESIAN_POINT('',(14.925483870968,1.493295422039,15.));
#1533 = CARTESIAN_POINT('',(14.925483870968,1.493295422039,
    15.083474765038));
#1534 = CARTESIAN_POINT('',(14.916528758834,1.498808586695,
    15.166971879505));
#1535 = CARTESIAN_POINT('',(14.898610007301,1.509845189706,
    15.24907968944));
#1536 = CARTESIAN_POINT('',(14.872164652366,1.525914237831,
    15.328571288274));
#1537 = CARTESIAN_POINT('',(14.837837822443,1.546256570305,
    15.404464707143));
#1538 = CARTESIAN_POINT('',(14.762581782195,1.58953417759,
    15.534298806496));
#1539 = CARTESIAN_POINT('',(14.724029248224,1.61130396443,
    15.589725160335));
#1540 = CARTESIAN_POINT('',(14.681107082468,1.634996930491,
    15.641875514082));
#1541 = CARTESIAN_POINT('',(14.634218649745,1.66020180565,
    15.690446481617));
#1542 = CARTESIAN_POINT('',(14.583764533948,1.686555745875,
    15.735191716478));
#1543 = CARTESIAN_POINT('',(14.475315218948,1.741535229361,
    15.817523222389));
#1544 = CARTESIAN_POINT('',(14.417182625158,1.770195852401,
    15.854925037546));
#1545 = CARTESIAN_POINT('',(14.356155842803,1.799388049245,
    15.887892095142));
#1546 = CARTESIAN_POINT('',(14.292664195547,1.828819452756,
    15.916234282574));
#1547 = CARTESIAN_POINT('',(14.227148447866,1.858239228208,
    15.939792222795));
#1548 = CARTESIAN_POINT('',(14.110641508206,1.90894107962,
    15.972174815863));
#1549 = CARTESIAN_POINT('',(14.060369692978,1.930325461482,
    15.983245260264));
#1550 = CARTESIAN_POINT('',(14.009429508592,1.951501070045,
    15.991598849122));
#1551 = CARTESIAN_POINT('',(13.958009724658,1.972391561263,
    15.997193897557));
#1552 = CARTESIAN_POINT('',(13.906305081294,1.992929092328,
    16.000000001496));
#1553 = CARTESIAN_POINT('',(13.854516129223,2.013053111821,16.));
#1554 = PCURVE('',#157,#1555);
#1555 = DEFINITIONAL_REPRESENTATION('',(#1556),#1599);
#1556 = B_SPLINE_CURVE_WITH_KNOTS('',9,(#1557,#1558,#1559,#1560,#1561,
    #1562,#1563,#1564,#1565,#1566,#1567,#1568,#1569,#1570,#1571,#1572,
    #1573,#1574,#1575,#1576,#1577,#1578,#1579,#1580,#1581,#1582,#1583,
    #1584,#1585,#1586,#1587,#1588,#1589,#1590,#1591,#1592,#1593,#1594,
    #1595,#1596,#1597,#1598),.UNSPECIFIED.,.F.,.F.,(10,8,8,8,8,10),(0.,
    0.25,0.375,0.5,0.75,1.),.UNSPECIFIED.);
#1557 = CARTESIAN_POINT('',(3.997149833346E-14,3.14159265359));
#1558 = CARTESIAN_POINT('',(4.006292969391E-14,3.18698869946));
#1559 = CARTESIAN_POINT('',(-1.104934365237E-03,3.232390943217));
#1560 = CARTESIAN_POINT('',(-3.31632488489E-03,3.277752278717));
#1561 = CARTESIAN_POINT('',(-6.609289065119E-03,3.323035366547));
#1562 = CARTESIAN_POINT('',(-1.093673117347E-02,3.36821057666));
#1563 = CARTESIAN_POINT('',(-1.623377094344E-02,3.413254366692));
#1564 = CARTESIAN_POINT('',(-2.242240993939E-02,3.458148095931));
#1565 = CARTESIAN_POINT('',(-2.941643558188E-02,3.502877274978));
#1566 = CARTESIAN_POINT('',(-4.098162645901E-02,3.569708239099));
#1567 = CARTESIAN_POINT('',(-4.501575419116E-02,3.591941677512));
#1568 = CARTESIAN_POINT('',(-4.921730486398E-02,3.614127185092));
#1569 = CARTESIAN_POINT('',(-5.357741411384E-02,3.636278856859));
#1570 = CARTESIAN_POINT('',(-5.807755466954E-02,3.658353144266));
#1571 = CARTESIAN_POINT('',(-6.27179512971E-02,3.680416665386));
#1572 = CARTESIAN_POINT('',(-6.747862017474E-02,3.702416668397));
#1573 = CARTESIAN_POINT('',(-7.235349943059E-02,3.724380206565));
#1574 = CARTESIAN_POINT('',(-8.230865611872E-02,3.768221595653));
#1575 = CARTESIAN_POINT('',(-8.738911142779E-02,3.790100430551));
#1576 = CARTESIAN_POINT('',(-9.256220176119E-02,3.811938503845));
#1577 = CARTESIAN_POINT('',(-9.781803422024E-02,3.833737045545));
#1578 = CARTESIAN_POINT('',(-0.103147093754,3.855497415381));
#1579 = CARTESIAN_POINT('',(-0.108540271967,3.87722110057));
#1580 = CARTESIAN_POINT('',(-0.113988895923,3.898909713565));
#1581 = CARTESIAN_POINT('',(-0.119484756952,3.920564989821));
#1582 = CARTESIAN_POINT('',(-0.136090904466,3.985436377001));
#1583 = CARTESIAN_POINT('',(-0.147319449147,4.028556986573));
#1584 = CARTESIAN_POINT('',(-0.158645388529,4.071571217663));
#1585 = CARTESIAN_POINT('',(-0.170011030923,4.114483629648));
#1586 = CARTESIAN_POINT('',(-0.181370346226,4.157317033231));
#1587 = CARTESIAN_POINT('',(-0.192682724514,4.200089332521));
#1588 = CARTESIAN_POINT('',(-0.20391090407,4.242808567983));
#1589 = CARTESIAN_POINT('',(-0.215025248395,4.285493161947));
#1590 = CARTESIAN_POINT('',(-0.236973455799,4.370818270237));
#1591 = CARTESIAN_POINT('',(-0.247807299975,4.413458781775));
#1592 = CARTESIAN_POINT('',(-0.25847494537,4.456091733718));
#1593 = CARTESIAN_POINT('',(-0.268954482369,4.498729767761));
#1594 = CARTESIAN_POINT('',(-0.279227636016,4.541384594369));
#1595 = CARTESIAN_POINT('',(-0.289279314295,4.58406748113));
#1596 = CARTESIAN_POINT('',(-0.299097099663,4.6267893193));
#1597 = CARTESIAN_POINT('',(-0.30867068383,4.66956026863));
#1598 = CARTESIAN_POINT('',(-0.317991245805,4.712388980385));
#1599 = ( GEOMETRIC_REPRESENTATION_CONTEXT(2) 
PARAMETRIC_REPRESENTATION_CONTEXT() REPRESENTATION_CONTEXT('2D SPACE',''
  ) );
#1600 = PCURVE('',#1601,#1606);
#1601 = TOROIDAL_SURFACE('',#1602,14.,1.);
#1602 = AXIS2_PLACEMENT_3D('',#1603,#1604,#1605);
#1603 = CARTESIAN_POINT('',(0.,0.,15.));
#1604 = DIRECTION('',(-0.,-0.,-1.));
#1605 = DIRECTION('',(0.995032258065,9.955302813591E-02,-0.));
#1606 = DEFINITIONAL_REPRESENTATION('',(#1607),#1630);
#1607 = B_SPLINE_CURVE_WITH_KNOTS('',6,(#1608,#1609,#1610,#1611,#1612,
    #1613,#1614,#1615,#1616,#1617,#1618,#1619,#1620,#1621,#1622,#1623,
    #1624,#1625,#1626,#1627,#1628,#1629),.UNSPECIFIED.,.F.,.F.,(7,5,5,5,
    7),(0.,0.306468560706,0.556374473601,0.811819523164,1.),
  .UNSPECIFIED.);
#1608 = CARTESIAN_POINT('',(-2.496930662232E-09,6.28318530718));
#1609 = CARTESIAN_POINT('',(-2.496930662232E-09,6.199710542141));
#1610 = CARTESIAN_POINT('',(-4.251509295425E-04,6.116213674378));
#1611 = CARTESIAN_POINT('',(-1.276171777286E-03,6.03305764336));
#1612 = CARTESIAN_POINT('',(-2.521291825094E-03,5.950425863512));
#1613 = CARTESIAN_POINT('',(-4.112468265916E-03,5.868424994359));
#1614 = CARTESIAN_POINT('',(-7.538473062059E-03,5.720794872062));
#1615 = CARTESIAN_POINT('',(-9.274619767292E-03,5.654915581367));
#1616 = CARTESIAN_POINT('',(-1.118207249173E-02,5.589450387628));
#1617 = CARTESIAN_POINT('',(-1.323459284715E-02,5.524355237562));
#1618 = CARTESIAN_POINT('',(-1.540869291504E-02,5.459574268997));
#1619 = CARTESIAN_POINT('',(-2.000883187165E-02,5.329065055758));
#1620 = CARTESIAN_POINT('',(-2.24391861851E-02,5.263353588653));
#1621 = CARTESIAN_POINT('',(-2.495221859627E-02,5.197826462618));
#1622 = CARTESIAN_POINT('',(-2.752772463078E-02,5.132417361314));
#1623 = CARTESIAN_POINT('',(-3.014722059833E-02,5.067064515779));
#1624 = CARTESIAN_POINT('',(-3.474290629945E-02,4.953560521421));
#1625 = CARTESIAN_POINT('',(-3.670680844594E-02,4.905412485935));
#1626 = CARTESIAN_POINT('',(-3.867823198029E-02,4.857240591467));
#1627 = CARTESIAN_POINT('',(-4.065048934628E-02,4.809024536406));
#1628 = CARTESIAN_POINT('',(-4.261705253284E-02,4.760746145604));
#1629 = CARTESIAN_POINT('',(-4.457145261024E-02,4.712388980447));
#1630 = ( GEOMETRIC_REPRESENTATION_CONTEXT(2) 
PARAMETRIC_REPRESENTATION_CONTEXT() REPRESENTATION_CONTEXT('2D SPACE',''
  ) );
#1631 = ORIENTED_EDGE('',*,*,#140,.T.);
#1632 = ADVANCED_FACE('',(#1633),#184,.T.);
#1633 = FACE_BOUND('',#1634,.T.);
#1634 = EDGE_LOOP('',(#1635,#1656,#1678,#1679));
#1635 = ORIENTED_EDGE('',*,*,#1636,.T.);
#1636 = EDGE_CURVE('',#448,#1637,#1639,.T.);
#1637 = VERTEX_POINT('',#1638);
#1638 = CARTESIAN_POINT('',(14.536104169481,3.70157744401,15.));
#1639 = SURFACE_CURVE('',#1640,(#1644,#1650),.PCURVE_S1.);
#1640 = LINE('',#1641,#1642);
#1641 = CARTESIAN_POINT('',(14.536104169481,3.70157744401,0.));
#1642 = VECTOR('',#1643,1.);
#1643 = DIRECTION('',(0.,0.,1.));
#1644 = PCURVE('',#184,#1645);
#1645 = DEFINITIONAL_REPRESENTATION('',(#1646),#1649);
#1646 = B_SPLINE_CURVE_WITH_KNOTS('',1,(#1647,#1648),.UNSPECIFIED.,.F.,
  .F.,(2,2),(-6.E-07,16.0000006),.PIECEWISE_BEZIER_KNOTS.);
#1647 = CARTESIAN_POINT('',(0.249347642738,-6.E-07));
#1648 = CARTESIAN_POINT('',(0.249347642738,16.0000006));
#1649 = ( GEOMETRIC_REPRESENTATION_CONTEXT(2) 
PARAMETRIC_REPRESENTATION_CONTEXT() REPRESENTATION_CONTEXT('2D SPACE',''
  ) );
#1650 = PCURVE('',#488,#1651);
#1651 = DEFINITIONAL_REPRESENTATION('',(#1652),#1655);
#1652 = B_SPLINE_CURVE_WITH_KNOTS('',1,(#1653,#1654),.UNSPECIFIED.,.F.,
  .F.,(2,2),(-6.E-07,16.0000006),.PIECEWISE_BEZIER_KNOTS.);
#1653 = CARTESIAN_POINT('',(4.34511496595,-6.E-07));
#1654 = CARTESIAN_POINT('',(4.34511496595,16.0000006));
#1655 = ( GEOMETRIC_REPRESENTATION_CONTEXT(2) 
PARAMETRIC_REPRESENTATION_CONTEXT() REPRESENTATION_CONTEXT('2D SPACE',''
  ) );
#1656 = ORIENTED_EDGE('',*,*,#1657,.F.);
#1657 = EDGE_CURVE('',#141,#1637,#1658,.T.);
#1658 = SURFACE_CURVE('',#1659,(#1664,#1671),.PCURVE_S1.);
#1659 = CIRCLE('',#1660,15.);
#1660 = AXIS2_PLACEMENT_3D('',#1661,#1662,#1663);
#1661 = CARTESIAN_POINT('',(0.,0.,15.));
#1662 = DIRECTION('',(0.,0.,1.));
#1663 = DIRECTION('',(0.995032258065,9.955302813591E-02,-0.));
#1664 = PCURVE('',#184,#1665);
#1665 = DEFINITIONAL_REPRESENTATION('',(#1666),#1670);
#1666 = LINE('',#1667,#1668);
#1667 = CARTESIAN_POINT('',(9.971820766115E-02,15.));
#1668 = VECTOR('',#1669,1.);
#1669 = DIRECTION('',(1.,0.));
#1670 = ( GEOMETRIC_REPRESENTATION_CONTEXT(2) 
PARAMETRIC_REPRESENTATION_CONTEXT() REPRESENTATION_CONTEXT('2D SPACE',''
  ) );
#1671 = PCURVE('',#1601,#1672);
#1672 = DEFINITIONAL_REPRESENTATION('',(#1673),#1677);
#1673 = LINE('',#1674,#1675);
#1674 = CARTESIAN_POINT('',(-0.,6.28318530718));
#1675 = VECTOR('',#1676,1.);
#1676 = DIRECTION('',(-1.,0.));
#1677 = ( GEOMETRIC_REPRESENTATION_CONTEXT(2) 
PARAMETRIC_REPRESENTATION_CONTEXT() REPRESENTATION_CONTEXT('2D SPACE',''
  ) );
#1678 = ORIENTED_EDGE('',*,*,#169,.F.);
#1679 = ORIENTED_EDGE('',*,*,#447,.T.);
#1680 = ADVANCED_FACE('',(#1681),#274,.T.);
#1681 = FACE_BOUND('',#1682,.F.);
#1682 = EDGE_LOOP('',(#1683,#1684,#1789,#1811));
#1683 = ORIENTED_EDGE('',*,*,#1477,.T.);
#1684 = ORIENTED_EDGE('',*,*,#1685,.T.);
#1685 = EDGE_CURVE('',#1457,#1686,#1688,.T.);
#1686 = VERTEX_POINT('',#1687);
#1687 = CARTESIAN_POINT('',(12.330481857237,-6.630174746441,16.));
#1688 = SURFACE_CURVE('',#1689,(#1712,#1758),.PCURVE_S1.);
#1689 = B_SPLINE_CURVE_WITH_KNOTS('',6,(#1690,#1691,#1692,#1693,#1694,
    #1695,#1696,#1697,#1698,#1699,#1700,#1701,#1702,#1703,#1704,#1705,
    #1706,#1707,#1708,#1709,#1710,#1711),.UNSPECIFIED.,.F.,.F.,(7,5,5,5,
    7),(0.,0.306293770572,0.557005905355,0.81163821447,1.),
  .UNSPECIFIED.);
#1690 = CARTESIAN_POINT('',(13.514629940934,-6.508054821497,15.));
#1691 = CARTESIAN_POINT('',(13.514629940934,-6.508054821497,
    15.083427144662));
#1692 = CARTESIAN_POINT('',(13.504341023716,-6.510170258972,
    15.166876607745));
#1693 = CARTESIAN_POINT('',(13.4837516859,-6.514407849899,
    15.248939190872));
#1694 = CARTESIAN_POINT('',(13.453439179264,-6.520456430611,
    15.328389951108));
#1695 = CARTESIAN_POINT('',(13.41426759909,-6.527824281053,
    15.404248282121));
#1696 = CARTESIAN_POINT('',(13.328692203998,-6.542765376871,
    15.534252268008));
#1697 = CARTESIAN_POINT('',(13.284878127214,-6.550060553554,15.58985928)
  );
#1698 = CARTESIAN_POINT('',(13.236269551257,-6.55767032776,
    15.642168801899));
#1699 = CARTESIAN_POINT('',(13.183391283017,-6.565343733548,
    15.690874628519));
#1700 = CARTESIAN_POINT('',(13.126748649956,-6.572875024014,
    15.735728259784));
#1701 = CARTESIAN_POINT('',(13.005953699217,-6.587439053803,
    15.817955669748));
#1702 = CARTESIAN_POINT('',(12.941703239324,-6.594461673426,
    15.855197757262));
#1703 = CARTESIAN_POINT('',(12.874573108516,-6.600996231113,
    15.888032019124));
#1704 = CARTESIAN_POINT('',(12.805061918857,-6.606916226363,
    15.916270283377));
#1705 = CARTESIAN_POINT('',(12.733664890723,-6.612137550115,
    15.939754717328));
#1706 = CARTESIAN_POINT('',(12.607032224809,-6.619927497715,
    15.972121455056));
#1707 = CARTESIAN_POINT('',(12.552427863719,-6.622832704192,
    15.98321304803));
#1708 = CARTESIAN_POINT('',(12.497265183066,-6.625312333263,
    15.991582667815));
#1709 = CARTESIAN_POINT('',(12.441748263615,-6.627359169108,
    15.997188487197));
#1710 = CARTESIAN_POINT('',(12.386083898396,-6.62897606565,
    16.00000000151));
#1711 = CARTESIAN_POINT('',(12.330481857098,-6.630174746207,16.));
#1712 = PCURVE('',#274,#1713);
#1713 = DEFINITIONAL_REPRESENTATION('',(#1714),#1757);
#1714 = B_SPLINE_CURVE_WITH_KNOTS('',9,(#1715,#1716,#1717,#1718,#1719,
    #1720,#1721,#1722,#1723,#1724,#1725,#1726,#1727,#1728,#1729,#1730,
    #1731,#1732,#1733,#1734,#1735,#1736,#1737,#1738,#1739,#1740,#1741,
    #1742,#1743,#1744,#1745,#1746,#1747,#1748,#1749,#1750,#1751,#1752,
    #1753,#1754,#1755,#1756),.UNSPECIFIED.,.F.,.F.,(10,8,8,8,8,10),(0.,
    0.25,0.375,0.5,0.75,1.),.UNSPECIFIED.);
#1715 = CARTESIAN_POINT('',(-2.407044624721,3.14159265359));
#1716 = CARTESIAN_POINT('',(-2.407044624721,3.186988693099));
#1717 = CARTESIAN_POINT('',(-2.405939689871,3.232390928822));
#1718 = CARTESIAN_POINT('',(-2.403728300533,3.27775226034));
#1719 = CARTESIAN_POINT('',(-2.40043533791,3.323035349605));
#1720 = CARTESIAN_POINT('',(-2.396107896016,3.368210565428));
#1721 = CARTESIAN_POINT('',(-2.390810854719,3.413254362903));
#1722 = CARTESIAN_POINT('',(-2.384622213839,3.458148097767));
#1723 = CARTESIAN_POINT('',(-2.377628188302,3.502877275701));
#1724 = CARTESIAN_POINT('',(-2.366063002391,3.569708217));
#1725 = CARTESIAN_POINT('',(-2.362028881705,3.591941618134));
#1726 = CARTESIAN_POINT('',(-2.357827309912,3.614127249028));
#1727 = CARTESIAN_POINT('',(-2.353467258336,3.636278602916));
#1728 = CARTESIAN_POINT('',(-2.348967067939,3.65835316109));
#1729 = CARTESIAN_POINT('',(-2.344326694537,3.680416564478));
#1730 = CARTESIAN_POINT('',(-2.339566022329,3.702416585466));
#1731 = CARTESIAN_POINT('',(-2.334691144839,3.724380118423));
#1732 = CARTESIAN_POINT('',(-2.32473599075,3.768221500235));
#1733 = CARTESIAN_POINT('',(-2.319655536582,3.790100332201));
#1734 = CARTESIAN_POINT('',(-2.314482447143,3.8119384034));
#1735 = CARTESIAN_POINT('',(-2.309226615252,3.833736944069));
#1736 = CARTESIAN_POINT('',(-2.303897555919,3.855497314099));
#1737 = CARTESIAN_POINT('',(-2.298504377579,3.877221000637));
#1738 = CARTESIAN_POINT('',(-2.293055753313,3.898909615668));
#1739 = CARTESIAN_POINT('',(-2.287559892081,3.920564893613));
#1740 = CARTESIAN_POINT('',(-2.270953745673,3.985436279543));
#1741 = CARTESIAN_POINT('',(-2.259725207006,4.028556866862));
#1742 = CARTESIAN_POINT('',(-2.24839927571,4.071571070006));
#1743 = CARTESIAN_POINT('',(-2.237033607808,4.114483580493));
#1744 = CARTESIAN_POINT('',(-2.22567429075,4.157316985991));
#1745 = CARTESIAN_POINT('',(-2.214361930268,4.200089213941));
#1746 = CARTESIAN_POINT('',(-2.203133733828,4.242808518326));
#1747 = CARTESIAN_POINT('',(-2.192019391015,4.285493105779));
#1748 = CARTESIAN_POINT('',(-2.170071178152,4.370818234807));
#1749 = CARTESIAN_POINT('',(-2.159237329973,4.413458760552));
#1750 = CARTESIAN_POINT('',(-2.14856968341,4.456091716784));
#1751 = CARTESIAN_POINT('',(-2.13809014675,4.49872974974));
#1752 = CARTESIAN_POINT('',(-2.127816992771,4.541384577489));
#1753 = CARTESIAN_POINT('',(-2.117765312918,4.58406746999));
#1754 = CARTESIAN_POINT('',(-2.107947526063,4.626789314332));
#1755 = CARTESIAN_POINT('',(-2.098373941863,4.669560265177));
#1756 = CARTESIAN_POINT('',(-2.089053378717,4.712388980385));
#1757 = ( GEOMETRIC_REPRESENTATION_CONTEXT(2) 
PARAMETRIC_REPRESENTATION_CONTEXT() REPRESENTATION_CONTEXT('2D SPACE',''
  ) );
#1758 = PCURVE('',#1759,#1764);
#1759 = TOROIDAL_SURFACE('',#1760,14.,1.);
#1760 = AXIS2_PLACEMENT_3D('',#1761,#1762,#1763);
#1761 = CARTESIAN_POINT('',(0.,0.,15.));
#1762 = DIRECTION('',(-0.,-0.,-1.));
#1763 = DIRECTION('',(0.826230385007,-0.563332362723,0.));
#1764 = DEFINITIONAL_REPRESENTATION('',(#1765),#1788);
#1765 = B_SPLINE_CURVE_WITH_KNOTS('',6,(#1766,#1767,#1768,#1769,#1770,
    #1771,#1772,#1773,#1774,#1775,#1776,#1777,#1778,#1779,#1780,#1781,
    #1782,#1783,#1784,#1785,#1786,#1787),.UNSPECIFIED.,.F.,.F.,(7,5,5,5,
    7),(0.,0.306293770572,0.557005905355,0.81163821447,1.),
  .UNSPECIFIED.);
#1766 = CARTESIAN_POINT('',(-0.149629434236,6.28318530718));
#1767 = CARTESIAN_POINT('',(-0.149629434236,6.199758162517));
#1768 = CARTESIAN_POINT('',(-0.149204762421,6.116308945129));
#1769 = CARTESIAN_POINT('',(-0.148354726499,6.033199936857));
#1770 = CARTESIAN_POINT('',(-0.147110979919,5.950614360107));
#1771 = CARTESIAN_POINT('',(-0.145521502706,5.868658822099));
#1772 = CARTESIAN_POINT('',(-0.142093148204,5.72085778829));
#1773 = CARTESIAN_POINT('',(-0.140351381921,5.654765923092));
#1774 = CARTESIAN_POINT('',(-0.138437213183,5.58909086203));
#1775 = CARTESIAN_POINT('',(-0.136377138479,5.523788066621));
#1776 = CARTESIAN_POINT('',(-0.134194862786,5.458801102679));
#1777 = CARTESIAN_POINT('',(-0.129592214811,5.328299813749));
#1778 = CARTESIAN_POINT('',(-0.127168852825,5.262799044858));
#1779 = CARTESIAN_POINT('',(-0.124663471289,5.197481010984));
#1780 = CARTESIAN_POINT('',(-0.122096074992,5.132280032));
#1781 = CARTESIAN_POINT('',(-0.119484970995,5.067134926437));
#1782 = CARTESIAN_POINT('',(-0.114895990461,4.953792490353));
#1783 = CARTESIAN_POINT('',(-0.112930224977,4.90559815277));
#1784 = CARTESIAN_POINT('',(-0.110956904327,4.857379969048));
#1785 = CARTESIAN_POINT('',(-0.108982735595,4.809117574949));
#1786 = CARTESIAN_POINT('',(-0.107014265664,4.760792740912));
#1787 = CARTESIAN_POINT('',(-0.105057982509,4.712388980387));
#1788 = ( GEOMETRIC_REPRESENTATION_CONTEXT(2) 
PARAMETRIC_REPRESENTATION_CONTEXT() REPRESENTATION_CONTEXT('2D SPACE',''
  ) );
#1789 = ORIENTED_EDGE('',*,*,#1790,.F.);
#1790 = EDGE_CURVE('',#221,#1686,#1791,.T.);
#1791 = SURFACE_CURVE('',#1792,(#1797,#1804),.PCURVE_S1.);
#1792 = CIRCLE('',#1793,2.6);
#1793 = AXIS2_PLACEMENT_3D('',#1794,#1795,#1796);
#1794 = CARTESIAN_POINT('',(14.565235622182,-5.301312221548,16.));
#1795 = DIRECTION('',(0.,0.,1.));
#1796 = DIRECTION('',(-1.820715793792E-02,0.999834235961,0.));
#1797 = PCURVE('',#274,#1798);
#1798 = DEFINITIONAL_REPRESENTATION('',(#1799),#1803);
#1799 = LINE('',#1800,#1801);
#1800 = CARTESIAN_POINT('',(-0.,4.712388980385));
#1801 = VECTOR('',#1802,1.);
#1802 = DIRECTION('',(-1.,0.));
#1803 = ( GEOMETRIC_REPRESENTATION_CONTEXT(2) 
PARAMETRIC_REPRESENTATION_CONTEXT() REPRESENTATION_CONTEXT('2D SPACE',''
  ) );
#1804 = PCURVE('',#431,#1805);
#1805 = DEFINITIONAL_REPRESENTATION('',(#1806),#1810);
#1806 = CIRCLE('',#1807,2.6);
#1807 = AXIS2_PLACEMENT_2D('',#1808,#1809);
#1808 = CARTESIAN_POINT('',(14.565235622182,-5.301312221548));
#1809 = DIRECTION('',(-1.820715793792E-02,0.999834235961));
#1810 = ( GEOMETRIC_REPRESENTATION_CONTEXT(2) 
PARAMETRIC_REPRESENTATION_CONTEXT() REPRESENTATION_CONTEXT('2D SPACE',''
  ) );
#1811 = ORIENTED_EDGE('',*,*,#220,.F.);
#1812 = ADVANCED_FACE('',(#1813),#431,.T.);
#1813 = FACE_BOUND('',#1814,.T.);
#1814 = EDGE_LOOP('',(#1815,#1816,#1817,#1841,#1870,#1899,#1928,#1957,
    #1986,#2015,#2044,#2073,#2102,#2131,#2160,#2189,#2218,#2247,#2276,
    #2305,#2334,#2363,#2392,#2421,#2450,#2479,#2508,#2537,#2566,#2595,
    #2624,#2653,#2682,#2711,#2740,#2762));
#1815 = ORIENTED_EDGE('',*,*,#416,.T.);
#1816 = ORIENTED_EDGE('',*,*,#1505,.F.);
#1817 = ORIENTED_EDGE('',*,*,#1818,.T.);
#1818 = EDGE_CURVE('',#1506,#1819,#1821,.T.);
#1819 = VERTEX_POINT('',#1820);
#1820 = CARTESIAN_POINT('',(13.707491284785,2.846872437877,16.));
#1821 = SURFACE_CURVE('',#1822,(#1827,#1834),.PCURVE_S1.);
#1822 = CIRCLE('',#1823,14.);
#1823 = AXIS2_PLACEMENT_3D('',#1824,#1825,#1826);
#1824 = CARTESIAN_POINT('',(0.,0.,16.));
#1825 = DIRECTION('',(0.,0.,1.));
#1826 = DIRECTION('',(0.995032258065,9.955302813591E-02,-0.));
#1827 = PCURVE('',#431,#1828);
#1828 = DEFINITIONAL_REPRESENTATION('',(#1829),#1833);
#1829 = CIRCLE('',#1830,14.);
#1830 = AXIS2_PLACEMENT_2D('',#1831,#1832);
#1831 = CARTESIAN_POINT('',(0.,0.));
#1832 = DIRECTION('',(0.995032258065,9.955302813591E-02));
#1833 = ( GEOMETRIC_REPRESENTATION_CONTEXT(2) 
PARAMETRIC_REPRESENTATION_CONTEXT() REPRESENTATION_CONTEXT('2D SPACE',''
  ) );
#1834 = PCURVE('',#1601,#1835);
#1835 = DEFINITIONAL_REPRESENTATION('',(#1836),#1840);
#1836 = LINE('',#1837,#1838);
#1837 = CARTESIAN_POINT('',(-0.,4.712388980385));
#1838 = VECTOR('',#1839,1.);
#1839 = DIRECTION('',(-1.,0.));
#1840 = ( GEOMETRIC_REPRESENTATION_CONTEXT(2) 
PARAMETRIC_REPRESENTATION_CONTEXT() REPRESENTATION_CONTEXT('2D SPACE',''
  ) );
#1841 = ORIENTED_EDGE('',*,*,#1842,.F.);
#1842 = EDGE_CURVE('',#1843,#1819,#1845,.T.);
#1843 = VERTEX_POINT('',#1844);
#1844 = CARTESIAN_POINT('',(12.330481857237,6.630174746441,16.));
#1845 = SURFACE_CURVE('',#1846,(#1851,#1858),.PCURVE_S1.);
#1846 = CIRCLE('',#1847,2.6);
#1847 = AXIS2_PLACEMENT_3D('',#1848,#1849,#1850);
#1848 = CARTESIAN_POINT('',(14.565235622182,5.301312221548,16.));
#1849 = DIRECTION('',(0.,0.,1.));
#1850 = DIRECTION('',(-0.65662855078,0.754214124968,0.));
#1851 = PCURVE('',#431,#1852);
#1852 = DEFINITIONAL_REPRESENTATION('',(#1853),#1857);
#1853 = CIRCLE('',#1854,2.6);
#1854 = AXIS2_PLACEMENT_2D('',#1855,#1856);
#1855 = CARTESIAN_POINT('',(14.565235622182,5.301312221548));
#1856 = DIRECTION('',(-0.65662855078,0.754214124968));
#1857 = ( GEOMETRIC_REPRESENTATION_CONTEXT(2) 
PARAMETRIC_REPRESENTATION_CONTEXT() REPRESENTATION_CONTEXT('2D SPACE',''
  ) );
#1858 = PCURVE('',#1859,#1864);
#1859 = TOROIDAL_SURFACE('',#1860,2.6,1.);
#1860 = AXIS2_PLACEMENT_3D('',#1861,#1862,#1863);
#1861 = CARTESIAN_POINT('',(14.565235622182,5.301312221548,15.));
#1862 = DIRECTION('',(0.,0.,1.));
#1863 = DIRECTION('',(-0.65662855078,0.754214124968,0.));
#1864 = DEFINITIONAL_REPRESENTATION('',(#1865),#1869);
#1865 = LINE('',#1866,#1867);
#1866 = CARTESIAN_POINT('',(0.,1.570796326795));
#1867 = VECTOR('',#1868,1.);
#1868 = DIRECTION('',(1.,0.));
#1869 = ( GEOMETRIC_REPRESENTATION_CONTEXT(2) 
PARAMETRIC_REPRESENTATION_CONTEXT() REPRESENTATION_CONTEXT('2D SPACE',''
  ) );
#1870 = ORIENTED_EDGE('',*,*,#1871,.T.);
#1871 = EDGE_CURVE('',#1843,#1872,#1874,.T.);
#1872 = VERTEX_POINT('',#1873);
#1873 = CARTESIAN_POINT('',(11.907140690567,7.36342315605,16.));
#1874 = SURFACE_CURVE('',#1875,(#1880,#1887),.PCURVE_S1.);
#1875 = CIRCLE('',#1876,14.);
#1876 = AXIS2_PLACEMENT_3D('',#1877,#1878,#1879);
#1877 = CARTESIAN_POINT('',(0.,0.,16.));
#1878 = DIRECTION('',(0.,0.,1.));
#1879 = DIRECTION('',(0.900975329396,0.433870321433,-0.));
#1880 = PCURVE('',#431,#1881);
#1881 = DEFINITIONAL_REPRESENTATION('',(#1882),#1886);
#1882 = CIRCLE('',#1883,14.);
#1883 = AXIS2_PLACEMENT_2D('',#1884,#1885);
#1884 = CARTESIAN_POINT('',(0.,0.));
#1885 = DIRECTION('',(0.900975329396,0.433870321433));
#1886 = ( GEOMETRIC_REPRESENTATION_CONTEXT(2) 
PARAMETRIC_REPRESENTATION_CONTEXT() REPRESENTATION_CONTEXT('2D SPACE',''
  ) );
#1887 = PCURVE('',#1888,#1893);
#1888 = TOROIDAL_SURFACE('',#1889,14.,1.);
#1889 = AXIS2_PLACEMENT_3D('',#1890,#1891,#1892);
#1890 = CARTESIAN_POINT('',(0.,0.,15.));
#1891 = DIRECTION('',(-0.,-0.,-1.));
#1892 = DIRECTION('',(0.900975329396,0.433870321433,-0.));
#1893 = DEFINITIONAL_REPRESENTATION('',(#1894),#1898);
#1894 = LINE('',#1895,#1896);
#1895 = CARTESIAN_POINT('',(-0.,4.712388980385));
#1896 = VECTOR('',#1897,1.);
#1897 = DIRECTION('',(-1.,0.));
#1898 = ( GEOMETRIC_REPRESENTATION_CONTEXT(2) 
PARAMETRIC_REPRESENTATION_CONTEXT() REPRESENTATION_CONTEXT('2D SPACE',''
  ) );
#1899 = ORIENTED_EDGE('',*,*,#1900,.F.);
#1900 = EDGE_CURVE('',#1901,#1872,#1903,.T.);
#1901 = VERTEX_POINT('',#1902);
#1902 = CARTESIAN_POINT('',(9.319209494928,10.447599455839,16.));
#1903 = SURFACE_CURVE('',#1904,(#1909,#1916),.PCURVE_S1.);
#1904 = CIRCLE('',#1905,2.6);
#1905 = AXIS2_PLACEMENT_3D('',#1906,#1907,#1908);
#1906 = CARTESIAN_POINT('',(11.873688868344,9.963207950141,16.));
#1907 = DIRECTION('',(0.,0.,1.));
#1908 = DIRECTION('',(-0.874985426885,0.484149256675,0.));
#1909 = PCURVE('',#431,#1910);
#1910 = DEFINITIONAL_REPRESENTATION('',(#1911),#1915);
#1911 = CIRCLE('',#1912,2.6);
#1912 = AXIS2_PLACEMENT_2D('',#1913,#1914);
#1913 = CARTESIAN_POINT('',(11.873688868344,9.963207950141));
#1914 = DIRECTION('',(-0.874985426885,0.484149256675));
#1915 = ( GEOMETRIC_REPRESENTATION_CONTEXT(2) 
PARAMETRIC_REPRESENTATION_CONTEXT() REPRESENTATION_CONTEXT('2D SPACE',''
  ) );
#1916 = PCURVE('',#1917,#1922);
#1917 = TOROIDAL_SURFACE('',#1918,2.6,1.);
#1918 = AXIS2_PLACEMENT_3D('',#1919,#1920,#1921);
#1919 = CARTESIAN_POINT('',(11.873688868344,9.963207950141,15.));
#1920 = DIRECTION('',(0.,0.,1.));
#1921 = DIRECTION('',(-0.874985426885,0.484149256675,0.));
#1922 = DEFINITIONAL_REPRESENTATION('',(#1923),#1927);
#1923 = LINE('',#1924,#1925);
#1924 = CARTESIAN_POINT('',(0.,1.570796326795));
#1925 = VECTOR('',#1926,1.);
#1926 = DIRECTION('',(1.,0.));
#1927 = ( GEOMETRIC_REPRESENTATION_CONTEXT(2) 
PARAMETRIC_REPRESENTATION_CONTEXT() REPRESENTATION_CONTEXT('2D SPACE',''
  ) );
#1928 = ORIENTED_EDGE('',*,*,#1929,.T.);
#1929 = EDGE_CURVE('',#1901,#1930,#1932,.T.);
#1930 = VERTEX_POINT('',#1931);
#1931 = CARTESIAN_POINT('',(8.670613198386,10.991836369051,16.));
#1932 = SURFACE_CURVE('',#1933,(#1938,#1945),.PCURVE_S1.);
#1933 = CIRCLE('',#1934,14.);
#1934 = AXIS2_PLACEMENT_3D('',#1935,#1936,#1937);
#1935 = CARTESIAN_POINT('',(0.,0.,16.));
#1936 = DIRECTION('',(0.,0.,1.));
#1937 = DIRECTION('',(0.698247479022,0.715856450721,-0.));
#1938 = PCURVE('',#431,#1939);
#1939 = DEFINITIONAL_REPRESENTATION('',(#1940),#1944);
#1940 = CIRCLE('',#1941,14.);
#1941 = AXIS2_PLACEMENT_2D('',#1942,#1943);
#1942 = CARTESIAN_POINT('',(0.,0.));
#1943 = DIRECTION('',(0.698247479022,0.715856450721));
#1944 = ( GEOMETRIC_REPRESENTATION_CONTEXT(2) 
PARAMETRIC_REPRESENTATION_CONTEXT() REPRESENTATION_CONTEXT('2D SPACE',''
  ) );
#1945 = PCURVE('',#1946,#1951);
#1946 = TOROIDAL_SURFACE('',#1947,14.,1.);
#1947 = AXIS2_PLACEMENT_3D('',#1948,#1949,#1950);
#1948 = CARTESIAN_POINT('',(0.,0.,15.));
#1949 = DIRECTION('',(-0.,-0.,-1.));
#1950 = DIRECTION('',(0.698247479022,0.715856450721,-0.));
#1951 = DEFINITIONAL_REPRESENTATION('',(#1952),#1956);
#1952 = LINE('',#1953,#1954);
#1953 = CARTESIAN_POINT('',(-0.,4.712388980385));
#1954 = VECTOR('',#1955,1.);
#1955 = DIRECTION('',(-1.,0.));
#1956 = ( GEOMETRIC_REPRESENTATION_CONTEXT(2) 
PARAMETRIC_REPRESENTATION_CONTEXT() REPRESENTATION_CONTEXT('2D SPACE',''
  ) );
#1957 = ORIENTED_EDGE('',*,*,#1958,.F.);
#1958 = EDGE_CURVE('',#1959,#1930,#1961,.T.);
#1959 = VERTEX_POINT('',#1960);
#1960 = CARTESIAN_POINT('',(5.183902930647,13.004889480716,16.));
#1961 = SURFACE_CURVE('',#1962,(#1967,#1974),.PCURVE_S1.);
#1962 = CIRCLE('',#1963,2.6);
#1963 = AXIS2_PLACEMENT_3D('',#1964,#1965,#1966);
#1964 = CARTESIAN_POINT('',(7.75,13.423393758659,16.));
#1965 = DIRECTION('',(0.,0.,1.));
#1966 = DIRECTION('',(-0.987806147098,0.155688842746,0.));
#1967 = PCURVE('',#431,#1968);
#1968 = DEFINITIONAL_REPRESENTATION('',(#1969),#1973);
#1969 = CIRCLE('',#1970,2.6);
#1970 = AXIS2_PLACEMENT_2D('',#1971,#1972);
#1971 = CARTESIAN_POINT('',(7.75,13.423393758659));
#1972 = DIRECTION('',(-0.987806147098,0.155688842746));
#1973 = ( GEOMETRIC_REPRESENTATION_CONTEXT(2) 
PARAMETRIC_REPRESENTATION_CONTEXT() REPRESENTATION_CONTEXT('2D SPACE',''
  ) );
#1974 = PCURVE('',#1975,#1980);
#1975 = TOROIDAL_SURFACE('',#1976,2.6,1.);
#1976 = AXIS2_PLACEMENT_3D('',#1977,#1978,#1979);
#1977 = CARTESIAN_POINT('',(7.75,13.423393758659,15.));
#1978 = DIRECTION('',(0.,0.,1.));
#1979 = DIRECTION('',(-0.987806147098,0.155688842746,0.));
#1980 = DEFINITIONAL_REPRESENTATION('',(#1981),#1985);
#1981 = LINE('',#1982,#1983);
#1982 = CARTESIAN_POINT('',(0.,1.570796326795));
#1983 = VECTOR('',#1984,1.);
#1984 = DIRECTION('',(1.,0.));
#1985 = ( GEOMETRIC_REPRESENTATION_CONTEXT(2) 
PARAMETRIC_REPRESENTATION_CONTEXT() REPRESENTATION_CONTEXT('2D SPACE',''
  ) );
#1986 = ORIENTED_EDGE('',*,*,#1987,.T.);
#1987 = EDGE_CURVE('',#1959,#1988,#1990,.T.);
#1988 = VERTEX_POINT('',#1989);
#1989 = CARTESIAN_POINT('',(4.388281789857,13.294471893716,16.));
#1990 = SURFACE_CURVE('',#1991,(#1996,#2003),.PCURVE_S1.);
#1991 = CIRCLE('',#1992,14.);
#1992 = AXIS2_PLACEMENT_3D('',#1993,#1994,#1995);
#1993 = CARTESIAN_POINT('',(0.,0.,16.));
#1994 = DIRECTION('',(0.,0.,1.));
#1995 = DIRECTION('',(0.411300677643,0.911499727137,-0.));
#1996 = PCURVE('',#431,#1997);
#1997 = DEFINITIONAL_REPRESENTATION('',(#1998),#2002);
#1998 = CIRCLE('',#1999,14.);
#1999 = AXIS2_PLACEMENT_2D('',#2000,#2001);
#2000 = CARTESIAN_POINT('',(0.,0.));
#2001 = DIRECTION('',(0.411300677643,0.911499727137));
#2002 = ( GEOMETRIC_REPRESENTATION_CONTEXT(2) 
PARAMETRIC_REPRESENTATION_CONTEXT() REPRESENTATION_CONTEXT('2D SPACE',''
  ) );
#2003 = PCURVE('',#2004,#2009);
#2004 = TOROIDAL_SURFACE('',#2005,14.,1.);
#2005 = AXIS2_PLACEMENT_3D('',#2006,#2007,#2008);
#2006 = CARTESIAN_POINT('',(0.,0.,15.));
#2007 = DIRECTION('',(-0.,-0.,-1.));
#2008 = DIRECTION('',(0.411300677643,0.911499727137,-0.));
#2009 = DEFINITIONAL_REPRESENTATION('',(#2010),#2014);
#2010 = LINE('',#2011,#2012);
#2011 = CARTESIAN_POINT('',(-0.,4.712388980385));
#2012 = VECTOR('',#2013,1.);
#2013 = DIRECTION('',(-1.,0.));
#2014 = ( GEOMETRIC_REPRESENTATION_CONTEXT(2) 
PARAMETRIC_REPRESENTATION_CONTEXT() REPRESENTATION_CONTEXT('2D SPACE',''
  ) );
#2015 = ORIENTED_EDGE('',*,*,#2016,.F.);
#2016 = EDGE_CURVE('',#2017,#1988,#2019,.T.);
#2017 = VERTEX_POINT('',#2018);
#2018 = CARTESIAN_POINT('',(0.42334116667,13.993597902491,16.));
#2019 = SURFACE_CURVE('',#2020,(#2025,#2032),.PCURVE_S1.);
#2020 = CIRCLE('',#2021,2.6);
#2021 = AXIS2_PLACEMENT_3D('',#2022,#2023,#2024);
#2022 = CARTESIAN_POINT('',(2.691546753837,15.264520171689,16.));
#2023 = DIRECTION('',(0.,0.,1.));
#2024 = DIRECTION('',(-0.981482867505,-0.191549943341,0.));
#2025 = PCURVE('',#431,#2026);
#2026 = DEFINITIONAL_REPRESENTATION('',(#2027),#2031);
#2027 = CIRCLE('',#2028,2.6);
#2028 = AXIS2_PLACEMENT_2D('',#2029,#2030);
#2029 = CARTESIAN_POINT('',(2.691546753837,15.264520171689));
#2030 = DIRECTION('',(-0.981482867505,-0.191549943341));
#2031 = ( GEOMETRIC_REPRESENTATION_CONTEXT(2) 
PARAMETRIC_REPRESENTATION_CONTEXT() REPRESENTATION_CONTEXT('2D SPACE',''
  ) );
#2032 = PCURVE('',#2033,#2038);
#2033 = TOROIDAL_SURFACE('',#2034,2.6,1.);
#2034 = AXIS2_PLACEMENT_3D('',#2035,#2036,#2037);
#2035 = CARTESIAN_POINT('',(2.691546753837,15.264520171689,15.));
#2036 = DIRECTION('',(0.,0.,1.));
#2037 = DIRECTION('',(-0.981482867505,-0.191549943341,0.));
#2038 = DEFINITIONAL_REPRESENTATION('',(#2039),#2043);
#2039 = LINE('',#2040,#2041);
#2040 = CARTESIAN_POINT('',(0.,1.570796326795));
#2041 = VECTOR('',#2042,1.);
#2042 = DIRECTION('',(1.,0.));
#2043 = ( GEOMETRIC_REPRESENTATION_CONTEXT(2) 
PARAMETRIC_REPRESENTATION_CONTEXT() REPRESENTATION_CONTEXT('2D SPACE',''
  ) );
#2044 = ORIENTED_EDGE('',*,*,#2045,.T.);
#2045 = EDGE_CURVE('',#2017,#2046,#2048,.T.);
#2046 = VERTEX_POINT('',#2047);
#2047 = CARTESIAN_POINT('',(-0.42334116667,13.993597902491,16.));
#2048 = SURFACE_CURVE('',#2049,(#2054,#2061),.PCURVE_S1.);
#2049 = CIRCLE('',#2050,14.);
#2050 = AXIS2_PLACEMENT_3D('',#2051,#2052,#2053);
#2051 = CARTESIAN_POINT('',(0.,0.,16.));
#2052 = DIRECTION('',(0.,0.,1.));
#2053 = DIRECTION('',(7.474494438863E-02,0.997202684156,-0.));
#2054 = PCURVE('',#431,#2055);
#2055 = DEFINITIONAL_REPRESENTATION('',(#2056),#2060);
#2056 = CIRCLE('',#2057,14.);
#2057 = AXIS2_PLACEMENT_2D('',#2058,#2059);
#2058 = CARTESIAN_POINT('',(0.,0.));
#2059 = DIRECTION('',(7.474494438863E-02,0.997202684156));
#2060 = ( GEOMETRIC_REPRESENTATION_CONTEXT(2) 
PARAMETRIC_REPRESENTATION_CONTEXT() REPRESENTATION_CONTEXT('2D SPACE',''
  ) );
#2061 = PCURVE('',#2062,#2067);
#2062 = TOROIDAL_SURFACE('',#2063,14.,1.);
#2063 = AXIS2_PLACEMENT_3D('',#2064,#2065,#2066);
#2064 = CARTESIAN_POINT('',(0.,0.,15.));
#2065 = DIRECTION('',(-0.,-0.,-1.));
#2066 = DIRECTION('',(7.474494438863E-02,0.997202684156,-0.));
#2067 = DEFINITIONAL_REPRESENTATION('',(#2068),#2072);
#2068 = LINE('',#2069,#2070);
#2069 = CARTESIAN_POINT('',(-0.,4.712388980385));
#2070 = VECTOR('',#2071,1.);
#2071 = DIRECTION('',(-1.,0.));
#2072 = ( GEOMETRIC_REPRESENTATION_CONTEXT(2) 
PARAMETRIC_REPRESENTATION_CONTEXT() REPRESENTATION_CONTEXT('2D SPACE',''
  ) );
#2073 = ORIENTED_EDGE('',*,*,#2074,.F.);
#2074 = EDGE_CURVE('',#2075,#2046,#2077,.T.);
#2075 = VERTEX_POINT('',#2076);
#2076 = CARTESIAN_POINT('',(-4.388281789857,13.294471893716,16.));
#2077 = SURFACE_CURVE('',#2078,(#2083,#2090),.PCURVE_S1.);
#2078 = CIRCLE('',#2079,2.6);
#2079 = AXIS2_PLACEMENT_3D('',#2080,#2081,#2082);
#2080 = CARTESIAN_POINT('',(-2.691546753837,15.264520171689,16.));
#2081 = DIRECTION('',(0.,0.,1.));
#2082 = DIRECTION('',(-0.856778268947,-0.515684979286,0.));
#2083 = PCURVE('',#431,#2084);
#2084 = DEFINITIONAL_REPRESENTATION('',(#2085),#2089);
#2085 = CIRCLE('',#2086,2.6);
#2086 = AXIS2_PLACEMENT_2D('',#2087,#2088);
#2087 = CARTESIAN_POINT('',(-2.691546753837,15.264520171689));
#2088 = DIRECTION('',(-0.856778268947,-0.515684979286));
#2089 = ( GEOMETRIC_REPRESENTATION_CONTEXT(2) 
PARAMETRIC_REPRESENTATION_CONTEXT() REPRESENTATION_CONTEXT('2D SPACE',''
  ) );
#2090 = PCURVE('',#2091,#2096);
#2091 = TOROIDAL_SURFACE('',#2092,2.6,1.);
#2092 = AXIS2_PLACEMENT_3D('',#2093,#2094,#2095);
#2093 = CARTESIAN_POINT('',(-2.691546753837,15.264520171689,15.));
#2094 = DIRECTION('',(0.,0.,1.));
#2095 = DIRECTION('',(-0.856778268947,-0.515684979286,0.));
#2096 = DEFINITIONAL_REPRESENTATION('',(#2097),#2101);
#2097 = LINE('',#2098,#2099);
#2098 = CARTESIAN_POINT('',(0.,1.570796326795));
#2099 = VECTOR('',#2100,1.);
#2100 = DIRECTION('',(1.,0.));
#2101 = ( GEOMETRIC_REPRESENTATION_CONTEXT(2) 
PARAMETRIC_REPRESENTATION_CONTEXT() REPRESENTATION_CONTEXT('2D SPACE',''
  ) );
#2102 = ORIENTED_EDGE('',*,*,#2103,.T.);
#2103 = EDGE_CURVE('',#2075,#2104,#2106,.T.);
#2104 = VERTEX_POINT('',#2105);
#2105 = CARTESIAN_POINT('',(-5.183902930647,13.004889480716,16.));
#2106 = SURFACE_CURVE('',#2107,(#2112,#2119),.PCURVE_S1.);
#2107 = CIRCLE('',#2108,14.);
#2108 = AXIS2_PLACEMENT_3D('',#2109,#2110,#2111);
#2109 = CARTESIAN_POINT('',(0.,0.,16.));
#2110 = DIRECTION('',(0.,0.,1.));
#2111 = DIRECTION('',(-0.270826132277,0.962628280322,0.));
#2112 = PCURVE('',#431,#2113);
#2113 = DEFINITIONAL_REPRESENTATION('',(#2114),#2118);
#2114 = CIRCLE('',#2115,14.);
#2115 = AXIS2_PLACEMENT_2D('',#2116,#2117);
#2116 = CARTESIAN_POINT('',(0.,0.));
#2117 = DIRECTION('',(-0.270826132277,0.962628280322));
#2118 = ( GEOMETRIC_REPRESENTATION_CONTEXT(2) 
PARAMETRIC_REPRESENTATION_CONTEXT() REPRESENTATION_CONTEXT('2D SPACE',''
  ) );
#2119 = PCURVE('',#2120,#2125);
#2120 = TOROIDAL_SURFACE('',#2121,14.,1.);
#2121 = AXIS2_PLACEMENT_3D('',#2122,#2123,#2124);
#2122 = CARTESIAN_POINT('',(0.,0.,15.));
#2123 = DIRECTION('',(-0.,-0.,-1.));
#2124 = DIRECTION('',(-0.270826132277,0.962628280322,0.));
#2125 = DEFINITIONAL_REPRESENTATION('',(#2126),#2130);
#2126 = LINE('',#2127,#2128);
#2127 = CARTESIAN_POINT('',(-0.,4.712388980385));
#2128 = VECTOR('',#2129,1.);
#2129 = DIRECTION('',(-1.,0.));
#2130 = ( GEOMETRIC_REPRESENTATION_CONTEXT(2) 
PARAMETRIC_REPRESENTATION_CONTEXT() REPRESENTATION_CONTEXT('2D SPACE',''
  ) );
#2131 = ORIENTED_EDGE('',*,*,#2132,.F.);
#2132 = EDGE_CURVE('',#2133,#2104,#2135,.T.);
#2133 = VERTEX_POINT('',#2134);
#2134 = CARTESIAN_POINT('',(-8.670613198386,10.991836369051,16.));
#2135 = SURFACE_CURVE('',#2136,(#2141,#2148),.PCURVE_S1.);
#2136 = CIRCLE('',#2137,2.6);
#2137 = AXIS2_PLACEMENT_3D('',#2138,#2139,#2140);
#2138 = CARTESIAN_POINT('',(-7.75,13.423393758659,16.));
#2139 = DIRECTION('',(0.,0.,1.));
#2140 = DIRECTION('',(-0.628733566453,-0.777620796028,0.));
#2141 = PCURVE('',#431,#2142);
#2142 = DEFINITIONAL_REPRESENTATION('',(#2143),#2147);
#2143 = CIRCLE('',#2144,2.6);
#2144 = AXIS2_PLACEMENT_2D('',#2145,#2146);
#2145 = CARTESIAN_POINT('',(-7.75,13.423393758659));
#2146 = DIRECTION('',(-0.628733566453,-0.777620796028));
#2147 = ( GEOMETRIC_REPRESENTATION_CONTEXT(2) 
PARAMETRIC_REPRESENTATION_CONTEXT() REPRESENTATION_CONTEXT('2D SPACE',''
  ) );
#2148 = PCURVE('',#2149,#2154);
#2149 = TOROIDAL_SURFACE('',#2150,2.6,1.);
#2150 = AXIS2_PLACEMENT_3D('',#2151,#2152,#2153);
#2151 = CARTESIAN_POINT('',(-7.75,13.423393758659,15.));
#2152 = DIRECTION('',(0.,0.,1.));
#2153 = DIRECTION('',(-0.628733566453,-0.777620796028,0.));
#2154 = DEFINITIONAL_REPRESENTATION('',(#2155),#2159);
#2155 = LINE('',#2156,#2157);
#2156 = CARTESIAN_POINT('',(0.,1.570796326795));
#2157 = VECTOR('',#2158,1.);
#2158 = DIRECTION('',(1.,0.));
#2159 = ( GEOMETRIC_REPRESENTATION_CONTEXT(2) 
PARAMETRIC_REPRESENTATION_CONTEXT() REPRESENTATION_CONTEXT('2D SPACE',''
  ) );
#2160 = ORIENTED_EDGE('',*,*,#2161,.T.);
#2161 = EDGE_CURVE('',#2133,#2162,#2164,.T.);
#2162 = VERTEX_POINT('',#2163);
#2163 = CARTESIAN_POINT('',(-9.319209494928,10.447599455839,16.));
#2164 = SURFACE_CURVE('',#2165,(#2170,#2177),.PCURVE_S1.);
#2165 = CIRCLE('',#2166,14.);
#2166 = AXIS2_PLACEMENT_3D('',#2167,#2168,#2169);
#2167 = CARTESIAN_POINT('',(0.,0.,16.));
#2168 = DIRECTION('',(0.,0.,1.));
#2169 = DIRECTION('',(-0.583731580422,0.811946699001,0.));
#2170 = PCURVE('',#431,#2171);
#2171 = DEFINITIONAL_REPRESENTATION('',(#2172),#2176);
#2172 = CIRCLE('',#2173,14.);
#2173 = AXIS2_PLACEMENT_2D('',#2174,#2175);
#2174 = CARTESIAN_POINT('',(0.,0.));
#2175 = DIRECTION('',(-0.583731580422,0.811946699001));
#2176 = ( GEOMETRIC_REPRESENTATION_CONTEXT(2) 
PARAMETRIC_REPRESENTATION_CONTEXT() REPRESENTATION_CONTEXT('2D SPACE',''
  ) );
#2177 = PCURVE('',#2178,#2183);
#2178 = TOROIDAL_SURFACE('',#2179,14.,1.);
#2179 = AXIS2_PLACEMENT_3D('',#2180,#2181,#2182);
#2180 = CARTESIAN_POINT('',(0.,0.,15.));
#2181 = DIRECTION('',(-0.,-0.,-1.));
#2182 = DIRECTION('',(-0.583731580422,0.811946699001,0.));
#2183 = DEFINITIONAL_REPRESENTATION('',(#2184),#2188);
#2184 = LINE('',#2185,#2186);
#2185 = CARTESIAN_POINT('',(-0.,4.712388980385));
#2186 = VECTOR('',#2187,1.);
#2187 = DIRECTION('',(-1.,0.));
#2188 = ( GEOMETRIC_REPRESENTATION_CONTEXT(2) 
PARAMETRIC_REPRESENTATION_CONTEXT() REPRESENTATION_CONTEXT('2D SPACE',''
  ) );
#2189 = ORIENTED_EDGE('',*,*,#2190,.F.);
#2190 = EDGE_CURVE('',#2191,#2162,#2193,.T.);
#2191 = VERTEX_POINT('',#2192);
#2192 = CARTESIAN_POINT('',(-11.90714069056,7.36342315605,16.));
#2193 = SURFACE_CURVE('',#2194,(#2199,#2206),.PCURVE_S1.);
#2194 = CIRCLE('',#2195,2.6);
#2195 = AXIS2_PLACEMENT_3D('',#2196,#2197,#2198);
#2196 = CARTESIAN_POINT('',(-11.87368886834,9.963207950141,16.));
#2197 = DIRECTION('',(0.,0.,1.));
#2198 = DIRECTION('',(-0.324854316725,-0.945764068309,0.));
#2199 = PCURVE('',#431,#2200);
#2200 = DEFINITIONAL_REPRESENTATION('',(#2201),#2205);
#2201 = CIRCLE('',#2202,2.6);
#2202 = AXIS2_PLACEMENT_2D('',#2203,#2204);
#2203 = CARTESIAN_POINT('',(-11.87368886834,9.963207950141));
#2204 = DIRECTION('',(-0.324854316725,-0.945764068309));
#2205 = ( GEOMETRIC_REPRESENTATION_CONTEXT(2) 
PARAMETRIC_REPRESENTATION_CONTEXT() REPRESENTATION_CONTEXT('2D SPACE',''
  ) );
#2206 = PCURVE('',#2207,#2212);
#2207 = TOROIDAL_SURFACE('',#2208,2.6,1.);
#2208 = AXIS2_PLACEMENT_3D('',#2209,#2210,#2211);
#2209 = CARTESIAN_POINT('',(-11.87368886834,9.963207950141,15.));
#2210 = DIRECTION('',(0.,0.,1.));
#2211 = DIRECTION('',(-0.324854316725,-0.945764068309,0.));
#2212 = DEFINITIONAL_REPRESENTATION('',(#2213),#2217);
#2213 = LINE('',#2214,#2215);
#2214 = CARTESIAN_POINT('',(0.,1.570796326795));
#2215 = VECTOR('',#2216,1.);
#2216 = DIRECTION('',(1.,0.));
#2217 = ( GEOMETRIC_REPRESENTATION_CONTEXT(2) 
PARAMETRIC_REPRESENTATION_CONTEXT() REPRESENTATION_CONTEXT('2D SPACE',''
  ) );
#2218 = ORIENTED_EDGE('',*,*,#2219,.T.);
#2219 = EDGE_CURVE('',#2191,#2220,#2222,.T.);
#2220 = VERTEX_POINT('',#2221);
#2221 = CARTESIAN_POINT('',(-12.33048185723,6.630174746441,16.));
#2222 = SURFACE_CURVE('',#2223,(#2228,#2235),.PCURVE_S1.);
#2223 = CIRCLE('',#2224,14.);
#2224 = AXIS2_PLACEMENT_3D('',#2225,#2226,#2227);
#2225 = CARTESIAN_POINT('',(0.,0.,16.));
#2226 = DIRECTION('',(0.,0.,1.));
#2227 = DIRECTION('',(-0.826230385007,0.563332362723,0.));
#2228 = PCURVE('',#431,#2229);
#2229 = DEFINITIONAL_REPRESENTATION('',(#2230),#2234);
#2230 = CIRCLE('',#2231,14.);
#2231 = AXIS2_PLACEMENT_2D('',#2232,#2233);
#2232 = CARTESIAN_POINT('',(0.,0.));
#2233 = DIRECTION('',(-0.826230385007,0.563332362723));
#2234 = ( GEOMETRIC_REPRESENTATION_CONTEXT(2) 
PARAMETRIC_REPRESENTATION_CONTEXT() REPRESENTATION_CONTEXT('2D SPACE',''
  ) );
#2235 = PCURVE('',#2236,#2241);
#2236 = TOROIDAL_SURFACE('',#2237,14.,1.);
#2237 = AXIS2_PLACEMENT_3D('',#2238,#2239,#2240);
#2238 = CARTESIAN_POINT('',(0.,0.,15.));
#2239 = DIRECTION('',(-0.,-0.,-1.));
#2240 = DIRECTION('',(-0.826230385007,0.563332362723,0.));
#2241 = DEFINITIONAL_REPRESENTATION('',(#2242),#2246);
#2242 = LINE('',#2243,#2244);
#2243 = CARTESIAN_POINT('',(-0.,4.712388980385));
#2244 = VECTOR('',#2245,1.);
#2245 = DIRECTION('',(-1.,0.));
#2246 = ( GEOMETRIC_REPRESENTATION_CONTEXT(2) 
PARAMETRIC_REPRESENTATION_CONTEXT() REPRESENTATION_CONTEXT('2D SPACE',''
  ) );
#2247 = ORIENTED_EDGE('',*,*,#2248,.F.);
#2248 = EDGE_CURVE('',#2249,#2220,#2251,.T.);
#2249 = VERTEX_POINT('',#2250);
#2250 = CARTESIAN_POINT('',(-13.70749128478,2.846872437877,16.));
#2251 = SURFACE_CURVE('',#2252,(#2257,#2264),.PCURVE_S1.);
#2252 = CIRCLE('',#2253,2.6);
#2253 = AXIS2_PLACEMENT_3D('',#2254,#2255,#2256);
#2254 = CARTESIAN_POINT('',(-14.56523562218,5.301312221548,16.));
#2255 = DIRECTION('',(0.,0.,1.));
#2256 = DIRECTION('',(1.820715793792E-02,-0.999834235961,0.));
#2257 = PCURVE('',#431,#2258);
#2258 = DEFINITIONAL_REPRESENTATION('',(#2259),#2263);
#2259 = CIRCLE('',#2260,2.6);
#2260 = AXIS2_PLACEMENT_2D('',#2261,#2262);
#2261 = CARTESIAN_POINT('',(-14.56523562218,5.301312221548));
#2262 = DIRECTION('',(1.820715793792E-02,-0.999834235961));
#2263 = ( GEOMETRIC_REPRESENTATION_CONTEXT(2) 
PARAMETRIC_REPRESENTATION_CONTEXT() REPRESENTATION_CONTEXT('2D SPACE',''
  ) );
#2264 = PCURVE('',#2265,#2270);
#2265 = TOROIDAL_SURFACE('',#2266,2.6,1.);
#2266 = AXIS2_PLACEMENT_3D('',#2267,#2268,#2269);
#2267 = CARTESIAN_POINT('',(-14.56523562218,5.301312221548,15.));
#2268 = DIRECTION('',(0.,0.,1.));
#2269 = DIRECTION('',(1.820715793792E-02,-0.999834235961,0.));
#2270 = DEFINITIONAL_REPRESENTATION('',(#2271),#2275);
#2271 = LINE('',#2272,#2273);
#2272 = CARTESIAN_POINT('',(0.,1.570796326795));
#2273 = VECTOR('',#2274,1.);
#2274 = DIRECTION('',(1.,0.));
#2275 = ( GEOMETRIC_REPRESENTATION_CONTEXT(2) 
PARAMETRIC_REPRESENTATION_CONTEXT() REPRESENTATION_CONTEXT('2D SPACE',''
  ) );
#2276 = ORIENTED_EDGE('',*,*,#2277,.T.);
#2277 = EDGE_CURVE('',#2249,#2278,#2280,.T.);
#2278 = VERTEX_POINT('',#2279);
#2279 = CARTESIAN_POINT('',(-13.85451612903,2.013053111665,16.));
#2280 = SURFACE_CURVE('',#2281,(#2286,#2293),.PCURVE_S1.);
#2281 = CIRCLE('',#2282,14.);
#2282 = AXIS2_PLACEMENT_3D('',#2283,#2284,#2285);
#2283 = CARTESIAN_POINT('',(0.,0.,16.));
#2284 = DIRECTION('',(0.,0.,1.));
#2285 = DIRECTION('',(-0.969073611299,0.246771829601,0.));
#2286 = PCURVE('',#431,#2287);
#2287 = DEFINITIONAL_REPRESENTATION('',(#2288),#2292);
#2288 = CIRCLE('',#2289,14.);
#2289 = AXIS2_PLACEMENT_2D('',#2290,#2291);
#2290 = CARTESIAN_POINT('',(0.,0.));
#2291 = DIRECTION('',(-0.969073611299,0.246771829601));
#2292 = ( GEOMETRIC_REPRESENTATION_CONTEXT(2) 
PARAMETRIC_REPRESENTATION_CONTEXT() REPRESENTATION_CONTEXT('2D SPACE',''
  ) );
#2293 = PCURVE('',#2294,#2299);
#2294 = TOROIDAL_SURFACE('',#2295,14.,1.);
#2295 = AXIS2_PLACEMENT_3D('',#2296,#2297,#2298);
#2296 = CARTESIAN_POINT('',(0.,0.,15.));
#2297 = DIRECTION('',(-0.,-0.,-1.));
#2298 = DIRECTION('',(-0.969073611299,0.246771829601,0.));
#2299 = DEFINITIONAL_REPRESENTATION('',(#2300),#2304);
#2300 = LINE('',#2301,#2302);
#2301 = CARTESIAN_POINT('',(-0.,4.712388980385));
#2302 = VECTOR('',#2303,1.);
#2303 = DIRECTION('',(-1.,0.));
#2304 = ( GEOMETRIC_REPRESENTATION_CONTEXT(2) 
PARAMETRIC_REPRESENTATION_CONTEXT() REPRESENTATION_CONTEXT('2D SPACE',''
  ) );
#2305 = ORIENTED_EDGE('',*,*,#2306,.F.);
#2306 = EDGE_CURVE('',#2307,#2278,#2309,.T.);
#2307 = VERTEX_POINT('',#2308);
#2308 = CARTESIAN_POINT('',(-13.85451612903,-2.013053111665,16.));
#2309 = SURFACE_CURVE('',#2310,(#2315,#2322),.PCURVE_S1.);
#2310 = CIRCLE('',#2311,2.6);
#2311 = AXIS2_PLACEMENT_3D('',#2312,#2313,#2314);
#2312 = CARTESIAN_POINT('',(-15.5,1.898202538678E-15,16.));
#2313 = DIRECTION('',(0.,0.,1.));
#2314 = DIRECTION('',(0.359072580645,-0.933309638774,0.));
#2315 = PCURVE('',#431,#2316);
#2316 = DEFINITIONAL_REPRESENTATION('',(#2317),#2321);
#2317 = CIRCLE('',#2318,2.6);
#2318 = AXIS2_PLACEMENT_2D('',#2319,#2320);
#2319 = CARTESIAN_POINT('',(-15.5,1.898202538678E-15));
#2320 = DIRECTION('',(0.359072580645,-0.933309638774));
#2321 = ( GEOMETRIC_REPRESENTATION_CONTEXT(2) 
PARAMETRIC_REPRESENTATION_CONTEXT() REPRESENTATION_CONTEXT('2D SPACE',''
  ) );
#2322 = PCURVE('',#2323,#2328);
#2323 = TOROIDAL_SURFACE('',#2324,2.6,1.);
#2324 = AXIS2_PLACEMENT_3D('',#2325,#2326,#2327);
#2325 = CARTESIAN_POINT('',(-15.5,1.898202538678E-15,15.));
#2326 = DIRECTION('',(0.,0.,1.));
#2327 = DIRECTION('',(0.359072580645,-0.933309638774,0.));
#2328 = DEFINITIONAL_REPRESENTATION('',(#2329),#2333);
#2329 = LINE('',#2330,#2331);
#2330 = CARTESIAN_POINT('',(0.,1.570796326795));
#2331 = VECTOR('',#2332,1.);
#2332 = DIRECTION('',(1.,0.));
#2333 = ( GEOMETRIC_REPRESENTATION_CONTEXT(2) 
PARAMETRIC_REPRESENTATION_CONTEXT() REPRESENTATION_CONTEXT('2D SPACE',''
  ) );
#2334 = ORIENTED_EDGE('',*,*,#2335,.T.);
#2335 = EDGE_CURVE('',#2307,#2336,#2338,.T.);
#2336 = VERTEX_POINT('',#2337);
#2337 = CARTESIAN_POINT('',(-13.70749128478,-2.846872437877,16.));
#2338 = SURFACE_CURVE('',#2339,(#2344,#2351),.PCURVE_S1.);
#2339 = CIRCLE('',#2340,14.);
#2340 = AXIS2_PLACEMENT_3D('',#2341,#2342,#2343);
#2341 = CARTESIAN_POINT('',(0.,0.,16.));
#2342 = DIRECTION('',(0.,0.,1.));
#2343 = DIRECTION('',(-0.995032258065,-9.955302813589E-02,0.));
#2344 = PCURVE('',#431,#2345);
#2345 = DEFINITIONAL_REPRESENTATION('',(#2346),#2350);
#2346 = CIRCLE('',#2347,14.);
#2347 = AXIS2_PLACEMENT_2D('',#2348,#2349);
#2348 = CARTESIAN_POINT('',(0.,0.));
#2349 = DIRECTION('',(-0.995032258065,-9.955302813589E-02));
#2350 = ( GEOMETRIC_REPRESENTATION_CONTEXT(2) 
PARAMETRIC_REPRESENTATION_CONTEXT() REPRESENTATION_CONTEXT('2D SPACE',''
  ) );
#2351 = PCURVE('',#2352,#2357);
#2352 = TOROIDAL_SURFACE('',#2353,14.,1.);
#2353 = AXIS2_PLACEMENT_3D('',#2354,#2355,#2356);
#2354 = CARTESIAN_POINT('',(0.,0.,15.));
#2355 = DIRECTION('',(-0.,-0.,-1.));
#2356 = DIRECTION('',(-0.995032258065,-9.955302813589E-02,0.));
#2357 = DEFINITIONAL_REPRESENTATION('',(#2358),#2362);
#2358 = LINE('',#2359,#2360);
#2359 = CARTESIAN_POINT('',(-0.,4.712388980385));
#2360 = VECTOR('',#2361,1.);
#2361 = DIRECTION('',(-1.,0.));
#2362 = ( GEOMETRIC_REPRESENTATION_CONTEXT(2) 
PARAMETRIC_REPRESENTATION_CONTEXT() REPRESENTATION_CONTEXT('2D SPACE',''
  ) );
#2363 = ORIENTED_EDGE('',*,*,#2364,.F.);
#2364 = EDGE_CURVE('',#2365,#2336,#2367,.T.);
#2365 = VERTEX_POINT('',#2366);
#2366 = CARTESIAN_POINT('',(-12.33048185723,-6.630174746441,16.));
#2367 = SURFACE_CURVE('',#2368,(#2373,#2380),.PCURVE_S1.);
#2368 = CIRCLE('',#2369,2.6);
#2369 = AXIS2_PLACEMENT_3D('',#2370,#2371,#2372);
#2370 = CARTESIAN_POINT('',(-14.56523562218,-5.301312221548,16.));
#2371 = DIRECTION('',(0.,0.,1.));
#2372 = DIRECTION('',(0.65662855078,-0.754214124968,0.));
#2373 = PCURVE('',#431,#2374);
#2374 = DEFINITIONAL_REPRESENTATION('',(#2375),#2379);
#2375 = CIRCLE('',#2376,2.6);
#2376 = AXIS2_PLACEMENT_2D('',#2377,#2378);
#2377 = CARTESIAN_POINT('',(-14.56523562218,-5.301312221548));
#2378 = DIRECTION('',(0.65662855078,-0.754214124968));
#2379 = ( GEOMETRIC_REPRESENTATION_CONTEXT(2) 
PARAMETRIC_REPRESENTATION_CONTEXT() REPRESENTATION_CONTEXT('2D SPACE',''
  ) );
#2380 = PCURVE('',#2381,#2386);
#2381 = TOROIDAL_SURFACE('',#2382,2.6,1.);
#2382 = AXIS2_PLACEMENT_3D('',#2383,#2384,#2385);
#2383 = CARTESIAN_POINT('',(-14.56523562218,-5.301312221548,15.));
#2384 = DIRECTION('',(0.,0.,1.));
#2385 = DIRECTION('',(0.65662855078,-0.754214124968,0.));
#2386 = DEFINITIONAL_REPRESENTATION('',(#2387),#2391);
#2387 = LINE('',#2388,#2389);
#2388 = CARTESIAN_POINT('',(0.,1.570796326795));
#2389 = VECTOR('',#2390,1.);
#2390 = DIRECTION('',(1.,0.));
#2391 = ( GEOMETRIC_REPRESENTATION_CONTEXT(2) 
PARAMETRIC_REPRESENTATION_CONTEXT() REPRESENTATION_CONTEXT('2D SPACE',''
  ) );
#2392 = ORIENTED_EDGE('',*,*,#2393,.T.);
#2393 = EDGE_CURVE('',#2365,#2394,#2396,.T.);
#2394 = VERTEX_POINT('',#2395);
#2395 = CARTESIAN_POINT('',(-11.90714069056,-7.36342315605,16.));
#2396 = SURFACE_CURVE('',#2397,(#2402,#2409),.PCURVE_S1.);
#2397 = CIRCLE('',#2398,14.);
#2398 = AXIS2_PLACEMENT_3D('',#2399,#2400,#2401);
#2399 = CARTESIAN_POINT('',(0.,0.,16.));
#2400 = DIRECTION('',(0.,0.,1.));
#2401 = DIRECTION('',(-0.900975329396,-0.433870321433,0.));
#2402 = PCURVE('',#431,#2403);
#2403 = DEFINITIONAL_REPRESENTATION('',(#2404),#2408);
#2404 = CIRCLE('',#2405,14.);
#2405 = AXIS2_PLACEMENT_2D('',#2406,#2407);
#2406 = CARTESIAN_POINT('',(0.,0.));
#2407 = DIRECTION('',(-0.900975329396,-0.433870321433));
#2408 = ( GEOMETRIC_REPRESENTATION_CONTEXT(2) 
PARAMETRIC_REPRESENTATION_CONTEXT() REPRESENTATION_CONTEXT('2D SPACE',''
  ) );
#2409 = PCURVE('',#2410,#2415);
#2410 = TOROIDAL_SURFACE('',#2411,14.,1.);
#2411 = AXIS2_PLACEMENT_3D('',#2412,#2413,#2414);
#2412 = CARTESIAN_POINT('',(0.,0.,15.));
#2413 = DIRECTION('',(-0.,-0.,-1.));
#2414 = DIRECTION('',(-0.900975329396,-0.433870321433,0.));
#2415 = DEFINITIONAL_REPRESENTATION('',(#2416),#2420);
#2416 = LINE('',#2417,#2418);
#2417 = CARTESIAN_POINT('',(-0.,4.712388980385));
#2418 = VECTOR('',#2419,1.);
#2419 = DIRECTION('',(-1.,0.));
#2420 = ( GEOMETRIC_REPRESENTATION_CONTEXT(2) 
PARAMETRIC_REPRESENTATION_CONTEXT() REPRESENTATION_CONTEXT('2D SPACE',''
  ) );
#2421 = ORIENTED_EDGE('',*,*,#2422,.F.);
#2422 = EDGE_CURVE('',#2423,#2394,#2425,.T.);
#2423 = VERTEX_POINT('',#2424);
#2424 = CARTESIAN_POINT('',(-9.319209494928,-10.44759945583,16.));
#2425 = SURFACE_CURVE('',#2426,(#2431,#2438),.PCURVE_S1.);
#2426 = CIRCLE('',#2427,2.6);
#2427 = AXIS2_PLACEMENT_3D('',#2428,#2429,#2430);
#2428 = CARTESIAN_POINT('',(-11.87368886834,-9.963207950141,16.));
#2429 = DIRECTION('',(0.,0.,1.));
#2430 = DIRECTION('',(0.874985426885,-0.484149256675,0.));
#2431 = PCURVE('',#431,#2432);
#2432 = DEFINITIONAL_REPRESENTATION('',(#2433),#2437);
#2433 = CIRCLE('',#2434,2.6);
#2434 = AXIS2_PLACEMENT_2D('',#2435,#2436);
#2435 = CARTESIAN_POINT('',(-11.87368886834,-9.963207950141));
#2436 = DIRECTION('',(0.874985426885,-0.484149256675));
#2437 = ( GEOMETRIC_REPRESENTATION_CONTEXT(2) 
PARAMETRIC_REPRESENTATION_CONTEXT() REPRESENTATION_CONTEXT('2D SPACE',''
  ) );
#2438 = PCURVE('',#2439,#2444);
#2439 = TOROIDAL_SURFACE('',#2440,2.6,1.);
#2440 = AXIS2_PLACEMENT_3D('',#2441,#2442,#2443);
#2441 = CARTESIAN_POINT('',(-11.87368886834,-9.963207950141,15.));
#2442 = DIRECTION('',(0.,0.,1.));
#2443 = DIRECTION('',(0.874985426885,-0.484149256675,0.));
#2444 = DEFINITIONAL_REPRESENTATION('',(#2445),#2449);
#2445 = LINE('',#2446,#2447);
#2446 = CARTESIAN_POINT('',(0.,1.570796326795));
#2447 = VECTOR('',#2448,1.);
#2448 = DIRECTION('',(1.,0.));
#2449 = ( GEOMETRIC_REPRESENTATION_CONTEXT(2) 
PARAMETRIC_REPRESENTATION_CONTEXT() REPRESENTATION_CONTEXT('2D SPACE',''
  ) );
#2450 = ORIENTED_EDGE('',*,*,#2451,.T.);
#2451 = EDGE_CURVE('',#2423,#2452,#2454,.T.);
#2452 = VERTEX_POINT('',#2453);
#2453 = CARTESIAN_POINT('',(-8.670613198386,-10.99183636905,16.));
#2454 = SURFACE_CURVE('',#2455,(#2460,#2467),.PCURVE_S1.);
#2455 = CIRCLE('',#2456,14.);
#2456 = AXIS2_PLACEMENT_3D('',#2457,#2458,#2459);
#2457 = CARTESIAN_POINT('',(0.,0.,16.));
#2458 = DIRECTION('',(0.,0.,1.));
#2459 = DIRECTION('',(-0.698247479022,-0.715856450721,0.));
#2460 = PCURVE('',#431,#2461);
#2461 = DEFINITIONAL_REPRESENTATION('',(#2462),#2466);
#2462 = CIRCLE('',#2463,14.);
#2463 = AXIS2_PLACEMENT_2D('',#2464,#2465);
#2464 = CARTESIAN_POINT('',(0.,0.));
#2465 = DIRECTION('',(-0.698247479022,-0.715856450721));
#2466 = ( GEOMETRIC_REPRESENTATION_CONTEXT(2) 
PARAMETRIC_REPRESENTATION_CONTEXT() REPRESENTATION_CONTEXT('2D SPACE',''
  ) );
#2467 = PCURVE('',#2468,#2473);
#2468 = TOROIDAL_SURFACE('',#2469,14.,1.);
#2469 = AXIS2_PLACEMENT_3D('',#2470,#2471,#2472);
#2470 = CARTESIAN_POINT('',(0.,0.,15.));
#2471 = DIRECTION('',(-0.,-0.,-1.));
#2472 = DIRECTION('',(-0.698247479022,-0.715856450721,0.));
#2473 = DEFINITIONAL_REPRESENTATION('',(#2474),#2478);
#2474 = LINE('',#2475,#2476);
#2475 = CARTESIAN_POINT('',(-0.,4.712388980385));
#2476 = VECTOR('',#2477,1.);
#2477 = DIRECTION('',(-1.,0.));
#2478 = ( GEOMETRIC_REPRESENTATION_CONTEXT(2) 
PARAMETRIC_REPRESENTATION_CONTEXT() REPRESENTATION_CONTEXT('2D SPACE',''
  ) );
#2479 = ORIENTED_EDGE('',*,*,#2480,.F.);
#2480 = EDGE_CURVE('',#2481,#2452,#2483,.T.);
#2481 = VERTEX_POINT('',#2482);
#2482 = CARTESIAN_POINT('',(-5.183902930647,-13.00488948071,16.));
#2483 = SURFACE_CURVE('',#2484,(#2489,#2496),.PCURVE_S1.);
#2484 = CIRCLE('',#2485,2.6);
#2485 = AXIS2_PLACEMENT_3D('',#2486,#2487,#2488);
#2486 = CARTESIAN_POINT('',(-7.75,-13.42339375865,16.));
#2487 = DIRECTION('',(0.,0.,1.));
#2488 = DIRECTION('',(0.987806147098,-0.155688842746,0.));
#2489 = PCURVE('',#431,#2490);
#2490 = DEFINITIONAL_REPRESENTATION('',(#2491),#2495);
#2491 = CIRCLE('',#2492,2.6);
#2492 = AXIS2_PLACEMENT_2D('',#2493,#2494);
#2493 = CARTESIAN_POINT('',(-7.75,-13.42339375865));
#2494 = DIRECTION('',(0.987806147098,-0.155688842746));
#2495 = ( GEOMETRIC_REPRESENTATION_CONTEXT(2) 
PARAMETRIC_REPRESENTATION_CONTEXT() REPRESENTATION_CONTEXT('2D SPACE',''
  ) );
#2496 = PCURVE('',#2497,#2502);
#2497 = TOROIDAL_SURFACE('',#2498,2.6,1.);
#2498 = AXIS2_PLACEMENT_3D('',#2499,#2500,#2501);
#2499 = CARTESIAN_POINT('',(-7.75,-13.42339375865,15.));
#2500 = DIRECTION('',(0.,0.,1.));
#2501 = DIRECTION('',(0.987806147098,-0.155688842746,0.));
#2502 = DEFINITIONAL_REPRESENTATION('',(#2503),#2507);
#2503 = LINE('',#2504,#2505);
#2504 = CARTESIAN_POINT('',(0.,1.570796326795));
#2505 = VECTOR('',#2506,1.);
#2506 = DIRECTION('',(1.,0.));
#2507 = ( GEOMETRIC_REPRESENTATION_CONTEXT(2) 
PARAMETRIC_REPRESENTATION_CONTEXT() REPRESENTATION_CONTEXT('2D SPACE',''
  ) );
#2508 = ORIENTED_EDGE('',*,*,#2509,.T.);
#2509 = EDGE_CURVE('',#2481,#2510,#2512,.T.);
#2510 = VERTEX_POINT('',#2511);
#2511 = CARTESIAN_POINT('',(-4.388281789857,-13.29447189371,16.));
#2512 = SURFACE_CURVE('',#2513,(#2518,#2525),.PCURVE_S1.);
#2513 = CIRCLE('',#2514,14.);
#2514 = AXIS2_PLACEMENT_3D('',#2515,#2516,#2517);
#2515 = CARTESIAN_POINT('',(0.,0.,16.));
#2516 = DIRECTION('',(0.,0.,1.));
#2517 = DIRECTION('',(-0.411300677643,-0.911499727137,0.));
#2518 = PCURVE('',#431,#2519);
#2519 = DEFINITIONAL_REPRESENTATION('',(#2520),#2524);
#2520 = CIRCLE('',#2521,14.);
#2521 = AXIS2_PLACEMENT_2D('',#2522,#2523);
#2522 = CARTESIAN_POINT('',(0.,0.));
#2523 = DIRECTION('',(-0.411300677643,-0.911499727137));
#2524 = ( GEOMETRIC_REPRESENTATION_CONTEXT(2) 
PARAMETRIC_REPRESENTATION_CONTEXT() REPRESENTATION_CONTEXT('2D SPACE',''
  ) );
#2525 = PCURVE('',#2526,#2531);
#2526 = TOROIDAL_SURFACE('',#2527,14.,1.);
#2527 = AXIS2_PLACEMENT_3D('',#2528,#2529,#2530);
#2528 = CARTESIAN_POINT('',(0.,0.,15.));
#2529 = DIRECTION('',(-0.,-0.,-1.));
#2530 = DIRECTION('',(-0.411300677643,-0.911499727137,0.));
#2531 = DEFINITIONAL_REPRESENTATION('',(#2532),#2536);
#2532 = LINE('',#2533,#2534);
#2533 = CARTESIAN_POINT('',(-0.,4.712388980385));
#2534 = VECTOR('',#2535,1.);
#2535 = DIRECTION('',(-1.,0.));
#2536 = ( GEOMETRIC_REPRESENTATION_CONTEXT(2) 
PARAMETRIC_REPRESENTATION_CONTEXT() REPRESENTATION_CONTEXT('2D SPACE',''
  ) );
#2537 = ORIENTED_EDGE('',*,*,#2538,.F.);
#2538 = EDGE_CURVE('',#2539,#2510,#2541,.T.);
#2539 = VERTEX_POINT('',#2540);
#2540 = CARTESIAN_POINT('',(-0.42334116667,-13.99359790249,16.));
#2541 = SURFACE_CURVE('',#2542,(#2547,#2554),.PCURVE_S1.);
#2542 = CIRCLE('',#2543,2.6);
#2543 = AXIS2_PLACEMENT_3D('',#2544,#2545,#2546);
#2544 = CARTESIAN_POINT('',(-2.691546753837,-15.26452017168,16.));
#2545 = DIRECTION('',(0.,0.,1.));
#2546 = DIRECTION('',(0.981482867505,0.191549943341,-0.));
#2547 = PCURVE('',#431,#2548);
#2548 = DEFINITIONAL_REPRESENTATION('',(#2549),#2553);
#2549 = CIRCLE('',#2550,2.6);
#2550 = AXIS2_PLACEMENT_2D('',#2551,#2552);
#2551 = CARTESIAN_POINT('',(-2.691546753837,-15.26452017168));
#2552 = DIRECTION('',(0.981482867505,0.191549943341));
#2553 = ( GEOMETRIC_REPRESENTATION_CONTEXT(2) 
PARAMETRIC_REPRESENTATION_CONTEXT() REPRESENTATION_CONTEXT('2D SPACE',''
  ) );
#2554 = PCURVE('',#2555,#2560);
#2555 = TOROIDAL_SURFACE('',#2556,2.6,1.);
#2556 = AXIS2_PLACEMENT_3D('',#2557,#2558,#2559);
#2557 = CARTESIAN_POINT('',(-2.691546753837,-15.26452017168,15.));
#2558 = DIRECTION('',(0.,0.,1.));
#2559 = DIRECTION('',(0.981482867505,0.191549943341,-0.));
#2560 = DEFINITIONAL_REPRESENTATION('',(#2561),#2565);
#2561 = LINE('',#2562,#2563);
#2562 = CARTESIAN_POINT('',(0.,1.570796326795));
#2563 = VECTOR('',#2564,1.);
#2564 = DIRECTION('',(1.,0.));
#2565 = ( GEOMETRIC_REPRESENTATION_CONTEXT(2) 
PARAMETRIC_REPRESENTATION_CONTEXT() REPRESENTATION_CONTEXT('2D SPACE',''
  ) );
#2566 = ORIENTED_EDGE('',*,*,#2567,.T.);
#2567 = EDGE_CURVE('',#2539,#2568,#2570,.T.);
#2568 = VERTEX_POINT('',#2569);
#2569 = CARTESIAN_POINT('',(0.42334116667,-13.99359790249,16.));
#2570 = SURFACE_CURVE('',#2571,(#2576,#2583),.PCURVE_S1.);
#2571 = CIRCLE('',#2572,14.);
#2572 = AXIS2_PLACEMENT_3D('',#2573,#2574,#2575);
#2573 = CARTESIAN_POINT('',(0.,0.,16.));
#2574 = DIRECTION('',(0.,0.,1.));
#2575 = DIRECTION('',(-7.474494438863E-02,-0.997202684156,0.));
#2576 = PCURVE('',#431,#2577);
#2577 = DEFINITIONAL_REPRESENTATION('',(#2578),#2582);
#2578 = CIRCLE('',#2579,14.);
#2579 = AXIS2_PLACEMENT_2D('',#2580,#2581);
#2580 = CARTESIAN_POINT('',(0.,0.));
#2581 = DIRECTION('',(-7.474494438863E-02,-0.997202684156));
#2582 = ( GEOMETRIC_REPRESENTATION_CONTEXT(2) 
PARAMETRIC_REPRESENTATION_CONTEXT() REPRESENTATION_CONTEXT('2D SPACE',''
  ) );
#2583 = PCURVE('',#2584,#2589);
#2584 = TOROIDAL_SURFACE('',#2585,14.,1.);
#2585 = AXIS2_PLACEMENT_3D('',#2586,#2587,#2588);
#2586 = CARTESIAN_POINT('',(0.,0.,15.));
#2587 = DIRECTION('',(-0.,-0.,-1.));
#2588 = DIRECTION('',(-7.474494438863E-02,-0.997202684156,0.));
#2589 = DEFINITIONAL_REPRESENTATION('',(#2590),#2594);
#2590 = LINE('',#2591,#2592);
#2591 = CARTESIAN_POINT('',(-0.,4.712388980385));
#2592 = VECTOR('',#2593,1.);
#2593 = DIRECTION('',(-1.,0.));
#2594 = ( GEOMETRIC_REPRESENTATION_CONTEXT(2) 
PARAMETRIC_REPRESENTATION_CONTEXT() REPRESENTATION_CONTEXT('2D SPACE',''
  ) );
#2595 = ORIENTED_EDGE('',*,*,#2596,.F.);
#2596 = EDGE_CURVE('',#2597,#2568,#2599,.T.);
#2597 = VERTEX_POINT('',#2598);
#2598 = CARTESIAN_POINT('',(4.388281789857,-13.29447189371,16.));
#2599 = SURFACE_CURVE('',#2600,(#2605,#2612),.PCURVE_S1.);
#2600 = CIRCLE('',#2601,2.6);
#2601 = AXIS2_PLACEMENT_3D('',#2602,#2603,#2604);
#2602 = CARTESIAN_POINT('',(2.691546753837,-15.26452017168,16.));
#2603 = DIRECTION('',(0.,0.,1.));
#2604 = DIRECTION('',(0.856778268947,0.515684979286,-0.));
#2605 = PCURVE('',#431,#2606);
#2606 = DEFINITIONAL_REPRESENTATION('',(#2607),#2611);
#2607 = CIRCLE('',#2608,2.6);
#2608 = AXIS2_PLACEMENT_2D('',#2609,#2610);
#2609 = CARTESIAN_POINT('',(2.691546753837,-15.26452017168));
#2610 = DIRECTION('',(0.856778268947,0.515684979286));
#2611 = ( GEOMETRIC_REPRESENTATION_CONTEXT(2) 
PARAMETRIC_REPRESENTATION_CONTEXT() REPRESENTATION_CONTEXT('2D SPACE',''
  ) );
#2612 = PCURVE('',#2613,#2618);
#2613 = TOROIDAL_SURFACE('',#2614,2.6,1.);
#2614 = AXIS2_PLACEMENT_3D('',#2615,#2616,#2617);
#2615 = CARTESIAN_POINT('',(2.691546753837,-15.26452017168,15.));
#2616 = DIRECTION('',(0.,0.,1.));
#2617 = DIRECTION('',(0.856778268947,0.515684979286,-0.));
#2618 = DEFINITIONAL_REPRESENTATION('',(#2619),#2623);
#2619 = LINE('',#2620,#2621);
#2620 = CARTESIAN_POINT('',(0.,1.570796326795));
#2621 = VECTOR('',#2622,1.);
#2622 = DIRECTION('',(1.,0.));
#2623 = ( GEOMETRIC_REPRESENTATION_CONTEXT(2) 
PARAMETRIC_REPRESENTATION_CONTEXT() REPRESENTATION_CONTEXT('2D SPACE',''
  ) );
#2624 = ORIENTED_EDGE('',*,*,#2625,.T.);
#2625 = EDGE_CURVE('',#2597,#2626,#2628,.T.);
#2626 = VERTEX_POINT('',#2627);
#2627 = CARTESIAN_POINT('',(5.183902930647,-13.00488948071,16.));
#2628 = SURFACE_CURVE('',#2629,(#2634,#2641),.PCURVE_S1.);
#2629 = CIRCLE('',#2630,14.);
#2630 = AXIS2_PLACEMENT_3D('',#2631,#2632,#2633);
#2631 = CARTESIAN_POINT('',(0.,0.,16.));
#2632 = DIRECTION('',(0.,0.,1.));
#2633 = DIRECTION('',(0.270826132277,-0.962628280322,0.));
#2634 = PCURVE('',#431,#2635);
#2635 = DEFINITIONAL_REPRESENTATION('',(#2636),#2640);
#2636 = CIRCLE('',#2637,14.);
#2637 = AXIS2_PLACEMENT_2D('',#2638,#2639);
#2638 = CARTESIAN_POINT('',(0.,0.));
#2639 = DIRECTION('',(0.270826132277,-0.962628280322));
#2640 = ( GEOMETRIC_REPRESENTATION_CONTEXT(2) 
PARAMETRIC_REPRESENTATION_CONTEXT() REPRESENTATION_CONTEXT('2D SPACE',''
  ) );
#2641 = PCURVE('',#2642,#2647);
#2642 = TOROIDAL_SURFACE('',#2643,14.,1.);
#2643 = AXIS2_PLACEMENT_3D('',#2644,#2645,#2646);
#2644 = CARTESIAN_POINT('',(0.,0.,15.));
#2645 = DIRECTION('',(-0.,-0.,-1.));
#2646 = DIRECTION('',(0.270826132277,-0.962628280322,0.));
#2647 = DEFINITIONAL_REPRESENTATION('',(#2648),#2652);
#2648 = LINE('',#2649,#2650);
#2649 = CARTESIAN_POINT('',(-0.,4.712388980385));
#2650 = VECTOR('',#2651,1.);
#2651 = DIRECTION('',(-1.,0.));
#2652 = ( GEOMETRIC_REPRESENTATION_CONTEXT(2) 
PARAMETRIC_REPRESENTATION_CONTEXT() REPRESENTATION_CONTEXT('2D SPACE',''
  ) );
#2653 = ORIENTED_EDGE('',*,*,#2654,.F.);
#2654 = EDGE_CURVE('',#2655,#2626,#2657,.T.);
#2655 = VERTEX_POINT('',#2656);
#2656 = CARTESIAN_POINT('',(8.670613198386,-10.99183636905,16.));
#2657 = SURFACE_CURVE('',#2658,(#2663,#2670),.PCURVE_S1.);
#2658 = CIRCLE('',#2659,2.6);
#2659 = AXIS2_PLACEMENT_3D('',#2660,#2661,#2662);
#2660 = CARTESIAN_POINT('',(7.75,-13.42339375865,16.));
#2661 = DIRECTION('',(0.,0.,1.));
#2662 = DIRECTION('',(0.628733566453,0.777620796028,-0.));
#2663 = PCURVE('',#431,#2664);
#2664 = DEFINITIONAL_REPRESENTATION('',(#2665),#2669);
#2665 = CIRCLE('',#2666,2.6);
#2666 = AXIS2_PLACEMENT_2D('',#2667,#2668);
#2667 = CARTESIAN_POINT('',(7.75,-13.42339375865));
#2668 = DIRECTION('',(0.628733566453,0.777620796028));
#2669 = ( GEOMETRIC_REPRESENTATION_CONTEXT(2) 
PARAMETRIC_REPRESENTATION_CONTEXT() REPRESENTATION_CONTEXT('2D SPACE',''
  ) );
#2670 = PCURVE('',#2671,#2676);
#2671 = TOROIDAL_SURFACE('',#2672,2.6,1.);
#2672 = AXIS2_PLACEMENT_3D('',#2673,#2674,#2675);
#2673 = CARTESIAN_POINT('',(7.75,-13.42339375865,15.));
#2674 = DIRECTION('',(0.,0.,1.));
#2675 = DIRECTION('',(0.628733566453,0.777620796028,-0.));
#2676 = DEFINITIONAL_REPRESENTATION('',(#2677),#2681);
#2677 = LINE('',#2678,#2679);
#2678 = CARTESIAN_POINT('',(0.,1.570796326795));
#2679 = VECTOR('',#2680,1.);
#2680 = DIRECTION('',(1.,0.));
#2681 = ( GEOMETRIC_REPRESENTATION_CONTEXT(2) 
PARAMETRIC_REPRESENTATION_CONTEXT() REPRESENTATION_CONTEXT('2D SPACE',''
  ) );
#2682 = ORIENTED_EDGE('',*,*,#2683,.T.);
#2683 = EDGE_CURVE('',#2655,#2684,#2686,.T.);
#2684 = VERTEX_POINT('',#2685);
#2685 = CARTESIAN_POINT('',(9.319209494928,-10.44759945583,16.));
#2686 = SURFACE_CURVE('',#2687,(#2692,#2699),.PCURVE_S1.);
#2687 = CIRCLE('',#2688,14.);
#2688 = AXIS2_PLACEMENT_3D('',#2689,#2690,#2691);
#2689 = CARTESIAN_POINT('',(0.,0.,16.));
#2690 = DIRECTION('',(0.,0.,1.));
#2691 = DIRECTION('',(0.583731580422,-0.811946699001,0.));
#2692 = PCURVE('',#431,#2693);
#2693 = DEFINITIONAL_REPRESENTATION('',(#2694),#2698);
#2694 = CIRCLE('',#2695,14.);
#2695 = AXIS2_PLACEMENT_2D('',#2696,#2697);
#2696 = CARTESIAN_POINT('',(0.,0.));
#2697 = DIRECTION('',(0.583731580422,-0.811946699001));
#2698 = ( GEOMETRIC_REPRESENTATION_CONTEXT(2) 
PARAMETRIC_REPRESENTATION_CONTEXT() REPRESENTATION_CONTEXT('2D SPACE',''
  ) );
#2699 = PCURVE('',#2700,#2705);
#2700 = TOROIDAL_SURFACE('',#2701,14.,1.);
#2701 = AXIS2_PLACEMENT_3D('',#2702,#2703,#2704);
#2702 = CARTESIAN_POINT('',(0.,0.,15.));
#2703 = DIRECTION('',(-0.,-0.,-1.));
#2704 = DIRECTION('',(0.583731580422,-0.811946699001,0.));
#2705 = DEFINITIONAL_REPRESENTATION('',(#2706),#2710);
#2706 = LINE('',#2707,#2708);
#2707 = CARTESIAN_POINT('',(-0.,4.712388980385));
#2708 = VECTOR('',#2709,1.);
#2709 = DIRECTION('',(-1.,0.));
#2710 = ( GEOMETRIC_REPRESENTATION_CONTEXT(2) 
PARAMETRIC_REPRESENTATION_CONTEXT() REPRESENTATION_CONTEXT('2D SPACE',''
  ) );
#2711 = ORIENTED_EDGE('',*,*,#2712,.F.);
#2712 = EDGE_CURVE('',#2713,#2684,#2715,.T.);
#2713 = VERTEX_POINT('',#2714);
#2714 = CARTESIAN_POINT('',(11.907140690567,-7.36342315605,16.));
#2715 = SURFACE_CURVE('',#2716,(#2721,#2728),.PCURVE_S1.);
#2716 = CIRCLE('',#2717,2.6);
#2717 = AXIS2_PLACEMENT_3D('',#2718,#2719,#2720);
#2718 = CARTESIAN_POINT('',(11.873688868344,-9.963207950141,16.));
#2719 = DIRECTION('',(0.,0.,1.));
#2720 = DIRECTION('',(0.324854316725,0.945764068309,-0.));
#2721 = PCURVE('',#431,#2722);
#2722 = DEFINITIONAL_REPRESENTATION('',(#2723),#2727);
#2723 = CIRCLE('',#2724,2.6);
#2724 = AXIS2_PLACEMENT_2D('',#2725,#2726);
#2725 = CARTESIAN_POINT('',(11.873688868344,-9.963207950141));
#2726 = DIRECTION('',(0.324854316725,0.945764068309));
#2727 = ( GEOMETRIC_REPRESENTATION_CONTEXT(2) 
PARAMETRIC_REPRESENTATION_CONTEXT() REPRESENTATION_CONTEXT('2D SPACE',''
  ) );
#2728 = PCURVE('',#2729,#2734);
#2729 = TOROIDAL_SURFACE('',#2730,2.6,1.);
#2730 = AXIS2_PLACEMENT_3D('',#2731,#2732,#2733);
#2731 = CARTESIAN_POINT('',(11.873688868344,-9.963207950141,15.));
#2732 = DIRECTION('',(0.,0.,1.));
#2733 = DIRECTION('',(0.324854316725,0.945764068309,-0.));
#2734 = DEFINITIONAL_REPRESENTATION('',(#2735),#2739);
#2735 = LINE('',#2736,#2737);
#2736 = CARTESIAN_POINT('',(0.,1.570796326795));
#2737 = VECTOR('',#2738,1.);
#2738 = DIRECTION('',(1.,0.));
#2739 = ( GEOMETRIC_REPRESENTATION_CONTEXT(2) 
PARAMETRIC_REPRESENTATION_CONTEXT() REPRESENTATION_CONTEXT('2D SPACE',''
  ) );
#2740 = ORIENTED_EDGE('',*,*,#2741,.T.);
#2741 = EDGE_CURVE('',#2713,#1686,#2742,.T.);
#2742 = SURFACE_CURVE('',#2743,(#2748,#2755),.PCURVE_S1.);
#2743 = CIRCLE('',#2744,14.);
#2744 = AXIS2_PLACEMENT_3D('',#2745,#2746,#2747);
#2745 = CARTESIAN_POINT('',(0.,0.,16.));
#2746 = DIRECTION('',(0.,0.,1.));
#2747 = DIRECTION('',(0.826230385007,-0.563332362723,0.));
#2748 = PCURVE('',#431,#2749);
#2749 = DEFINITIONAL_REPRESENTATION('',(#2750),#2754);
#2750 = CIRCLE('',#2751,14.);
#2751 = AXIS2_PLACEMENT_2D('',#2752,#2753);
#2752 = CARTESIAN_POINT('',(0.,0.));
#2753 = DIRECTION('',(0.826230385007,-0.563332362723));
#2754 = ( GEOMETRIC_REPRESENTATION_CONTEXT(2) 
PARAMETRIC_REPRESENTATION_CONTEXT() REPRESENTATION_CONTEXT('2D SPACE',''
  ) );
#2755 = PCURVE('',#1759,#2756);
#2756 = DEFINITIONAL_REPRESENTATION('',(#2757),#2761);
#2757 = LINE('',#2758,#2759);
#2758 = CARTESIAN_POINT('',(-0.,4.712388980385));
#2759 = VECTOR('',#2760,1.);
#2760 = DIRECTION('',(-1.,0.));
#2761 = ( GEOMETRIC_REPRESENTATION_CONTEXT(2) 
PARAMETRIC_REPRESENTATION_CONTEXT() REPRESENTATION_CONTEXT('2D SPACE',''
  ) );
#2762 = ORIENTED_EDGE('',*,*,#1790,.F.);
#2763 = ADVANCED_FACE('',(#2764),#488,.F.);
#2764 = FACE_BOUND('',#2765,.F.);
#2765 = EDGE_LOOP('',(#2766,#2767,#2791,#2810));
#2766 = ORIENTED_EDGE('',*,*,#1636,.T.);
#2767 = ORIENTED_EDGE('',*,*,#2768,.F.);
#2768 = EDGE_CURVE('',#2769,#1637,#2771,.T.);
#2769 = VERTEX_POINT('',#2770);
#2770 = CARTESIAN_POINT('',(13.514629940934,6.508054821497,15.));
#2771 = SURFACE_CURVE('',#2772,(#2777,#2784),.PCURVE_S1.);
#2772 = CIRCLE('',#2773,1.6);
#2773 = AXIS2_PLACEMENT_3D('',#2774,#2775,#2776);
#2774 = CARTESIAN_POINT('',(14.565235622182,5.301312221548,15.));
#2775 = DIRECTION('',(0.,0.,1.));
#2776 = DIRECTION('',(-0.65662855078,0.754214124968,0.));
#2777 = PCURVE('',#488,#2778);
#2778 = DEFINITIONAL_REPRESENTATION('',(#2779),#2783);
#2779 = LINE('',#2780,#2781);
#2780 = CARTESIAN_POINT('',(1.938070341229,15.));
#2781 = VECTOR('',#2782,1.);
#2782 = DIRECTION('',(1.,0.));
#2783 = ( GEOMETRIC_REPRESENTATION_CONTEXT(2) 
PARAMETRIC_REPRESENTATION_CONTEXT() REPRESENTATION_CONTEXT('2D SPACE',''
  ) );
#2784 = PCURVE('',#1859,#2785);
#2785 = DEFINITIONAL_REPRESENTATION('',(#2786),#2790);
#2786 = LINE('',#2787,#2788);
#2787 = CARTESIAN_POINT('',(0.,3.14159265359));
#2788 = VECTOR('',#2789,1.);
#2789 = DIRECTION('',(1.,0.));
#2790 = ( GEOMETRIC_REPRESENTATION_CONTEXT(2) 
PARAMETRIC_REPRESENTATION_CONTEXT() REPRESENTATION_CONTEXT('2D SPACE',''
  ) );
#2791 = ORIENTED_EDGE('',*,*,#2792,.F.);
#2792 = EDGE_CURVE('',#472,#2769,#2793,.T.);
#2793 = SURFACE_CURVE('',#2794,(#2798,#2804),.PCURVE_S1.);
#2794 = LINE('',#2795,#2796);
#2795 = CARTESIAN_POINT('',(13.514629940934,6.508054821497,0.));
#2796 = VECTOR('',#2797,1.);
#2797 = DIRECTION('',(0.,0.,1.));
#2798 = PCURVE('',#488,#2799);
#2799 = DEFINITIONAL_REPRESENTATION('',(#2800),#2803);
#2800 = B_SPLINE_CURVE_WITH_KNOTS('',1,(#2801,#2802),.UNSPECIFIED.,.F.,
  .F.,(2,2),(-6.E-07,16.0000006),.PIECEWISE_BEZIER_KNOTS.);
#2801 = CARTESIAN_POINT('',(1.938070341229,-6.E-07));
#2802 = CARTESIAN_POINT('',(1.938070341229,16.0000006));
#2803 = ( GEOMETRIC_REPRESENTATION_CONTEXT(2) 
PARAMETRIC_REPRESENTATION_CONTEXT() REPRESENTATION_CONTEXT('2D SPACE',''
  ) );
#2804 = PCURVE('',#517,#2805);
#2805 = DEFINITIONAL_REPRESENTATION('',(#2806),#2809);
#2806 = B_SPLINE_CURVE_WITH_KNOTS('',1,(#2807,#2808),.UNSPECIFIED.,.F.,
  .F.,(2,2),(-6.E-07,16.0000006),.PIECEWISE_BEZIER_KNOTS.);
#2807 = CARTESIAN_POINT('',(0.44878405806,-6.E-07));
#2808 = CARTESIAN_POINT('',(0.44878405806,16.0000006));
#2809 = ( GEOMETRIC_REPRESENTATION_CONTEXT(2) 
PARAMETRIC_REPRESENTATION_CONTEXT() REPRESENTATION_CONTEXT('2D SPACE',''
  ) );
#2810 = ORIENTED_EDGE('',*,*,#471,.T.);
#2811 = ADVANCED_FACE('',(#2812),#517,.T.);
#2812 = FACE_BOUND('',#2813,.T.);
#2813 = EDGE_LOOP('',(#2814,#2835,#2857,#2858));
#2814 = ORIENTED_EDGE('',*,*,#2815,.T.);
#2815 = EDGE_CURVE('',#501,#2816,#2818,.T.);
#2816 = VERTEX_POINT('',#2817);
#2817 = CARTESIAN_POINT('',(12.393455775105,8.449985440847,15.));
#2818 = SURFACE_CURVE('',#2819,(#2823,#2829),.PCURVE_S1.);
#2819 = LINE('',#2820,#2821);
#2820 = CARTESIAN_POINT('',(12.393455775105,8.449985440847,0.));
#2821 = VECTOR('',#2822,1.);
#2822 = DIRECTION('',(0.,0.,1.));
#2823 = PCURVE('',#517,#2824);
#2824 = DEFINITIONAL_REPRESENTATION('',(#2825),#2828);
#2825 = B_SPLINE_CURVE_WITH_KNOTS('',1,(#2826,#2827),.UNSPECIFIED.,.F.,
  .F.,(2,2),(-6.E-07,16.0000006),.PIECEWISE_BEZIER_KNOTS.);
#2826 = CARTESIAN_POINT('',(0.598413493137,-6.E-07));
#2827 = CARTESIAN_POINT('',(0.598413493137,16.0000006));
#2828 = ( GEOMETRIC_REPRESENTATION_CONTEXT(2) 
PARAMETRIC_REPRESENTATION_CONTEXT() REPRESENTATION_CONTEXT('2D SPACE',''
  ) );
#2829 = PCURVE('',#546,#2830);
#2830 = DEFINITIONAL_REPRESENTATION('',(#2831),#2834);
#2831 = B_SPLINE_CURVE_WITH_KNOTS('',1,(#2832,#2833),.UNSPECIFIED.,.F.,
  .F.,(2,2),(-6.E-07,16.0000006),.PIECEWISE_BEZIER_KNOTS.);
#2832 = CARTESIAN_POINT('',(4.34511496595,-6.E-07));
#2833 = CARTESIAN_POINT('',(4.34511496595,16.0000006));
#2834 = ( GEOMETRIC_REPRESENTATION_CONTEXT(2) 
PARAMETRIC_REPRESENTATION_CONTEXT() REPRESENTATION_CONTEXT('2D SPACE',''
  ) );
#2835 = ORIENTED_EDGE('',*,*,#2836,.F.);
#2836 = EDGE_CURVE('',#2769,#2816,#2837,.T.);
#2837 = SURFACE_CURVE('',#2838,(#2843,#2850),.PCURVE_S1.);
#2838 = CIRCLE('',#2839,15.);
#2839 = AXIS2_PLACEMENT_3D('',#2840,#2841,#2842);
#2840 = CARTESIAN_POINT('',(0.,0.,15.));
#2841 = DIRECTION('',(0.,0.,1.));
#2842 = DIRECTION('',(0.900975329396,0.433870321433,-0.));
#2843 = PCURVE('',#517,#2844);
#2844 = DEFINITIONAL_REPRESENTATION('',(#2845),#2849);
#2845 = LINE('',#2846,#2847);
#2846 = CARTESIAN_POINT('',(0.44878405806,15.));
#2847 = VECTOR('',#2848,1.);
#2848 = DIRECTION('',(1.,0.));
#2849 = ( GEOMETRIC_REPRESENTATION_CONTEXT(2) 
PARAMETRIC_REPRESENTATION_CONTEXT() REPRESENTATION_CONTEXT('2D SPACE',''
  ) );
#2850 = PCURVE('',#1888,#2851);
#2851 = DEFINITIONAL_REPRESENTATION('',(#2852),#2856);
#2852 = LINE('',#2853,#2854);
#2853 = CARTESIAN_POINT('',(-0.,6.28318530718));
#2854 = VECTOR('',#2855,1.);
#2855 = DIRECTION('',(-1.,0.));
#2856 = ( GEOMETRIC_REPRESENTATION_CONTEXT(2) 
PARAMETRIC_REPRESENTATION_CONTEXT() REPRESENTATION_CONTEXT('2D SPACE',''
  ) );
#2857 = ORIENTED_EDGE('',*,*,#2792,.F.);
#2858 = ORIENTED_EDGE('',*,*,#500,.T.);
#2859 = ADVANCED_FACE('',(#2860),#1387,.T.);
#2860 = FACE_BOUND('',#2861,.T.);
#2861 = EDGE_LOOP('',(#2862,#2863,#2887,#2906));
#2862 = ORIENTED_EDGE('',*,*,#1456,.T.);
#2863 = ORIENTED_EDGE('',*,*,#2864,.F.);
#2864 = EDGE_CURVE('',#2865,#1457,#2867,.T.);
#2865 = VERTEX_POINT('',#2866);
#2866 = CARTESIAN_POINT('',(12.393455775105,-8.449985440847,15.));
#2867 = SURFACE_CURVE('',#2868,(#2873,#2880),.PCURVE_S1.);
#2868 = CIRCLE('',#2869,15.);
#2869 = AXIS2_PLACEMENT_3D('',#2870,#2871,#2872);
#2870 = CARTESIAN_POINT('',(0.,0.,15.));
#2871 = DIRECTION('',(0.,0.,1.));
#2872 = DIRECTION('',(0.826230385007,-0.563332362723,0.));
#2873 = PCURVE('',#1387,#2874);
#2874 = DEFINITIONAL_REPRESENTATION('',(#2875),#2879);
#2875 = LINE('',#2876,#2877);
#2876 = CARTESIAN_POINT('',(5.684771814043,15.));
#2877 = VECTOR('',#2878,1.);
#2878 = DIRECTION('',(1.,0.));
#2879 = ( GEOMETRIC_REPRESENTATION_CONTEXT(2) 
PARAMETRIC_REPRESENTATION_CONTEXT() REPRESENTATION_CONTEXT('2D SPACE',''
  ) );
#2880 = PCURVE('',#1759,#2881);
#2881 = DEFINITIONAL_REPRESENTATION('',(#2882),#2886);
#2882 = LINE('',#2883,#2884);
#2883 = CARTESIAN_POINT('',(-0.,6.28318530718));
#2884 = VECTOR('',#2885,1.);
#2885 = DIRECTION('',(-1.,0.));
#2886 = ( GEOMETRIC_REPRESENTATION_CONTEXT(2) 
PARAMETRIC_REPRESENTATION_CONTEXT() REPRESENTATION_CONTEXT('2D SPACE',''
  ) );
#2887 = ORIENTED_EDGE('',*,*,#2888,.F.);
#2888 = EDGE_CURVE('',#1342,#2865,#2889,.T.);
#2889 = SURFACE_CURVE('',#2890,(#2894,#2900),.PCURVE_S1.);
#2890 = LINE('',#2891,#2892);
#2891 = CARTESIAN_POINT('',(12.393455775105,-8.449985440847,0.));
#2892 = VECTOR('',#2893,1.);
#2893 = DIRECTION('',(0.,0.,1.));
#2894 = PCURVE('',#1387,#2895);
#2895 = DEFINITIONAL_REPRESENTATION('',(#2896),#2899);
#2896 = B_SPLINE_CURVE_WITH_KNOTS('',1,(#2897,#2898),.UNSPECIFIED.,.F.,
  .F.,(2,2),(-6.E-07,16.0000006),.PIECEWISE_BEZIER_KNOTS.);
#2897 = CARTESIAN_POINT('',(5.684771814043,-6.E-07));
#2898 = CARTESIAN_POINT('',(5.684771814043,16.0000006));
#2899 = ( GEOMETRIC_REPRESENTATION_CONTEXT(2) 
PARAMETRIC_REPRESENTATION_CONTEXT() REPRESENTATION_CONTEXT('2D SPACE',''
  ) );
#2900 = PCURVE('',#1358,#2901);
#2901 = DEFINITIONAL_REPRESENTATION('',(#2902),#2905);
#2902 = B_SPLINE_CURVE_WITH_KNOTS('',1,(#2903,#2904),.UNSPECIFIED.,.F.,
  .F.,(2,2),(-6.E-07,16.0000006),.PIECEWISE_BEZIER_KNOTS.);
#2903 = CARTESIAN_POINT('',(1.938070341229,-6.E-07));
#2904 = CARTESIAN_POINT('',(1.938070341229,16.0000006));
#2905 = ( GEOMETRIC_REPRESENTATION_CONTEXT(2) 
PARAMETRIC_REPRESENTATION_CONTEXT() REPRESENTATION_CONTEXT('2D SPACE',''
  ) );
#2906 = ORIENTED_EDGE('',*,*,#1370,.T.);
#2907 = ADVANCED_FACE('',(#2908),#546,.F.);
#2908 = FACE_BOUND('',#2909,.F.);
#2909 = EDGE_LOOP('',(#2910,#2911,#2935,#2954));
#2910 = ORIENTED_EDGE('',*,*,#2815,.T.);
#2911 = ORIENTED_EDGE('',*,*,#2912,.F.);
#2912 = EDGE_CURVE('',#2913,#2816,#2915,.T.);
#2913 = VERTEX_POINT('',#2914);
#2914 = CARTESIAN_POINT('',(10.473712185329,10.737846760822,15.));
#2915 = SURFACE_CURVE('',#2916,(#2921,#2928),.PCURVE_S1.);
#2916 = CIRCLE('',#2917,1.6);
#2917 = AXIS2_PLACEMENT_3D('',#2918,#2919,#2920);
#2918 = CARTESIAN_POINT('',(11.873688868344,9.963207950141,15.));
#2919 = DIRECTION('',(0.,0.,1.));
#2920 = DIRECTION('',(-0.874985426885,0.484149256675,0.));
#2921 = PCURVE('',#546,#2922);
#2922 = DEFINITIONAL_REPRESENTATION('',(#2923),#2927);
#2923 = LINE('',#2924,#2925);
#2924 = CARTESIAN_POINT('',(1.938070341229,15.));
#2925 = VECTOR('',#2926,1.);
#2926 = DIRECTION('',(1.,0.));
#2927 = ( GEOMETRIC_REPRESENTATION_CONTEXT(2) 
PARAMETRIC_REPRESENTATION_CONTEXT() REPRESENTATION_CONTEXT('2D SPACE',''
  ) );
#2928 = PCURVE('',#1917,#2929);
#2929 = DEFINITIONAL_REPRESENTATION('',(#2930),#2934);
#2930 = LINE('',#2931,#2932);
#2931 = CARTESIAN_POINT('',(0.,3.14159265359));
#2932 = VECTOR('',#2933,1.);
#2933 = DIRECTION('',(1.,0.));
#2934 = ( GEOMETRIC_REPRESENTATION_CONTEXT(2) 
PARAMETRIC_REPRESENTATION_CONTEXT() REPRESENTATION_CONTEXT('2D SPACE',''
  ) );
#2935 = ORIENTED_EDGE('',*,*,#2936,.F.);
#2936 = EDGE_CURVE('',#530,#2913,#2937,.T.);
#2937 = SURFACE_CURVE('',#2938,(#2942,#2948),.PCURVE_S1.);
#2938 = LINE('',#2939,#2940);
#2939 = CARTESIAN_POINT('',(10.473712185329,10.737846760822,0.));
#2940 = VECTOR('',#2941,1.);
#2941 = DIRECTION('',(0.,0.,1.));
#2942 = PCURVE('',#546,#2943);
#2943 = DEFINITIONAL_REPRESENTATION('',(#2944),#2947);
#2944 = B_SPLINE_CURVE_WITH_KNOTS('',1,(#2945,#2946),.UNSPECIFIED.,.F.,
  .F.,(2,2),(-6.E-07,16.0000006),.PIECEWISE_BEZIER_KNOTS.);
#2945 = CARTESIAN_POINT('',(1.938070341229,-6.E-07));
#2946 = CARTESIAN_POINT('',(1.938070341229,16.0000006));
#2947 = ( GEOMETRIC_REPRESENTATION_CONTEXT(2) 
PARAMETRIC_REPRESENTATION_CONTEXT() REPRESENTATION_CONTEXT('2D SPACE',''
  ) );
#2948 = PCURVE('',#575,#2949);
#2949 = DEFINITIONAL_REPRESENTATION('',(#2950),#2953);
#2950 = B_SPLINE_CURVE_WITH_KNOTS('',1,(#2951,#2952),.UNSPECIFIED.,.F.,
  .F.,(2,2),(-6.E-07,16.0000006),.PIECEWISE_BEZIER_KNOTS.);
#2951 = CARTESIAN_POINT('',(0.797849908459,-6.E-07));
#2952 = CARTESIAN_POINT('',(0.797849908459,16.0000006));
#2953 = ( GEOMETRIC_REPRESENTATION_CONTEXT(2) 
PARAMETRIC_REPRESENTATION_CONTEXT() REPRESENTATION_CONTEXT('2D SPACE',''
  ) );
#2954 = ORIENTED_EDGE('',*,*,#529,.T.);
#2955 = ADVANCED_FACE('',(#2956),#1358,.F.);
#2956 = FACE_BOUND('',#2957,.F.);
#2957 = EDGE_LOOP('',(#2958,#2979,#3001,#3002));
#2958 = ORIENTED_EDGE('',*,*,#2959,.T.);
#2959 = EDGE_CURVE('',#1313,#2960,#2962,.T.);
#2960 = VERTEX_POINT('',#2961);
#2961 = CARTESIAN_POINT('',(10.473712185329,-10.73784676082,15.));
#2962 = SURFACE_CURVE('',#2963,(#2967,#2973),.PCURVE_S1.);
#2963 = LINE('',#2964,#2965);
#2964 = CARTESIAN_POINT('',(10.473712185329,-10.73784676082,0.));
#2965 = VECTOR('',#2966,1.);
#2966 = DIRECTION('',(0.,0.,1.));
#2967 = PCURVE('',#1358,#2968);
#2968 = DEFINITIONAL_REPRESENTATION('',(#2969),#2972);
#2969 = B_SPLINE_CURVE_WITH_KNOTS('',1,(#2970,#2971),.UNSPECIFIED.,.F.,
  .F.,(2,2),(-6.E-07,16.0000006),.PIECEWISE_BEZIER_KNOTS.);
#2970 = CARTESIAN_POINT('',(4.34511496595,-6.E-07));
#2971 = CARTESIAN_POINT('',(4.34511496595,16.0000006));
#2972 = ( GEOMETRIC_REPRESENTATION_CONTEXT(2) 
PARAMETRIC_REPRESENTATION_CONTEXT() REPRESENTATION_CONTEXT('2D SPACE',''
  ) );
#2973 = PCURVE('',#1329,#2974);
#2974 = DEFINITIONAL_REPRESENTATION('',(#2975),#2978);
#2975 = B_SPLINE_CURVE_WITH_KNOTS('',1,(#2976,#2977),.UNSPECIFIED.,.F.,
  .F.,(2,2),(-6.E-07,16.0000006),.PIECEWISE_BEZIER_KNOTS.);
#2976 = CARTESIAN_POINT('',(5.485335398721,-6.E-07));
#2977 = CARTESIAN_POINT('',(5.485335398721,16.0000006));
#2978 = ( GEOMETRIC_REPRESENTATION_CONTEXT(2) 
PARAMETRIC_REPRESENTATION_CONTEXT() REPRESENTATION_CONTEXT('2D SPACE',''
  ) );
#2979 = ORIENTED_EDGE('',*,*,#2980,.F.);
#2980 = EDGE_CURVE('',#2865,#2960,#2981,.T.);
#2981 = SURFACE_CURVE('',#2982,(#2987,#2994),.PCURVE_S1.);
#2982 = CIRCLE('',#2983,1.6);
#2983 = AXIS2_PLACEMENT_3D('',#2984,#2985,#2986);
#2984 = CARTESIAN_POINT('',(11.873688868344,-9.963207950141,15.));
#2985 = DIRECTION('',(0.,0.,1.));
#2986 = DIRECTION('',(0.324854316725,0.945764068309,-0.));
#2987 = PCURVE('',#1358,#2988);
#2988 = DEFINITIONAL_REPRESENTATION('',(#2989),#2993);
#2989 = LINE('',#2990,#2991);
#2990 = CARTESIAN_POINT('',(1.938070341229,15.));
#2991 = VECTOR('',#2992,1.);
#2992 = DIRECTION('',(1.,0.));
#2993 = ( GEOMETRIC_REPRESENTATION_CONTEXT(2) 
PARAMETRIC_REPRESENTATION_CONTEXT() REPRESENTATION_CONTEXT('2D SPACE',''
  ) );
#2994 = PCURVE('',#2729,#2995);
#2995 = DEFINITIONAL_REPRESENTATION('',(#2996),#3000);
#2996 = LINE('',#2997,#2998);
#2997 = CARTESIAN_POINT('',(0.,3.14159265359));
#2998 = VECTOR('',#2999,1.);
#2999 = DIRECTION('',(1.,0.));
#3000 = ( GEOMETRIC_REPRESENTATION_CONTEXT(2) 
PARAMETRIC_REPRESENTATION_CONTEXT() REPRESENTATION_CONTEXT('2D SPACE',''
  ) );
#3001 = ORIENTED_EDGE('',*,*,#2888,.F.);
#3002 = ORIENTED_EDGE('',*,*,#1341,.T.);
#3003 = ADVANCED_FACE('',(#3004),#575,.T.);
#3004 = FACE_BOUND('',#3005,.T.);
#3005 = EDGE_LOOP('',(#3006,#3027,#3049,#3050));
#3006 = ORIENTED_EDGE('',*,*,#3007,.T.);
#3007 = EDGE_CURVE('',#559,#3008,#3010,.T.);
#3008 = VERTEX_POINT('',#3009);
#3009 = CARTESIAN_POINT('',(8.755973706324,12.179200485014,15.));
#3010 = SURFACE_CURVE('',#3011,(#3015,#3021),.PCURVE_S1.);
#3011 = LINE('',#3012,#3013);
#3012 = CARTESIAN_POINT('',(8.755973706324,12.179200485014,0.));
#3013 = VECTOR('',#3014,1.);
#3014 = DIRECTION('',(0.,0.,1.));
#3015 = PCURVE('',#575,#3016);
#3016 = DEFINITIONAL_REPRESENTATION('',(#3017),#3020);
#3017 = B_SPLINE_CURVE_WITH_KNOTS('',1,(#3018,#3019),.UNSPECIFIED.,.F.,
  .F.,(2,2),(-6.E-07,16.0000006),.PIECEWISE_BEZIER_KNOTS.);
#3018 = CARTESIAN_POINT('',(0.947479343535,-6.E-07));
#3019 = CARTESIAN_POINT('',(0.947479343535,16.0000006));
#3020 = ( GEOMETRIC_REPRESENTATION_CONTEXT(2) 
PARAMETRIC_REPRESENTATION_CONTEXT() REPRESENTATION_CONTEXT('2D SPACE',''
  ) );
#3021 = PCURVE('',#604,#3022);
#3022 = DEFINITIONAL_REPRESENTATION('',(#3023),#3026);
#3023 = B_SPLINE_CURVE_WITH_KNOTS('',1,(#3024,#3025),.UNSPECIFIED.,.F.,
  .F.,(2,2),(-6.E-07,16.0000006),.PIECEWISE_BEZIER_KNOTS.);
#3024 = CARTESIAN_POINT('',(4.34511496595,-6.E-07));
#3025 = CARTESIAN_POINT('',(4.34511496595,16.0000006));
#3026 = ( GEOMETRIC_REPRESENTATION_CONTEXT(2) 
PARAMETRIC_REPRESENTATION_CONTEXT() REPRESENTATION_CONTEXT('2D SPACE',''
  ) );
#3027 = ORIENTED_EDGE('',*,*,#3028,.F.);
#3028 = EDGE_CURVE('',#2913,#3008,#3029,.T.);
#3029 = SURFACE_CURVE('',#3030,(#3035,#3042),.PCURVE_S1.);
#3030 = CIRCLE('',#3031,15.);
#3031 = AXIS2_PLACEMENT_3D('',#3032,#3033,#3034);
#3032 = CARTESIAN_POINT('',(0.,0.,15.));
#3033 = DIRECTION('',(0.,0.,1.));
#3034 = DIRECTION('',(0.698247479022,0.715856450721,-0.));
#3035 = PCURVE('',#575,#3036);
#3036 = DEFINITIONAL_REPRESENTATION('',(#3037),#3041);
#3037 = LINE('',#3038,#3039);
#3038 = CARTESIAN_POINT('',(0.797849908459,15.));
#3039 = VECTOR('',#3040,1.);
#3040 = DIRECTION('',(1.,0.));
#3041 = ( GEOMETRIC_REPRESENTATION_CONTEXT(2) 
PARAMETRIC_REPRESENTATION_CONTEXT() REPRESENTATION_CONTEXT('2D SPACE',''
  ) );
#3042 = PCURVE('',#1946,#3043);
#3043 = DEFINITIONAL_REPRESENTATION('',(#3044),#3048);
#3044 = LINE('',#3045,#3046);
#3045 = CARTESIAN_POINT('',(-0.,6.28318530718));
#3046 = VECTOR('',#3047,1.);
#3047 = DIRECTION('',(-1.,0.));
#3048 = ( GEOMETRIC_REPRESENTATION_CONTEXT(2) 
PARAMETRIC_REPRESENTATION_CONTEXT() REPRESENTATION_CONTEXT('2D SPACE',''
  ) );
#3049 = ORIENTED_EDGE('',*,*,#2936,.F.);
#3050 = ORIENTED_EDGE('',*,*,#558,.T.);
#3051 = ADVANCED_FACE('',(#3052),#1329,.T.);
#3052 = FACE_BOUND('',#3053,.T.);
#3053 = EDGE_LOOP('',(#3054,#3055,#3079,#3098));
#3054 = ORIENTED_EDGE('',*,*,#2959,.T.);
#3055 = ORIENTED_EDGE('',*,*,#3056,.F.);
#3056 = EDGE_CURVE('',#3057,#2960,#3059,.T.);
#3057 = VERTEX_POINT('',#3058);
#3058 = CARTESIAN_POINT('',(8.755973706324,-12.17920048501,15.));
#3059 = SURFACE_CURVE('',#3060,(#3065,#3072),.PCURVE_S1.);
#3060 = CIRCLE('',#3061,15.);
#3061 = AXIS2_PLACEMENT_3D('',#3062,#3063,#3064);
#3062 = CARTESIAN_POINT('',(0.,0.,15.));
#3063 = DIRECTION('',(0.,0.,1.));
#3064 = DIRECTION('',(0.583731580422,-0.811946699001,0.));
#3065 = PCURVE('',#1329,#3066);
#3066 = DEFINITIONAL_REPRESENTATION('',(#3067),#3071);
#3067 = LINE('',#3068,#3069);
#3068 = CARTESIAN_POINT('',(5.335705963644,15.));
#3069 = VECTOR('',#3070,1.);
#3070 = DIRECTION('',(1.,0.));
#3071 = ( GEOMETRIC_REPRESENTATION_CONTEXT(2) 
PARAMETRIC_REPRESENTATION_CONTEXT() REPRESENTATION_CONTEXT('2D SPACE',''
  ) );
#3072 = PCURVE('',#2700,#3073);
#3073 = DEFINITIONAL_REPRESENTATION('',(#3074),#3078);
#3074 = LINE('',#3075,#3076);
#3075 = CARTESIAN_POINT('',(-0.,6.28318530718));
#3076 = VECTOR('',#3077,1.);
#3077 = DIRECTION('',(-1.,0.));
#3078 = ( GEOMETRIC_REPRESENTATION_CONTEXT(2) 
PARAMETRIC_REPRESENTATION_CONTEXT() REPRESENTATION_CONTEXT('2D SPACE',''
  ) );
#3079 = ORIENTED_EDGE('',*,*,#3080,.F.);
#3080 = EDGE_CURVE('',#1284,#3057,#3081,.T.);
#3081 = SURFACE_CURVE('',#3082,(#3086,#3092),.PCURVE_S1.);
#3082 = LINE('',#3083,#3084);
#3083 = CARTESIAN_POINT('',(8.755973706324,-12.17920048501,0.));
#3084 = VECTOR('',#3085,1.);
#3085 = DIRECTION('',(0.,0.,1.));
#3086 = PCURVE('',#1329,#3087);
#3087 = DEFINITIONAL_REPRESENTATION('',(#3088),#3091);
#3088 = B_SPLINE_CURVE_WITH_KNOTS('',1,(#3089,#3090),.UNSPECIFIED.,.F.,
  .F.,(2,2),(-6.E-07,16.0000006),.PIECEWISE_BEZIER_KNOTS.);
#3089 = CARTESIAN_POINT('',(5.335705963644,-6.E-07));
#3090 = CARTESIAN_POINT('',(5.335705963644,16.0000006));
#3091 = ( GEOMETRIC_REPRESENTATION_CONTEXT(2) 
PARAMETRIC_REPRESENTATION_CONTEXT() REPRESENTATION_CONTEXT('2D SPACE',''
  ) );
#3092 = PCURVE('',#1300,#3093);
#3093 = DEFINITIONAL_REPRESENTATION('',(#3094),#3097);
#3094 = B_SPLINE_CURVE_WITH_KNOTS('',1,(#3095,#3096),.UNSPECIFIED.,.F.,
  .F.,(2,2),(-6.E-07,16.0000006),.PIECEWISE_BEZIER_KNOTS.);
#3095 = CARTESIAN_POINT('',(1.938070341229,-6.E-07));
#3096 = CARTESIAN_POINT('',(1.938070341229,16.0000006));
#3097 = ( GEOMETRIC_REPRESENTATION_CONTEXT(2) 
PARAMETRIC_REPRESENTATION_CONTEXT() REPRESENTATION_CONTEXT('2D SPACE',''
  ) );
#3098 = ORIENTED_EDGE('',*,*,#1312,.T.);
#3099 = ADVANCED_FACE('',(#3100),#604,.F.);
#3100 = FACE_BOUND('',#3101,.F.);
#3101 = EDGE_LOOP('',(#3102,#3103,#3127,#3146));
#3102 = ORIENTED_EDGE('',*,*,#3007,.T.);
#3103 = ORIENTED_EDGE('',*,*,#3104,.F.);
#3104 = EDGE_CURVE('',#3105,#3008,#3107,.T.);
#3105 = VERTEX_POINT('',#3106);
#3106 = CARTESIAN_POINT('',(6.169510164643,13.672495907052,15.));
#3107 = SURFACE_CURVE('',#3108,(#3113,#3120),.PCURVE_S1.);
#3108 = CIRCLE('',#3109,1.6);
#3109 = AXIS2_PLACEMENT_3D('',#3110,#3111,#3112);
#3110 = CARTESIAN_POINT('',(7.75,13.423393758659,15.));
#3111 = DIRECTION('',(0.,0.,1.));
#3112 = DIRECTION('',(-0.987806147098,0.155688842746,0.));
#3113 = PCURVE('',#604,#3114);
#3114 = DEFINITIONAL_REPRESENTATION('',(#3115),#3119);
#3115 = LINE('',#3116,#3117);
#3116 = CARTESIAN_POINT('',(1.938070341229,15.));
#3117 = VECTOR('',#3118,1.);
#3118 = DIRECTION('',(1.,0.));
#3119 = ( GEOMETRIC_REPRESENTATION_CONTEXT(2) 
PARAMETRIC_REPRESENTATION_CONTEXT() REPRESENTATION_CONTEXT('2D SPACE',''
  ) );
#3120 = PCURVE('',#1975,#3121);
#3121 = DEFINITIONAL_REPRESENTATION('',(#3122),#3126);
#3122 = LINE('',#3123,#3124);
#3123 = CARTESIAN_POINT('',(0.,3.14159265359));
#3124 = VECTOR('',#3125,1.);
#3125 = DIRECTION('',(1.,0.));
#3126 = ( GEOMETRIC_REPRESENTATION_CONTEXT(2) 
PARAMETRIC_REPRESENTATION_CONTEXT() REPRESENTATION_CONTEXT('2D SPACE',''
  ) );
#3127 = ORIENTED_EDGE('',*,*,#3128,.F.);
#3128 = EDGE_CURVE('',#588,#3105,#3129,.T.);
#3129 = SURFACE_CURVE('',#3130,(#3134,#3140),.PCURVE_S1.);
#3130 = LINE('',#3131,#3132);
#3131 = CARTESIAN_POINT('',(6.169510164643,13.672495907052,0.));
#3132 = VECTOR('',#3133,1.);
#3133 = DIRECTION('',(0.,0.,1.));
#3134 = PCURVE('',#604,#3135);
#3135 = DEFINITIONAL_REPRESENTATION('',(#3136),#3139);
#3136 = B_SPLINE_CURVE_WITH_KNOTS('',1,(#3137,#3138),.UNSPECIFIED.,.F.,
  .F.,(2,2),(-6.E-07,16.0000006),.PIECEWISE_BEZIER_KNOTS.);
#3137 = CARTESIAN_POINT('',(1.938070341229,-6.E-07));
#3138 = CARTESIAN_POINT('',(1.938070341229,16.0000006));
#3139 = ( GEOMETRIC_REPRESENTATION_CONTEXT(2) 
PARAMETRIC_REPRESENTATION_CONTEXT() REPRESENTATION_CONTEXT('2D SPACE',''
  ) );
#3140 = PCURVE('',#633,#3141);
#3141 = DEFINITIONAL_REPRESENTATION('',(#3142),#3145);
#3142 = B_SPLINE_CURVE_WITH_KNOTS('',1,(#3143,#3144),.UNSPECIFIED.,.F.,
  .F.,(2,2),(-6.E-07,16.0000006),.PIECEWISE_BEZIER_KNOTS.);
#3143 = CARTESIAN_POINT('',(1.146915758858,-6.E-07));
#3144 = CARTESIAN_POINT('',(1.146915758858,16.0000006));
#3145 = ( GEOMETRIC_REPRESENTATION_CONTEXT(2) 
PARAMETRIC_REPRESENTATION_CONTEXT() REPRESENTATION_CONTEXT('2D SPACE',''
  ) );
#3146 = ORIENTED_EDGE('',*,*,#587,.T.);
#3147 = ADVANCED_FACE('',(#3148),#1300,.F.);
#3148 = FACE_BOUND('',#3149,.F.);
#3149 = EDGE_LOOP('',(#3150,#3171,#3193,#3194));
#3150 = ORIENTED_EDGE('',*,*,#3151,.T.);
#3151 = EDGE_CURVE('',#1255,#3152,#3154,.T.);
#3152 = VERTEX_POINT('',#3153);
#3153 = CARTESIAN_POINT('',(6.169510164643,-13.67249590705,15.));
#3154 = SURFACE_CURVE('',#3155,(#3159,#3165),.PCURVE_S1.);
#3155 = LINE('',#3156,#3157);
#3156 = CARTESIAN_POINT('',(6.169510164643,-13.67249590705,0.));
#3157 = VECTOR('',#3158,1.);
#3158 = DIRECTION('',(0.,0.,1.));
#3159 = PCURVE('',#1300,#3160);
#3160 = DEFINITIONAL_REPRESENTATION('',(#3161),#3164);
#3161 = B_SPLINE_CURVE_WITH_KNOTS('',1,(#3162,#3163),.UNSPECIFIED.,.F.,
  .F.,(2,2),(-6.E-07,16.0000006),.PIECEWISE_BEZIER_KNOTS.);
#3162 = CARTESIAN_POINT('',(4.34511496595,-6.E-07));
#3163 = CARTESIAN_POINT('',(4.34511496595,16.0000006));
#3164 = ( GEOMETRIC_REPRESENTATION_CONTEXT(2) 
PARAMETRIC_REPRESENTATION_CONTEXT() REPRESENTATION_CONTEXT('2D SPACE',''
  ) );
#3165 = PCURVE('',#1271,#3166);
#3166 = DEFINITIONAL_REPRESENTATION('',(#3167),#3170);
#3167 = B_SPLINE_CURVE_WITH_KNOTS('',1,(#3168,#3169),.UNSPECIFIED.,.F.,
  .F.,(2,2),(-6.E-07,16.0000006),.PIECEWISE_BEZIER_KNOTS.);
#3168 = CARTESIAN_POINT('',(5.136269548322,-6.E-07));
#3169 = CARTESIAN_POINT('',(5.136269548322,16.0000006));
#3170 = ( GEOMETRIC_REPRESENTATION_CONTEXT(2) 
PARAMETRIC_REPRESENTATION_CONTEXT() REPRESENTATION_CONTEXT('2D SPACE',''
  ) );
#3171 = ORIENTED_EDGE('',*,*,#3172,.F.);
#3172 = EDGE_CURVE('',#3057,#3152,#3173,.T.);
#3173 = SURFACE_CURVE('',#3174,(#3179,#3186),.PCURVE_S1.);
#3174 = CIRCLE('',#3175,1.6);
#3175 = AXIS2_PLACEMENT_3D('',#3176,#3177,#3178);
#3176 = CARTESIAN_POINT('',(7.75,-13.42339375865,15.));
#3177 = DIRECTION('',(0.,0.,1.));
#3178 = DIRECTION('',(0.628733566453,0.777620796028,-0.));
#3179 = PCURVE('',#1300,#3180);
#3180 = DEFINITIONAL_REPRESENTATION('',(#3181),#3185);
#3181 = LINE('',#3182,#3183);
#3182 = CARTESIAN_POINT('',(1.938070341229,15.));
#3183 = VECTOR('',#3184,1.);
#3184 = DIRECTION('',(1.,0.));
#3185 = ( GEOMETRIC_REPRESENTATION_CONTEXT(2) 
PARAMETRIC_REPRESENTATION_CONTEXT() REPRESENTATION_CONTEXT('2D SPACE',''
  ) );
#3186 = PCURVE('',#2671,#3187);
#3187 = DEFINITIONAL_REPRESENTATION('',(#3188),#3192);
#3188 = LINE('',#3189,#3190);
#3189 = CARTESIAN_POINT('',(0.,3.14159265359));
#3190 = VECTOR('',#3191,1.);
#3191 = DIRECTION('',(1.,0.));
#3192 = ( GEOMETRIC_REPRESENTATION_CONTEXT(2) 
PARAMETRIC_REPRESENTATION_CONTEXT() REPRESENTATION_CONTEXT('2D SPACE',''
  ) );
#3193 = ORIENTED_EDGE('',*,*,#3080,.F.);
#3194 = ORIENTED_EDGE('',*,*,#1283,.T.);
#3195 = ADVANCED_FACE('',(#3196),#633,.T.);
#3196 = FACE_BOUND('',#3197,.T.);
#3197 = EDGE_LOOP('',(#3198,#3219,#3241,#3242));
#3198 = ORIENTED_EDGE('',*,*,#3199,.T.);
#3199 = EDGE_CURVE('',#617,#3200,#3202,.T.);
#3200 = VERTEX_POINT('',#3201);
#3201 = CARTESIAN_POINT('',(4.062391984152,14.439424204832,15.));
#3202 = SURFACE_CURVE('',#3203,(#3207,#3213),.PCURVE_S1.);
#3203 = LINE('',#3204,#3205);
#3204 = CARTESIAN_POINT('',(4.062391984152,14.439424204832,0.));
#3205 = VECTOR('',#3206,1.);
#3206 = DIRECTION('',(0.,0.,1.));
#3207 = PCURVE('',#633,#3208);
#3208 = DEFINITIONAL_REPRESENTATION('',(#3209),#3212);
#3209 = B_SPLINE_CURVE_WITH_KNOTS('',1,(#3210,#3211),.UNSPECIFIED.,.F.,
  .F.,(2,2),(-6.E-07,16.0000006),.PIECEWISE_BEZIER_KNOTS.);
#3210 = CARTESIAN_POINT('',(1.296545193934,-6.E-07));
#3211 = CARTESIAN_POINT('',(1.296545193934,16.0000006));
#3212 = ( GEOMETRIC_REPRESENTATION_CONTEXT(2) 
PARAMETRIC_REPRESENTATION_CONTEXT() REPRESENTATION_CONTEXT('2D SPACE',''
  ) );
#3213 = PCURVE('',#662,#3214);
#3214 = DEFINITIONAL_REPRESENTATION('',(#3215),#3218);
#3215 = B_SPLINE_CURVE_WITH_KNOTS('',1,(#3216,#3217),.UNSPECIFIED.,.F.,
  .F.,(2,2),(-6.E-07,16.0000006),.PIECEWISE_BEZIER_KNOTS.);
#3216 = CARTESIAN_POINT('',(4.34511496595,-6.E-07));
#3217 = CARTESIAN_POINT('',(4.34511496595,16.0000006));
#3218 = ( GEOMETRIC_REPRESENTATION_CONTEXT(2) 
PARAMETRIC_REPRESENTATION_CONTEXT() REPRESENTATION_CONTEXT('2D SPACE',''
  ) );
#3219 = ORIENTED_EDGE('',*,*,#3220,.F.);
#3220 = EDGE_CURVE('',#3105,#3200,#3221,.T.);
#3221 = SURFACE_CURVE('',#3222,(#3227,#3234),.PCURVE_S1.);
#3222 = CIRCLE('',#3223,15.);
#3223 = AXIS2_PLACEMENT_3D('',#3224,#3225,#3226);
#3224 = CARTESIAN_POINT('',(0.,0.,15.));
#3225 = DIRECTION('',(0.,0.,1.));
#3226 = DIRECTION('',(0.411300677643,0.911499727137,-0.));
#3227 = PCURVE('',#633,#3228);
#3228 = DEFINITIONAL_REPRESENTATION('',(#3229),#3233);
#3229 = LINE('',#3230,#3231);
#3230 = CARTESIAN_POINT('',(1.146915758858,15.));
#3231 = VECTOR('',#3232,1.);
#3232 = DIRECTION('',(1.,0.));
#3233 = ( GEOMETRIC_REPRESENTATION_CONTEXT(2) 
PARAMETRIC_REPRESENTATION_CONTEXT() REPRESENTATION_CONTEXT('2D SPACE',''
  ) );
#3234 = PCURVE('',#2004,#3235);
#3235 = DEFINITIONAL_REPRESENTATION('',(#3236),#3240);
#3236 = LINE('',#3237,#3238);
#3237 = CARTESIAN_POINT('',(-0.,6.28318530718));
#3238 = VECTOR('',#3239,1.);
#3239 = DIRECTION('',(-1.,0.));
#3240 = ( GEOMETRIC_REPRESENTATION_CONTEXT(2) 
PARAMETRIC_REPRESENTATION_CONTEXT() REPRESENTATION_CONTEXT('2D SPACE',''
  ) );
#3241 = ORIENTED_EDGE('',*,*,#3128,.F.);
#3242 = ORIENTED_EDGE('',*,*,#616,.T.);
#3243 = ADVANCED_FACE('',(#3244),#1271,.T.);
#3244 = FACE_BOUND('',#3245,.T.);
#3245 = EDGE_LOOP('',(#3246,#3247,#3271,#3290));
#3246 = ORIENTED_EDGE('',*,*,#3151,.T.);
#3247 = ORIENTED_EDGE('',*,*,#3248,.F.);
#3248 = EDGE_CURVE('',#3249,#3152,#3251,.T.);
#3249 = VERTEX_POINT('',#3250);
#3250 = CARTESIAN_POINT('',(4.062391984152,-14.43942420483,15.));
#3251 = SURFACE_CURVE('',#3252,(#3257,#3264),.PCURVE_S1.);
#3252 = CIRCLE('',#3253,15.);
#3253 = AXIS2_PLACEMENT_3D('',#3254,#3255,#3256);
#3254 = CARTESIAN_POINT('',(0.,0.,15.));
#3255 = DIRECTION('',(0.,0.,1.));
#3256 = DIRECTION('',(0.270826132277,-0.962628280322,0.));
#3257 = PCURVE('',#1271,#3258);
#3258 = DEFINITIONAL_REPRESENTATION('',(#3259),#3263);
#3259 = LINE('',#3260,#3261);
#3260 = CARTESIAN_POINT('',(4.986640113245,15.));
#3261 = VECTOR('',#3262,1.);
#3262 = DIRECTION('',(1.,0.));
#3263 = ( GEOMETRIC_REPRESENTATION_CONTEXT(2) 
PARAMETRIC_REPRESENTATION_CONTEXT() REPRESENTATION_CONTEXT('2D SPACE',''
  ) );
#3264 = PCURVE('',#2642,#3265);
#3265 = DEFINITIONAL_REPRESENTATION('',(#3266),#3270);
#3266 = LINE('',#3267,#3268);
#3267 = CARTESIAN_POINT('',(-0.,6.28318530718));
#3268 = VECTOR('',#3269,1.);
#3269 = DIRECTION('',(-1.,0.));
#3270 = ( GEOMETRIC_REPRESENTATION_CONTEXT(2) 
PARAMETRIC_REPRESENTATION_CONTEXT() REPRESENTATION_CONTEXT('2D SPACE',''
  ) );
#3271 = ORIENTED_EDGE('',*,*,#3272,.F.);
#3272 = EDGE_CURVE('',#1226,#3249,#3273,.T.);
#3273 = SURFACE_CURVE('',#3274,(#3278,#3284),.PCURVE_S1.);
#3274 = LINE('',#3275,#3276);
#3275 = CARTESIAN_POINT('',(4.062391984152,-14.43942420483,0.));
#3276 = VECTOR('',#3277,1.);
#3277 = DIRECTION('',(0.,0.,1.));
#3278 = PCURVE('',#1271,#3279);
#3279 = DEFINITIONAL_REPRESENTATION('',(#3280),#3283);
#3280 = B_SPLINE_CURVE_WITH_KNOTS('',1,(#3281,#3282),.UNSPECIFIED.,.F.,
  .F.,(2,2),(-6.E-07,16.0000006),.PIECEWISE_BEZIER_KNOTS.);
#3281 = CARTESIAN_POINT('',(4.986640113245,-6.E-07));
#3282 = CARTESIAN_POINT('',(4.986640113245,16.0000006));
#3283 = ( GEOMETRIC_REPRESENTATION_CONTEXT(2) 
PARAMETRIC_REPRESENTATION_CONTEXT() REPRESENTATION_CONTEXT('2D SPACE',''
  ) );
#3284 = PCURVE('',#1242,#3285);
#3285 = DEFINITIONAL_REPRESENTATION('',(#3286),#3289);
#3286 = B_SPLINE_CURVE_WITH_KNOTS('',1,(#3287,#3288),.UNSPECIFIED.,.F.,
  .F.,(2,2),(-6.E-07,16.0000006),.PIECEWISE_BEZIER_KNOTS.);
#3287 = CARTESIAN_POINT('',(1.938070341229,-6.E-07));
#3288 = CARTESIAN_POINT('',(1.938070341229,16.0000006));
#3289 = ( GEOMETRIC_REPRESENTATION_CONTEXT(2) 
PARAMETRIC_REPRESENTATION_CONTEXT() REPRESENTATION_CONTEXT('2D SPACE',''
  ) );
#3290 = ORIENTED_EDGE('',*,*,#1254,.T.);
#3291 = ADVANCED_FACE('',(#3292),#662,.F.);
#3292 = FACE_BOUND('',#3293,.F.);
#3293 = EDGE_LOOP('',(#3294,#3295,#3319,#3338));
#3294 = ORIENTED_EDGE('',*,*,#3199,.T.);
#3295 = ORIENTED_EDGE('',*,*,#3296,.F.);
#3296 = EDGE_CURVE('',#3297,#3200,#3299,.T.);
#3297 = VERTEX_POINT('',#3298);
#3298 = CARTESIAN_POINT('',(1.121174165829,14.958040262343,15.));
#3299 = SURFACE_CURVE('',#3300,(#3305,#3312),.PCURVE_S1.);
#3300 = CIRCLE('',#3301,1.6);
#3301 = AXIS2_PLACEMENT_3D('',#3302,#3303,#3304);
#3302 = CARTESIAN_POINT('',(2.691546753837,15.264520171689,15.));
#3303 = DIRECTION('',(0.,0.,1.));
#3304 = DIRECTION('',(-0.981482867505,-0.191549943341,0.));
#3305 = PCURVE('',#662,#3306);
#3306 = DEFINITIONAL_REPRESENTATION('',(#3307),#3311);
#3307 = LINE('',#3308,#3309);
#3308 = CARTESIAN_POINT('',(1.938070341229,15.));
#3309 = VECTOR('',#3310,1.);
#3310 = DIRECTION('',(1.,0.));
#3311 = ( GEOMETRIC_REPRESENTATION_CONTEXT(2) 
PARAMETRIC_REPRESENTATION_CONTEXT() REPRESENTATION_CONTEXT('2D SPACE',''
  ) );
#3312 = PCURVE('',#2033,#3313);
#3313 = DEFINITIONAL_REPRESENTATION('',(#3314),#3318);
#3314 = LINE('',#3315,#3316);
#3315 = CARTESIAN_POINT('',(0.,3.14159265359));
#3316 = VECTOR('',#3317,1.);
#3317 = DIRECTION('',(1.,0.));
#3318 = ( GEOMETRIC_REPRESENTATION_CONTEXT(2) 
PARAMETRIC_REPRESENTATION_CONTEXT() REPRESENTATION_CONTEXT('2D SPACE',''
  ) );
#3319 = ORIENTED_EDGE('',*,*,#3320,.F.);
#3320 = EDGE_CURVE('',#646,#3297,#3321,.T.);
#3321 = SURFACE_CURVE('',#3322,(#3326,#3332),.PCURVE_S1.);
#3322 = LINE('',#3323,#3324);
#3323 = CARTESIAN_POINT('',(1.121174165829,14.958040262343,0.));
#3324 = VECTOR('',#3325,1.);
#3325 = DIRECTION('',(0.,0.,1.));
#3326 = PCURVE('',#662,#3327);
#3327 = DEFINITIONAL_REPRESENTATION('',(#3328),#3331);
#3328 = B_SPLINE_CURVE_WITH_KNOTS('',1,(#3329,#3330),.UNSPECIFIED.,.F.,
  .F.,(2,2),(-6.E-07,16.0000006),.PIECEWISE_BEZIER_KNOTS.);
#3329 = CARTESIAN_POINT('',(1.938070341229,-6.E-07));
#3330 = CARTESIAN_POINT('',(1.938070341229,16.0000006));
#3331 = ( GEOMETRIC_REPRESENTATION_CONTEXT(2) 
PARAMETRIC_REPRESENTATION_CONTEXT() REPRESENTATION_CONTEXT('2D SPACE',''
  ) );
#3332 = PCURVE('',#691,#3333);
#3333 = DEFINITIONAL_REPRESENTATION('',(#3334),#3337);
#3334 = B_SPLINE_CURVE_WITH_KNOTS('',1,(#3335,#3336),.UNSPECIFIED.,.F.,
  .F.,(2,2),(-6.E-07,16.0000006),.PIECEWISE_BEZIER_KNOTS.);
#3335 = CARTESIAN_POINT('',(1.495981609257,-6.E-07));
#3336 = CARTESIAN_POINT('',(1.495981609257,16.0000006));
#3337 = ( GEOMETRIC_REPRESENTATION_CONTEXT(2) 
PARAMETRIC_REPRESENTATION_CONTEXT() REPRESENTATION_CONTEXT('2D SPACE',''
  ) );
#3338 = ORIENTED_EDGE('',*,*,#645,.T.);
#3339 = ADVANCED_FACE('',(#3340),#1242,.F.);
#3340 = FACE_BOUND('',#3341,.F.);
#3341 = EDGE_LOOP('',(#3342,#3363,#3385,#3386));
#3342 = ORIENTED_EDGE('',*,*,#3343,.T.);
#3343 = EDGE_CURVE('',#1197,#3344,#3346,.T.);
#3344 = VERTEX_POINT('',#3345);
#3345 = CARTESIAN_POINT('',(1.121174165829,-14.95804026234,15.));
#3346 = SURFACE_CURVE('',#3347,(#3351,#3357),.PCURVE_S1.);
#3347 = LINE('',#3348,#3349);
#3348 = CARTESIAN_POINT('',(1.121174165829,-14.95804026234,0.));
#3349 = VECTOR('',#3350,1.);
#3350 = DIRECTION('',(0.,0.,1.));
#3351 = PCURVE('',#1242,#3352);
#3352 = DEFINITIONAL_REPRESENTATION('',(#3353),#3356);
#3353 = B_SPLINE_CURVE_WITH_KNOTS('',1,(#3354,#3355),.UNSPECIFIED.,.F.,
  .F.,(2,2),(-6.E-07,16.0000006),.PIECEWISE_BEZIER_KNOTS.);
#3354 = CARTESIAN_POINT('',(4.34511496595,-6.E-07));
#3355 = CARTESIAN_POINT('',(4.34511496595,16.0000006));
#3356 = ( GEOMETRIC_REPRESENTATION_CONTEXT(2) 
PARAMETRIC_REPRESENTATION_CONTEXT() REPRESENTATION_CONTEXT('2D SPACE',''
  ) );
#3357 = PCURVE('',#1213,#3358);
#3358 = DEFINITIONAL_REPRESENTATION('',(#3359),#3362);
#3359 = B_SPLINE_CURVE_WITH_KNOTS('',1,(#3360,#3361),.UNSPECIFIED.,.F.,
  .F.,(2,2),(-6.E-07,16.0000006),.PIECEWISE_BEZIER_KNOTS.);
#3360 = CARTESIAN_POINT('',(4.787203697923,-6.E-07));
#3361 = CARTESIAN_POINT('',(4.787203697923,16.0000006));
#3362 = ( GEOMETRIC_REPRESENTATION_CONTEXT(2) 
PARAMETRIC_REPRESENTATION_CONTEXT() REPRESENTATION_CONTEXT('2D SPACE',''
  ) );
#3363 = ORIENTED_EDGE('',*,*,#3364,.F.);
#3364 = EDGE_CURVE('',#3249,#3344,#3365,.T.);
#3365 = SURFACE_CURVE('',#3366,(#3371,#3378),.PCURVE_S1.);
#3366 = CIRCLE('',#3367,1.6);
#3367 = AXIS2_PLACEMENT_3D('',#3368,#3369,#3370);
#3368 = CARTESIAN_POINT('',(2.691546753837,-15.26452017168,15.));
#3369 = DIRECTION('',(0.,0.,1.));
#3370 = DIRECTION('',(0.856778268947,0.515684979286,-0.));
#3371 = PCURVE('',#1242,#3372);
#3372 = DEFINITIONAL_REPRESENTATION('',(#3373),#3377);
#3373 = LINE('',#3374,#3375);
#3374 = CARTESIAN_POINT('',(1.938070341229,15.));
#3375 = VECTOR('',#3376,1.);
#3376 = DIRECTION('',(1.,0.));
#3377 = ( GEOMETRIC_REPRESENTATION_CONTEXT(2) 
PARAMETRIC_REPRESENTATION_CONTEXT() REPRESENTATION_CONTEXT('2D SPACE',''
  ) );
#3378 = PCURVE('',#2613,#3379);
#3379 = DEFINITIONAL_REPRESENTATION('',(#3380),#3384);
#3380 = LINE('',#3381,#3382);
#3381 = CARTESIAN_POINT('',(0.,3.14159265359));
#3382 = VECTOR('',#3383,1.);
#3383 = DIRECTION('',(1.,0.));
#3384 = ( GEOMETRIC_REPRESENTATION_CONTEXT(2) 
PARAMETRIC_REPRESENTATION_CONTEXT() REPRESENTATION_CONTEXT('2D SPACE',''
  ) );
#3385 = ORIENTED_EDGE('',*,*,#3272,.F.);
#3386 = ORIENTED_EDGE('',*,*,#1225,.T.);
#3387 = ADVANCED_FACE('',(#3388),#691,.T.);
#3388 = FACE_BOUND('',#3389,.T.);
#3389 = EDGE_LOOP('',(#3390,#3411,#3433,#3434));
#3390 = ORIENTED_EDGE('',*,*,#3391,.T.);
#3391 = EDGE_CURVE('',#675,#3392,#3394,.T.);
#3392 = VERTEX_POINT('',#3393);
#3393 = CARTESIAN_POINT('',(-1.121174165829,14.958040262343,15.));
#3394 = SURFACE_CURVE('',#3395,(#3399,#3405),.PCURVE_S1.);
#3395 = LINE('',#3396,#3397);
#3396 = CARTESIAN_POINT('',(-1.121174165829,14.958040262343,0.));
#3397 = VECTOR('',#3398,1.);
#3398 = DIRECTION('',(0.,0.,1.));
#3399 = PCURVE('',#691,#3400);
#3400 = DEFINITIONAL_REPRESENTATION('',(#3401),#3404);
#3401 = B_SPLINE_CURVE_WITH_KNOTS('',1,(#3402,#3403),.UNSPECIFIED.,.F.,
  .F.,(2,2),(-6.E-07,16.0000006),.PIECEWISE_BEZIER_KNOTS.);
#3402 = CARTESIAN_POINT('',(1.645611044333,-6.E-07));
#3403 = CARTESIAN_POINT('',(1.645611044333,16.0000006));
#3404 = ( GEOMETRIC_REPRESENTATION_CONTEXT(2) 
PARAMETRIC_REPRESENTATION_CONTEXT() REPRESENTATION_CONTEXT('2D SPACE',''
  ) );
#3405 = PCURVE('',#720,#3406);
#3406 = DEFINITIONAL_REPRESENTATION('',(#3407),#3410);
#3407 = B_SPLINE_CURVE_WITH_KNOTS('',1,(#3408,#3409),.UNSPECIFIED.,.F.,
  .F.,(2,2),(-6.E-07,16.0000006),.PIECEWISE_BEZIER_KNOTS.);
#3408 = CARTESIAN_POINT('',(4.34511496595,-6.E-07));
#3409 = CARTESIAN_POINT('',(4.34511496595,16.0000006));
#3410 = ( GEOMETRIC_REPRESENTATION_CONTEXT(2) 
PARAMETRIC_REPRESENTATION_CONTEXT() REPRESENTATION_CONTEXT('2D SPACE',''
  ) );
#3411 = ORIENTED_EDGE('',*,*,#3412,.F.);
#3412 = EDGE_CURVE('',#3297,#3392,#3413,.T.);
#3413 = SURFACE_CURVE('',#3414,(#3419,#3426),.PCURVE_S1.);
#3414 = CIRCLE('',#3415,15.);
#3415 = AXIS2_PLACEMENT_3D('',#3416,#3417,#3418);
#3416 = CARTESIAN_POINT('',(0.,0.,15.));
#3417 = DIRECTION('',(0.,0.,1.));
#3418 = DIRECTION('',(7.474494438863E-02,0.997202684156,-0.));
#3419 = PCURVE('',#691,#3420);
#3420 = DEFINITIONAL_REPRESENTATION('',(#3421),#3425);
#3421 = LINE('',#3422,#3423);
#3422 = CARTESIAN_POINT('',(1.495981609257,15.));
#3423 = VECTOR('',#3424,1.);
#3424 = DIRECTION('',(1.,0.));
#3425 = ( GEOMETRIC_REPRESENTATION_CONTEXT(2) 
PARAMETRIC_REPRESENTATION_CONTEXT() REPRESENTATION_CONTEXT('2D SPACE',''
  ) );
#3426 = PCURVE('',#2062,#3427);
#3427 = DEFINITIONAL_REPRESENTATION('',(#3428),#3432);
#3428 = LINE('',#3429,#3430);
#3429 = CARTESIAN_POINT('',(-0.,6.28318530718));
#3430 = VECTOR('',#3431,1.);
#3431 = DIRECTION('',(-1.,0.));
#3432 = ( GEOMETRIC_REPRESENTATION_CONTEXT(2) 
PARAMETRIC_REPRESENTATION_CONTEXT() REPRESENTATION_CONTEXT('2D SPACE',''
  ) );
#3433 = ORIENTED_EDGE('',*,*,#3320,.F.);
#3434 = ORIENTED_EDGE('',*,*,#674,.T.);
#3435 = ADVANCED_FACE('',(#3436),#1213,.T.);
#3436 = FACE_BOUND('',#3437,.T.);
#3437 = EDGE_LOOP('',(#3438,#3439,#3463,#3482));
#3438 = ORIENTED_EDGE('',*,*,#3343,.T.);
#3439 = ORIENTED_EDGE('',*,*,#3440,.F.);
#3440 = EDGE_CURVE('',#3441,#3344,#3443,.T.);
#3441 = VERTEX_POINT('',#3442);
#3442 = CARTESIAN_POINT('',(-1.121174165829,-14.95804026234,15.));
#3443 = SURFACE_CURVE('',#3444,(#3449,#3456),.PCURVE_S1.);
#3444 = CIRCLE('',#3445,15.);
#3445 = AXIS2_PLACEMENT_3D('',#3446,#3447,#3448);
#3446 = CARTESIAN_POINT('',(0.,0.,15.));
#3447 = DIRECTION('',(0.,0.,1.));
#3448 = DIRECTION('',(-7.474494438863E-02,-0.997202684156,0.));
#3449 = PCURVE('',#1213,#3450);
#3450 = DEFINITIONAL_REPRESENTATION('',(#3451),#3455);
#3451 = LINE('',#3452,#3453);
#3452 = CARTESIAN_POINT('',(4.637574262846,15.));
#3453 = VECTOR('',#3454,1.);
#3454 = DIRECTION('',(1.,0.));
#3455 = ( GEOMETRIC_REPRESENTATION_CONTEXT(2) 
PARAMETRIC_REPRESENTATION_CONTEXT() REPRESENTATION_CONTEXT('2D SPACE',''
  ) );
#3456 = PCURVE('',#2584,#3457);
#3457 = DEFINITIONAL_REPRESENTATION('',(#3458),#3462);
#3458 = LINE('',#3459,#3460);
#3459 = CARTESIAN_POINT('',(-0.,6.28318530718));
#3460 = VECTOR('',#3461,1.);
#3461 = DIRECTION('',(-1.,0.));
#3462 = ( GEOMETRIC_REPRESENTATION_CONTEXT(2) 
PARAMETRIC_REPRESENTATION_CONTEXT() REPRESENTATION_CONTEXT('2D SPACE',''
  ) );
#3463 = ORIENTED_EDGE('',*,*,#3464,.F.);
#3464 = EDGE_CURVE('',#1168,#3441,#3465,.T.);
#3465 = SURFACE_CURVE('',#3466,(#3470,#3476),.PCURVE_S1.);
#3466 = LINE('',#3467,#3468);
#3467 = CARTESIAN_POINT('',(-1.121174165829,-14.95804026234,0.));
#3468 = VECTOR('',#3469,1.);
#3469 = DIRECTION('',(0.,0.,1.));
#3470 = PCURVE('',#1213,#3471);
#3471 = DEFINITIONAL_REPRESENTATION('',(#3472),#3475);
#3472 = B_SPLINE_CURVE_WITH_KNOTS('',1,(#3473,#3474),.UNSPECIFIED.,.F.,
  .F.,(2,2),(-6.E-07,16.0000006),.PIECEWISE_BEZIER_KNOTS.);
#3473 = CARTESIAN_POINT('',(4.637574262846,-6.E-07));
#3474 = CARTESIAN_POINT('',(4.637574262846,16.0000006));
#3475 = ( GEOMETRIC_REPRESENTATION_CONTEXT(2) 
PARAMETRIC_REPRESENTATION_CONTEXT() REPRESENTATION_CONTEXT('2D SPACE',''
  ) );
#3476 = PCURVE('',#1184,#3477);
#3477 = DEFINITIONAL_REPRESENTATION('',(#3478),#3481);
#3478 = B_SPLINE_CURVE_WITH_KNOTS('',1,(#3479,#3480),.UNSPECIFIED.,.F.,
  .F.,(2,2),(-6.E-07,16.0000006),.PIECEWISE_BEZIER_KNOTS.);
#3479 = CARTESIAN_POINT('',(1.938070341229,-6.E-07));
#3480 = CARTESIAN_POINT('',(1.938070341229,16.0000006));
#3481 = ( GEOMETRIC_REPRESENTATION_CONTEXT(2) 
PARAMETRIC_REPRESENTATION_CONTEXT() REPRESENTATION_CONTEXT('2D SPACE',''
  ) );
#3482 = ORIENTED_EDGE('',*,*,#1196,.T.);
#3483 = ADVANCED_FACE('',(#3484),#720,.F.);
#3484 = FACE_BOUND('',#3485,.F.);
#3485 = EDGE_LOOP('',(#3486,#3487,#3511,#3530));
#3486 = ORIENTED_EDGE('',*,*,#3391,.T.);
#3487 = ORIENTED_EDGE('',*,*,#3488,.F.);
#3488 = EDGE_CURVE('',#3489,#3392,#3491,.T.);
#3489 = VERTEX_POINT('',#3490);
#3490 = CARTESIAN_POINT('',(-4.062391984152,14.439424204832,15.));
#3491 = SURFACE_CURVE('',#3492,(#3497,#3504),.PCURVE_S1.);
#3492 = CIRCLE('',#3493,1.6);
#3493 = AXIS2_PLACEMENT_3D('',#3494,#3495,#3496);
#3494 = CARTESIAN_POINT('',(-2.691546753837,15.264520171689,15.));
#3495 = DIRECTION('',(0.,0.,1.));
#3496 = DIRECTION('',(-0.856778268947,-0.515684979286,0.));
#3497 = PCURVE('',#720,#3498);
#3498 = DEFINITIONAL_REPRESENTATION('',(#3499),#3503);
#3499 = LINE('',#3500,#3501);
#3500 = CARTESIAN_POINT('',(1.938070341229,15.));
#3501 = VECTOR('',#3502,1.);
#3502 = DIRECTION('',(1.,0.));
#3503 = ( GEOMETRIC_REPRESENTATION_CONTEXT(2) 
PARAMETRIC_REPRESENTATION_CONTEXT() REPRESENTATION_CONTEXT('2D SPACE',''
  ) );
#3504 = PCURVE('',#2091,#3505);
#3505 = DEFINITIONAL_REPRESENTATION('',(#3506),#3510);
#3506 = LINE('',#3507,#3508);
#3507 = CARTESIAN_POINT('',(0.,3.14159265359));
#3508 = VECTOR('',#3509,1.);
#3509 = DIRECTION('',(1.,0.));
#3510 = ( GEOMETRIC_REPRESENTATION_CONTEXT(2) 
PARAMETRIC_REPRESENTATION_CONTEXT() REPRESENTATION_CONTEXT('2D SPACE',''
  ) );
#3511 = ORIENTED_EDGE('',*,*,#3512,.F.);
#3512 = EDGE_CURVE('',#704,#3489,#3513,.T.);
#3513 = SURFACE_CURVE('',#3514,(#3518,#3524),.PCURVE_S1.);
#3514 = LINE('',#3515,#3516);
#3515 = CARTESIAN_POINT('',(-4.062391984152,14.439424204832,0.));
#3516 = VECTOR('',#3517,1.);
#3517 = DIRECTION('',(0.,0.,1.));
#3518 = PCURVE('',#720,#3519);
#3519 = DEFINITIONAL_REPRESENTATION('',(#3520),#3523);
#3520 = B_SPLINE_CURVE_WITH_KNOTS('',1,(#3521,#3522),.UNSPECIFIED.,.F.,
  .F.,(2,2),(-6.E-07,16.0000006),.PIECEWISE_BEZIER_KNOTS.);
#3521 = CARTESIAN_POINT('',(1.938070341229,-6.E-07));
#3522 = CARTESIAN_POINT('',(1.938070341229,16.0000006));
#3523 = ( GEOMETRIC_REPRESENTATION_CONTEXT(2) 
PARAMETRIC_REPRESENTATION_CONTEXT() REPRESENTATION_CONTEXT('2D SPACE',''
  ) );
#3524 = PCURVE('',#749,#3525);
#3525 = DEFINITIONAL_REPRESENTATION('',(#3526),#3529);
#3526 = B_SPLINE_CURVE_WITH_KNOTS('',1,(#3527,#3528),.UNSPECIFIED.,.F.,
  .F.,(2,2),(-6.E-07,16.0000006),.PIECEWISE_BEZIER_KNOTS.);
#3527 = CARTESIAN_POINT('',(1.845047459655,-6.E-07));
#3528 = CARTESIAN_POINT('',(1.845047459655,16.0000006));
#3529 = ( GEOMETRIC_REPRESENTATION_CONTEXT(2) 
PARAMETRIC_REPRESENTATION_CONTEXT() REPRESENTATION_CONTEXT('2D SPACE',''
  ) );
#3530 = ORIENTED_EDGE('',*,*,#703,.T.);
#3531 = ADVANCED_FACE('',(#3532),#1184,.F.);
#3532 = FACE_BOUND('',#3533,.F.);
#3533 = EDGE_LOOP('',(#3534,#3555,#3577,#3578));
#3534 = ORIENTED_EDGE('',*,*,#3535,.T.);
#3535 = EDGE_CURVE('',#1139,#3536,#3538,.T.);
#3536 = VERTEX_POINT('',#3537);
#3537 = CARTESIAN_POINT('',(-4.062391984152,-14.43942420483,15.));
#3538 = SURFACE_CURVE('',#3539,(#3543,#3549),.PCURVE_S1.);
#3539 = LINE('',#3540,#3541);
#3540 = CARTESIAN_POINT('',(-4.062391984152,-14.43942420483,0.));
#3541 = VECTOR('',#3542,1.);
#3542 = DIRECTION('',(0.,0.,1.));
#3543 = PCURVE('',#1184,#3544);
#3544 = DEFINITIONAL_REPRESENTATION('',(#3545),#3548);
#3545 = B_SPLINE_CURVE_WITH_KNOTS('',1,(#3546,#3547),.UNSPECIFIED.,.F.,
  .F.,(2,2),(-6.E-07,16.0000006),.PIECEWISE_BEZIER_KNOTS.);
#3546 = CARTESIAN_POINT('',(4.34511496595,-6.E-07));
#3547 = CARTESIAN_POINT('',(4.34511496595,16.0000006));
#3548 = ( GEOMETRIC_REPRESENTATION_CONTEXT(2) 
PARAMETRIC_REPRESENTATION_CONTEXT() REPRESENTATION_CONTEXT('2D SPACE',''
  ) );
#3549 = PCURVE('',#1155,#3550);
#3550 = DEFINITIONAL_REPRESENTATION('',(#3551),#3554);
#3551 = B_SPLINE_CURVE_WITH_KNOTS('',1,(#3552,#3553),.UNSPECIFIED.,.F.,
  .F.,(2,2),(-6.E-07,16.0000006),.PIECEWISE_BEZIER_KNOTS.);
#3552 = CARTESIAN_POINT('',(4.438137847524,-6.E-07));
#3553 = CARTESIAN_POINT('',(4.438137847524,16.0000006));
#3554 = ( GEOMETRIC_REPRESENTATION_CONTEXT(2) 
PARAMETRIC_REPRESENTATION_CONTEXT() REPRESENTATION_CONTEXT('2D SPACE',''
  ) );
#3555 = ORIENTED_EDGE('',*,*,#3556,.F.);
#3556 = EDGE_CURVE('',#3441,#3536,#3557,.T.);
#3557 = SURFACE_CURVE('',#3558,(#3563,#3570),.PCURVE_S1.);
#3558 = CIRCLE('',#3559,1.6);
#3559 = AXIS2_PLACEMENT_3D('',#3560,#3561,#3562);
#3560 = CARTESIAN_POINT('',(-2.691546753837,-15.26452017168,15.));
#3561 = DIRECTION('',(0.,0.,1.));
#3562 = DIRECTION('',(0.981482867505,0.191549943341,-0.));
#3563 = PCURVE('',#1184,#3564);
#3564 = DEFINITIONAL_REPRESENTATION('',(#3565),#3569);
#3565 = LINE('',#3566,#3567);
#3566 = CARTESIAN_POINT('',(1.938070341229,15.));
#3567 = VECTOR('',#3568,1.);
#3568 = DIRECTION('',(1.,0.));
#3569 = ( GEOMETRIC_REPRESENTATION_CONTEXT(2) 
PARAMETRIC_REPRESENTATION_CONTEXT() REPRESENTATION_CONTEXT('2D SPACE',''
  ) );
#3570 = PCURVE('',#2555,#3571);
#3571 = DEFINITIONAL_REPRESENTATION('',(#3572),#3576);
#3572 = LINE('',#3573,#3574);
#3573 = CARTESIAN_POINT('',(0.,3.14159265359));
#3574 = VECTOR('',#3575,1.);
#3575 = DIRECTION('',(1.,0.));
#3576 = ( GEOMETRIC_REPRESENTATION_CONTEXT(2) 
PARAMETRIC_REPRESENTATION_CONTEXT() REPRESENTATION_CONTEXT('2D SPACE',''
  ) );
#3577 = ORIENTED_EDGE('',*,*,#3464,.F.);
#3578 = ORIENTED_EDGE('',*,*,#1167,.T.);
#3579 = ADVANCED_FACE('',(#3580),#749,.T.);
#3580 = FACE_BOUND('',#3581,.T.);
#3581 = EDGE_LOOP('',(#3582,#3603,#3625,#3626));
#3582 = ORIENTED_EDGE('',*,*,#3583,.T.);
#3583 = EDGE_CURVE('',#733,#3584,#3586,.T.);
#3584 = VERTEX_POINT('',#3585);
#3585 = CARTESIAN_POINT('',(-6.169510164643,13.672495907052,15.));
#3586 = SURFACE_CURVE('',#3587,(#3591,#3597),.PCURVE_S1.);
#3587 = LINE('',#3588,#3589);
#3588 = CARTESIAN_POINT('',(-6.169510164643,13.672495907052,0.));
#3589 = VECTOR('',#3590,1.);
#3590 = DIRECTION('',(0.,0.,1.));
#3591 = PCURVE('',#749,#3592);
#3592 = DEFINITIONAL_REPRESENTATION('',(#3593),#3596);
#3593 = B_SPLINE_CURVE_WITH_KNOTS('',1,(#3594,#3595),.UNSPECIFIED.,.F.,
  .F.,(2,2),(-6.E-07,16.0000006),.PIECEWISE_BEZIER_KNOTS.);
#3594 = CARTESIAN_POINT('',(1.994676894732,-6.E-07));
#3595 = CARTESIAN_POINT('',(1.994676894732,16.0000006));
#3596 = ( GEOMETRIC_REPRESENTATION_CONTEXT(2) 
PARAMETRIC_REPRESENTATION_CONTEXT() REPRESENTATION_CONTEXT('2D SPACE',''
  ) );
#3597 = PCURVE('',#778,#3598);
#3598 = DEFINITIONAL_REPRESENTATION('',(#3599),#3602);
#3599 = B_SPLINE_CURVE_WITH_KNOTS('',1,(#3600,#3601),.UNSPECIFIED.,.F.,
  .F.,(2,2),(-6.E-07,16.0000006),.PIECEWISE_BEZIER_KNOTS.);
#3600 = CARTESIAN_POINT('',(4.34511496595,-6.E-07));
#3601 = CARTESIAN_POINT('',(4.34511496595,16.0000006));
#3602 = ( GEOMETRIC_REPRESENTATION_CONTEXT(2) 
PARAMETRIC_REPRESENTATION_CONTEXT() REPRESENTATION_CONTEXT('2D SPACE',''
  ) );
#3603 = ORIENTED_EDGE('',*,*,#3604,.F.);
#3604 = EDGE_CURVE('',#3489,#3584,#3605,.T.);
#3605 = SURFACE_CURVE('',#3606,(#3611,#3618),.PCURVE_S1.);
#3606 = CIRCLE('',#3607,15.);
#3607 = AXIS2_PLACEMENT_3D('',#3608,#3609,#3610);
#3608 = CARTESIAN_POINT('',(0.,0.,15.));
#3609 = DIRECTION('',(0.,0.,1.));
#3610 = DIRECTION('',(-0.270826132277,0.962628280322,0.));
#3611 = PCURVE('',#749,#3612);
#3612 = DEFINITIONAL_REPRESENTATION('',(#3613),#3617);
#3613 = LINE('',#3614,#3615);
#3614 = CARTESIAN_POINT('',(1.845047459655,15.));
#3615 = VECTOR('',#3616,1.);
#3616 = DIRECTION('',(1.,0.));
#3617 = ( GEOMETRIC_REPRESENTATION_CONTEXT(2) 
PARAMETRIC_REPRESENTATION_CONTEXT() REPRESENTATION_CONTEXT('2D SPACE',''
  ) );
#3618 = PCURVE('',#2120,#3619);
#3619 = DEFINITIONAL_REPRESENTATION('',(#3620),#3624);
#3620 = LINE('',#3621,#3622);
#3621 = CARTESIAN_POINT('',(-0.,6.28318530718));
#3622 = VECTOR('',#3623,1.);
#3623 = DIRECTION('',(-1.,0.));
#3624 = ( GEOMETRIC_REPRESENTATION_CONTEXT(2) 
PARAMETRIC_REPRESENTATION_CONTEXT() REPRESENTATION_CONTEXT('2D SPACE',''
  ) );
#3625 = ORIENTED_EDGE('',*,*,#3512,.F.);
#3626 = ORIENTED_EDGE('',*,*,#732,.T.);
#3627 = ADVANCED_FACE('',(#3628),#1155,.T.);
#3628 = FACE_BOUND('',#3629,.T.);
#3629 = EDGE_LOOP('',(#3630,#3631,#3655,#3674));
#3630 = ORIENTED_EDGE('',*,*,#3535,.T.);
#3631 = ORIENTED_EDGE('',*,*,#3632,.F.);
#3632 = EDGE_CURVE('',#3633,#3536,#3635,.T.);
#3633 = VERTEX_POINT('',#3634);
#3634 = CARTESIAN_POINT('',(-6.169510164643,-13.67249590705,15.));
#3635 = SURFACE_CURVE('',#3636,(#3641,#3648),.PCURVE_S1.);
#3636 = CIRCLE('',#3637,15.);
#3637 = AXIS2_PLACEMENT_3D('',#3638,#3639,#3640);
#3638 = CARTESIAN_POINT('',(0.,0.,15.));
#3639 = DIRECTION('',(0.,0.,1.));
#3640 = DIRECTION('',(-0.411300677643,-0.911499727137,0.));
#3641 = PCURVE('',#1155,#3642);
#3642 = DEFINITIONAL_REPRESENTATION('',(#3643),#3647);
#3643 = LINE('',#3644,#3645);
#3644 = CARTESIAN_POINT('',(4.288508412448,15.));
#3645 = VECTOR('',#3646,1.);
#3646 = DIRECTION('',(1.,0.));
#3647 = ( GEOMETRIC_REPRESENTATION_CONTEXT(2) 
PARAMETRIC_REPRESENTATION_CONTEXT() REPRESENTATION_CONTEXT('2D SPACE',''
  ) );
#3648 = PCURVE('',#2526,#3649);
#3649 = DEFINITIONAL_REPRESENTATION('',(#3650),#3654);
#3650 = LINE('',#3651,#3652);
#3651 = CARTESIAN_POINT('',(-0.,6.28318530718));
#3652 = VECTOR('',#3653,1.);
#3653 = DIRECTION('',(-1.,0.));
#3654 = ( GEOMETRIC_REPRESENTATION_CONTEXT(2) 
PARAMETRIC_REPRESENTATION_CONTEXT() REPRESENTATION_CONTEXT('2D SPACE',''
  ) );
#3655 = ORIENTED_EDGE('',*,*,#3656,.F.);
#3656 = EDGE_CURVE('',#1110,#3633,#3657,.T.);
#3657 = SURFACE_CURVE('',#3658,(#3662,#3668),.PCURVE_S1.);
#3658 = LINE('',#3659,#3660);
#3659 = CARTESIAN_POINT('',(-6.169510164643,-13.67249590705,0.));
#3660 = VECTOR('',#3661,1.);
#3661 = DIRECTION('',(0.,0.,1.));
#3662 = PCURVE('',#1155,#3663);
#3663 = DEFINITIONAL_REPRESENTATION('',(#3664),#3667);
#3664 = B_SPLINE_CURVE_WITH_KNOTS('',1,(#3665,#3666),.UNSPECIFIED.,.F.,
  .F.,(2,2),(-6.E-07,16.0000006),.PIECEWISE_BEZIER_KNOTS.);
#3665 = CARTESIAN_POINT('',(4.288508412448,-6.E-07));
#3666 = CARTESIAN_POINT('',(4.288508412448,16.0000006));
#3667 = ( GEOMETRIC_REPRESENTATION_CONTEXT(2) 
PARAMETRIC_REPRESENTATION_CONTEXT() REPRESENTATION_CONTEXT('2D SPACE',''
  ) );
#3668 = PCURVE('',#1126,#3669);
#3669 = DEFINITIONAL_REPRESENTATION('',(#3670),#3673);
#3670 = B_SPLINE_CURVE_WITH_KNOTS('',1,(#3671,#3672),.UNSPECIFIED.,.F.,
  .F.,(2,2),(-6.E-07,16.0000006),.PIECEWISE_BEZIER_KNOTS.);
#3671 = CARTESIAN_POINT('',(1.938070341229,-6.E-07));
#3672 = CARTESIAN_POINT('',(1.938070341229,16.0000006));
#3673 = ( GEOMETRIC_REPRESENTATION_CONTEXT(2) 
PARAMETRIC_REPRESENTATION_CONTEXT() REPRESENTATION_CONTEXT('2D SPACE',''
  ) );
#3674 = ORIENTED_EDGE('',*,*,#1138,.T.);
#3675 = ADVANCED_FACE('',(#3676),#778,.F.);
#3676 = FACE_BOUND('',#3677,.F.);
#3677 = EDGE_LOOP('',(#3678,#3679,#3703,#3722));
#3678 = ORIENTED_EDGE('',*,*,#3583,.T.);
#3679 = ORIENTED_EDGE('',*,*,#3680,.F.);
#3680 = EDGE_CURVE('',#3681,#3584,#3683,.T.);
#3681 = VERTEX_POINT('',#3682);
#3682 = CARTESIAN_POINT('',(-8.755973706324,12.179200485014,15.));
#3683 = SURFACE_CURVE('',#3684,(#3689,#3696),.PCURVE_S1.);
#3684 = CIRCLE('',#3685,1.6);
#3685 = AXIS2_PLACEMENT_3D('',#3686,#3687,#3688);
#3686 = CARTESIAN_POINT('',(-7.75,13.423393758659,15.));
#3687 = DIRECTION('',(0.,0.,1.));
#3688 = DIRECTION('',(-0.628733566453,-0.777620796028,0.));
#3689 = PCURVE('',#778,#3690);
#3690 = DEFINITIONAL_REPRESENTATION('',(#3691),#3695);
#3691 = LINE('',#3692,#3693);
#3692 = CARTESIAN_POINT('',(1.938070341229,15.));
#3693 = VECTOR('',#3694,1.);
#3694 = DIRECTION('',(1.,0.));
#3695 = ( GEOMETRIC_REPRESENTATION_CONTEXT(2) 
PARAMETRIC_REPRESENTATION_CONTEXT() REPRESENTATION_CONTEXT('2D SPACE',''
  ) );
#3696 = PCURVE('',#2149,#3697);
#3697 = DEFINITIONAL_REPRESENTATION('',(#3698),#3702);
#3698 = LINE('',#3699,#3700);
#3699 = CARTESIAN_POINT('',(0.,3.14159265359));
#3700 = VECTOR('',#3701,1.);
#3701 = DIRECTION('',(1.,0.));
#3702 = ( GEOMETRIC_REPRESENTATION_CONTEXT(2) 
PARAMETRIC_REPRESENTATION_CONTEXT() REPRESENTATION_CONTEXT('2D SPACE',''
  ) );
#3703 = ORIENTED_EDGE('',*,*,#3704,.F.);
#3704 = EDGE_CURVE('',#762,#3681,#3705,.T.);
#3705 = SURFACE_CURVE('',#3706,(#3710,#3716),.PCURVE_S1.);
#3706 = LINE('',#3707,#3708);
#3707 = CARTESIAN_POINT('',(-8.755973706324,12.179200485014,0.));
#3708 = VECTOR('',#3709,1.);
#3709 = DIRECTION('',(0.,0.,1.));
#3710 = PCURVE('',#778,#3711);
#3711 = DEFINITIONAL_REPRESENTATION('',(#3712),#3715);
#3712 = B_SPLINE_CURVE_WITH_KNOTS('',1,(#3713,#3714),.UNSPECIFIED.,.F.,
  .F.,(2,2),(-6.E-07,16.0000006),.PIECEWISE_BEZIER_KNOTS.);
#3713 = CARTESIAN_POINT('',(1.938070341229,-6.E-07));
#3714 = CARTESIAN_POINT('',(1.938070341229,16.0000006));
#3715 = ( GEOMETRIC_REPRESENTATION_CONTEXT(2) 
PARAMETRIC_REPRESENTATION_CONTEXT() REPRESENTATION_CONTEXT('2D SPACE',''
  ) );
#3716 = PCURVE('',#807,#3717);
#3717 = DEFINITIONAL_REPRESENTATION('',(#3718),#3721);
#3718 = B_SPLINE_CURVE_WITH_KNOTS('',1,(#3719,#3720),.UNSPECIFIED.,.F.,
  .F.,(2,2),(-6.E-07,16.0000006),.PIECEWISE_BEZIER_KNOTS.);
#3719 = CARTESIAN_POINT('',(2.194113310054,-6.E-07));
#3720 = CARTESIAN_POINT('',(2.194113310054,16.0000006));
#3721 = ( GEOMETRIC_REPRESENTATION_CONTEXT(2) 
PARAMETRIC_REPRESENTATION_CONTEXT() REPRESENTATION_CONTEXT('2D SPACE',''
  ) );
#3722 = ORIENTED_EDGE('',*,*,#761,.T.);
#3723 = ADVANCED_FACE('',(#3724),#1126,.F.);
#3724 = FACE_BOUND('',#3725,.F.);
#3725 = EDGE_LOOP('',(#3726,#3747,#3769,#3770));
#3726 = ORIENTED_EDGE('',*,*,#3727,.T.);
#3727 = EDGE_CURVE('',#1081,#3728,#3730,.T.);
#3728 = VERTEX_POINT('',#3729);
#3729 = CARTESIAN_POINT('',(-8.755973706324,-12.17920048501,15.));
#3730 = SURFACE_CURVE('',#3731,(#3735,#3741),.PCURVE_S1.);
#3731 = LINE('',#3732,#3733);
#3732 = CARTESIAN_POINT('',(-8.755973706324,-12.17920048501,0.));
#3733 = VECTOR('',#3734,1.);
#3734 = DIRECTION('',(0.,0.,1.));
#3735 = PCURVE('',#1126,#3736);
#3736 = DEFINITIONAL_REPRESENTATION('',(#3737),#3740);
#3737 = B_SPLINE_CURVE_WITH_KNOTS('',1,(#3738,#3739),.UNSPECIFIED.,.F.,
  .F.,(2,2),(-6.E-07,16.0000006),.PIECEWISE_BEZIER_KNOTS.);
#3738 = CARTESIAN_POINT('',(4.34511496595,-6.E-07));
#3739 = CARTESIAN_POINT('',(4.34511496595,16.0000006));
#3740 = ( GEOMETRIC_REPRESENTATION_CONTEXT(2) 
PARAMETRIC_REPRESENTATION_CONTEXT() REPRESENTATION_CONTEXT('2D SPACE',''
  ) );
#3741 = PCURVE('',#1097,#3742);
#3742 = DEFINITIONAL_REPRESENTATION('',(#3743),#3746);
#3743 = B_SPLINE_CURVE_WITH_KNOTS('',1,(#3744,#3745),.UNSPECIFIED.,.F.,
  .F.,(2,2),(-6.E-07,16.0000006),.PIECEWISE_BEZIER_KNOTS.);
#3744 = CARTESIAN_POINT('',(4.089071997125,-6.E-07));
#3745 = CARTESIAN_POINT('',(4.089071997125,16.0000006));
#3746 = ( GEOMETRIC_REPRESENTATION_CONTEXT(2) 
PARAMETRIC_REPRESENTATION_CONTEXT() REPRESENTATION_CONTEXT('2D SPACE',''
  ) );
#3747 = ORIENTED_EDGE('',*,*,#3748,.F.);
#3748 = EDGE_CURVE('',#3633,#3728,#3749,.T.);
#3749 = SURFACE_CURVE('',#3750,(#3755,#3762),.PCURVE_S1.);
#3750 = CIRCLE('',#3751,1.6);
#3751 = AXIS2_PLACEMENT_3D('',#3752,#3753,#3754);
#3752 = CARTESIAN_POINT('',(-7.75,-13.42339375865,15.));
#3753 = DIRECTION('',(0.,0.,1.));
#3754 = DIRECTION('',(0.987806147098,-0.155688842746,0.));
#3755 = PCURVE('',#1126,#3756);
#3756 = DEFINITIONAL_REPRESENTATION('',(#3757),#3761);
#3757 = LINE('',#3758,#3759);
#3758 = CARTESIAN_POINT('',(1.938070341229,15.));
#3759 = VECTOR('',#3760,1.);
#3760 = DIRECTION('',(1.,0.));
#3761 = ( GEOMETRIC_REPRESENTATION_CONTEXT(2) 
PARAMETRIC_REPRESENTATION_CONTEXT() REPRESENTATION_CONTEXT('2D SPACE',''
  ) );
#3762 = PCURVE('',#2497,#3763);
#3763 = DEFINITIONAL_REPRESENTATION('',(#3764),#3768);
#3764 = LINE('',#3765,#3766);
#3765 = CARTESIAN_POINT('',(0.,3.14159265359));
#3766 = VECTOR('',#3767,1.);
#3767 = DIRECTION('',(1.,0.));
#3768 = ( GEOMETRIC_REPRESENTATION_CONTEXT(2) 
PARAMETRIC_REPRESENTATION_CONTEXT() REPRESENTATION_CONTEXT('2D SPACE',''
  ) );
#3769 = ORIENTED_EDGE('',*,*,#3656,.F.);
#3770 = ORIENTED_EDGE('',*,*,#1109,.T.);
#3771 = ADVANCED_FACE('',(#3772),#807,.T.);
#3772 = FACE_BOUND('',#3773,.T.);
#3773 = EDGE_LOOP('',(#3774,#3795,#3817,#3818));
#3774 = ORIENTED_EDGE('',*,*,#3775,.T.);
#3775 = EDGE_CURVE('',#791,#3776,#3778,.T.);
#3776 = VERTEX_POINT('',#3777);
#3777 = CARTESIAN_POINT('',(-10.47371218532,10.737846760822,15.));
#3778 = SURFACE_CURVE('',#3779,(#3783,#3789),.PCURVE_S1.);
#3779 = LINE('',#3780,#3781);
#3780 = CARTESIAN_POINT('',(-10.47371218532,10.737846760822,0.));
#3781 = VECTOR('',#3782,1.);
#3782 = DIRECTION('',(0.,0.,1.));
#3783 = PCURVE('',#807,#3784);
#3784 = DEFINITIONAL_REPRESENTATION('',(#3785),#3788);
#3785 = B_SPLINE_CURVE_WITH_KNOTS('',1,(#3786,#3787),.UNSPECIFIED.,.F.,
  .F.,(2,2),(-6.E-07,16.0000006),.PIECEWISE_BEZIER_KNOTS.);
#3786 = CARTESIAN_POINT('',(2.343742745131,-6.E-07));
#3787 = CARTESIAN_POINT('',(2.343742745131,16.0000006));
#3788 = ( GEOMETRIC_REPRESENTATION_CONTEXT(2) 
PARAMETRIC_REPRESENTATION_CONTEXT() REPRESENTATION_CONTEXT('2D SPACE',''
  ) );
#3789 = PCURVE('',#836,#3790);
#3790 = DEFINITIONAL_REPRESENTATION('',(#3791),#3794);
#3791 = B_SPLINE_CURVE_WITH_KNOTS('',1,(#3792,#3793),.UNSPECIFIED.,.F.,
  .F.,(2,2),(-6.E-07,16.0000006),.PIECEWISE_BEZIER_KNOTS.);
#3792 = CARTESIAN_POINT('',(4.34511496595,-6.E-07));
#3793 = CARTESIAN_POINT('',(4.34511496595,16.0000006));
#3794 = ( GEOMETRIC_REPRESENTATION_CONTEXT(2) 
PARAMETRIC_REPRESENTATION_CONTEXT() REPRESENTATION_CONTEXT('2D SPACE',''
  ) );
#3795 = ORIENTED_EDGE('',*,*,#3796,.F.);
#3796 = EDGE_CURVE('',#3681,#3776,#3797,.T.);
#3797 = SURFACE_CURVE('',#3798,(#3803,#3810),.PCURVE_S1.);
#3798 = CIRCLE('',#3799,15.);
#3799 = AXIS2_PLACEMENT_3D('',#3800,#3801,#3802);
#3800 = CARTESIAN_POINT('',(0.,0.,15.));
#3801 = DIRECTION('',(0.,0.,1.));
#3802 = DIRECTION('',(-0.583731580422,0.811946699001,0.));
#3803 = PCURVE('',#807,#3804);
#3804 = DEFINITIONAL_REPRESENTATION('',(#3805),#3809);
#3805 = LINE('',#3806,#3807);
#3806 = CARTESIAN_POINT('',(2.194113310054,15.));
#3807 = VECTOR('',#3808,1.);
#3808 = DIRECTION('',(1.,0.));
#3809 = ( GEOMETRIC_REPRESENTATION_CONTEXT(2) 
PARAMETRIC_REPRESENTATION_CONTEXT() REPRESENTATION_CONTEXT('2D SPACE',''
  ) );
#3810 = PCURVE('',#2178,#3811);
#3811 = DEFINITIONAL_REPRESENTATION('',(#3812),#3816);
#3812 = LINE('',#3813,#3814);
#3813 = CARTESIAN_POINT('',(-0.,6.28318530718));
#3814 = VECTOR('',#3815,1.);
#3815 = DIRECTION('',(-1.,0.));
#3816 = ( GEOMETRIC_REPRESENTATION_CONTEXT(2) 
PARAMETRIC_REPRESENTATION_CONTEXT() REPRESENTATION_CONTEXT('2D SPACE',''
  ) );
#3817 = ORIENTED_EDGE('',*,*,#3704,.F.);
#3818 = ORIENTED_EDGE('',*,*,#790,.T.);
#3819 = ADVANCED_FACE('',(#3820),#1097,.T.);
#3820 = FACE_BOUND('',#3821,.T.);
#3821 = EDGE_LOOP('',(#3822,#3823,#3847,#3866));
#3822 = ORIENTED_EDGE('',*,*,#3727,.T.);
#3823 = ORIENTED_EDGE('',*,*,#3824,.F.);
#3824 = EDGE_CURVE('',#3825,#3728,#3827,.T.);
#3825 = VERTEX_POINT('',#3826);
#3826 = CARTESIAN_POINT('',(-10.47371218532,-10.73784676082,15.));
#3827 = SURFACE_CURVE('',#3828,(#3833,#3840),.PCURVE_S1.);
#3828 = CIRCLE('',#3829,15.);
#3829 = AXIS2_PLACEMENT_3D('',#3830,#3831,#3832);
#3830 = CARTESIAN_POINT('',(0.,0.,15.));
#3831 = DIRECTION('',(0.,0.,1.));
#3832 = DIRECTION('',(-0.698247479022,-0.715856450721,0.));
#3833 = PCURVE('',#1097,#3834);
#3834 = DEFINITIONAL_REPRESENTATION('',(#3835),#3839);
#3835 = LINE('',#3836,#3837);
#3836 = CARTESIAN_POINT('',(3.939442562049,15.));
#3837 = VECTOR('',#3838,1.);
#3838 = DIRECTION('',(1.,0.));
#3839 = ( GEOMETRIC_REPRESENTATION_CONTEXT(2) 
PARAMETRIC_REPRESENTATION_CONTEXT() REPRESENTATION_CONTEXT('2D SPACE',''
  ) );
#3840 = PCURVE('',#2468,#3841);
#3841 = DEFINITIONAL_REPRESENTATION('',(#3842),#3846);
#3842 = LINE('',#3843,#3844);
#3843 = CARTESIAN_POINT('',(-0.,6.28318530718));
#3844 = VECTOR('',#3845,1.);
#3845 = DIRECTION('',(-1.,0.));
#3846 = ( GEOMETRIC_REPRESENTATION_CONTEXT(2) 
PARAMETRIC_REPRESENTATION_CONTEXT() REPRESENTATION_CONTEXT('2D SPACE',''
  ) );
#3847 = ORIENTED_EDGE('',*,*,#3848,.F.);
#3848 = EDGE_CURVE('',#1052,#3825,#3849,.T.);
#3849 = SURFACE_CURVE('',#3850,(#3854,#3860),.PCURVE_S1.);
#3850 = LINE('',#3851,#3852);
#3851 = CARTESIAN_POINT('',(-10.47371218532,-10.73784676082,0.));
#3852 = VECTOR('',#3853,1.);
#3853 = DIRECTION('',(0.,0.,1.));
#3854 = PCURVE('',#1097,#3855);
#3855 = DEFINITIONAL_REPRESENTATION('',(#3856),#3859);
#3856 = B_SPLINE_CURVE_WITH_KNOTS('',1,(#3857,#3858),.UNSPECIFIED.,.F.,
  .F.,(2,2),(-6.E-07,16.0000006),.PIECEWISE_BEZIER_KNOTS.);
#3857 = CARTESIAN_POINT('',(3.939442562049,-6.E-07));
#3858 = CARTESIAN_POINT('',(3.939442562049,16.0000006));
#3859 = ( GEOMETRIC_REPRESENTATION_CONTEXT(2) 
PARAMETRIC_REPRESENTATION_CONTEXT() REPRESENTATION_CONTEXT('2D SPACE',''
  ) );
#3860 = PCURVE('',#1068,#3861);
#3861 = DEFINITIONAL_REPRESENTATION('',(#3862),#3865);
#3862 = B_SPLINE_CURVE_WITH_KNOTS('',1,(#3863,#3864),.UNSPECIFIED.,.F.,
  .F.,(2,2),(-6.E-07,16.0000006),.PIECEWISE_BEZIER_KNOTS.);
#3863 = CARTESIAN_POINT('',(1.938070341229,-6.E-07));
#3864 = CARTESIAN_POINT('',(1.938070341229,16.0000006));
#3865 = ( GEOMETRIC_REPRESENTATION_CONTEXT(2) 
PARAMETRIC_REPRESENTATION_CONTEXT() REPRESENTATION_CONTEXT('2D SPACE',''
  ) );
#3866 = ORIENTED_EDGE('',*,*,#1080,.T.);
#3867 = ADVANCED_FACE('',(#3868),#836,.F.);
#3868 = FACE_BOUND('',#3869,.F.);
#3869 = EDGE_LOOP('',(#3870,#3871,#3895,#3914));
#3870 = ORIENTED_EDGE('',*,*,#3775,.T.);
#3871 = ORIENTED_EDGE('',*,*,#3872,.F.);
#3872 = EDGE_CURVE('',#3873,#3776,#3875,.T.);
#3873 = VERTEX_POINT('',#3874);
#3874 = CARTESIAN_POINT('',(-12.3934557751,8.449985440847,15.));
#3875 = SURFACE_CURVE('',#3876,(#3881,#3888),.PCURVE_S1.);
#3876 = CIRCLE('',#3877,1.6);
#3877 = AXIS2_PLACEMENT_3D('',#3878,#3879,#3880);
#3878 = CARTESIAN_POINT('',(-11.87368886834,9.963207950141,15.));
#3879 = DIRECTION('',(0.,0.,1.));
#3880 = DIRECTION('',(-0.324854316725,-0.945764068309,0.));
#3881 = PCURVE('',#836,#3882);
#3882 = DEFINITIONAL_REPRESENTATION('',(#3883),#3887);
#3883 = LINE('',#3884,#3885);
#3884 = CARTESIAN_POINT('',(1.938070341229,15.));
#3885 = VECTOR('',#3886,1.);
#3886 = DIRECTION('',(1.,0.));
#3887 = ( GEOMETRIC_REPRESENTATION_CONTEXT(2) 
PARAMETRIC_REPRESENTATION_CONTEXT() REPRESENTATION_CONTEXT('2D SPACE',''
  ) );
#3888 = PCURVE('',#2207,#3889);
#3889 = DEFINITIONAL_REPRESENTATION('',(#3890),#3894);
#3890 = LINE('',#3891,#3892);
#3891 = CARTESIAN_POINT('',(0.,3.14159265359));
#3892 = VECTOR('',#3893,1.);
#3893 = DIRECTION('',(1.,0.));
#3894 = ( GEOMETRIC_REPRESENTATION_CONTEXT(2) 
PARAMETRIC_REPRESENTATION_CONTEXT() REPRESENTATION_CONTEXT('2D SPACE',''
  ) );
#3895 = ORIENTED_EDGE('',*,*,#3896,.F.);
#3896 = EDGE_CURVE('',#820,#3873,#3897,.T.);
#3897 = SURFACE_CURVE('',#3898,(#3902,#3908),.PCURVE_S1.);
#3898 = LINE('',#3899,#3900);
#3899 = CARTESIAN_POINT('',(-12.3934557751,8.449985440847,0.));
#3900 = VECTOR('',#3901,1.);
#3901 = DIRECTION('',(0.,0.,1.));
#3902 = PCURVE('',#836,#3903);
#3903 = DEFINITIONAL_REPRESENTATION('',(#3904),#3907);
#3904 = B_SPLINE_CURVE_WITH_KNOTS('',1,(#3905,#3906),.UNSPECIFIED.,.F.,
  .F.,(2,2),(-6.E-07,16.0000006),.PIECEWISE_BEZIER_KNOTS.);
#3905 = CARTESIAN_POINT('',(1.938070341229,-6.E-07));
#3906 = CARTESIAN_POINT('',(1.938070341229,16.0000006));
#3907 = ( GEOMETRIC_REPRESENTATION_CONTEXT(2) 
PARAMETRIC_REPRESENTATION_CONTEXT() REPRESENTATION_CONTEXT('2D SPACE',''
  ) );
#3908 = PCURVE('',#865,#3909);
#3909 = DEFINITIONAL_REPRESENTATION('',(#3910),#3913);
#3910 = B_SPLINE_CURVE_WITH_KNOTS('',1,(#3911,#3912),.UNSPECIFIED.,.F.,
  .F.,(2,2),(-6.E-07,16.0000006),.PIECEWISE_BEZIER_KNOTS.);
#3911 = CARTESIAN_POINT('',(2.543179160453,-6.E-07));
#3912 = CARTESIAN_POINT('',(2.543179160453,16.0000006));
#3913 = ( GEOMETRIC_REPRESENTATION_CONTEXT(2) 
PARAMETRIC_REPRESENTATION_CONTEXT() REPRESENTATION_CONTEXT('2D SPACE',''
  ) );
#3914 = ORIENTED_EDGE('',*,*,#819,.T.);
#3915 = ADVANCED_FACE('',(#3916),#1068,.F.);
#3916 = FACE_BOUND('',#3917,.F.);
#3917 = EDGE_LOOP('',(#3918,#3939,#3961,#3962));
#3918 = ORIENTED_EDGE('',*,*,#3919,.T.);
#3919 = EDGE_CURVE('',#1023,#3920,#3922,.T.);
#3920 = VERTEX_POINT('',#3921);
#3921 = CARTESIAN_POINT('',(-12.3934557751,-8.449985440847,15.));
#3922 = SURFACE_CURVE('',#3923,(#3927,#3933),.PCURVE_S1.);
#3923 = LINE('',#3924,#3925);
#3924 = CARTESIAN_POINT('',(-12.3934557751,-8.449985440847,0.));
#3925 = VECTOR('',#3926,1.);
#3926 = DIRECTION('',(0.,0.,1.));
#3927 = PCURVE('',#1068,#3928);
#3928 = DEFINITIONAL_REPRESENTATION('',(#3929),#3932);
#3929 = B_SPLINE_CURVE_WITH_KNOTS('',1,(#3930,#3931),.UNSPECIFIED.,.F.,
  .F.,(2,2),(-6.E-07,16.0000006),.PIECEWISE_BEZIER_KNOTS.);
#3930 = CARTESIAN_POINT('',(4.34511496595,-6.E-07));
#3931 = CARTESIAN_POINT('',(4.34511496595,16.0000006));
#3932 = ( GEOMETRIC_REPRESENTATION_CONTEXT(2) 
PARAMETRIC_REPRESENTATION_CONTEXT() REPRESENTATION_CONTEXT('2D SPACE',''
  ) );
#3933 = PCURVE('',#1039,#3934);
#3934 = DEFINITIONAL_REPRESENTATION('',(#3935),#3938);
#3935 = B_SPLINE_CURVE_WITH_KNOTS('',1,(#3936,#3937),.UNSPECIFIED.,.F.,
  .F.,(2,2),(-6.E-07,16.0000006),.PIECEWISE_BEZIER_KNOTS.);
#3936 = CARTESIAN_POINT('',(3.740006146726,-6.E-07));
#3937 = CARTESIAN_POINT('',(3.740006146726,16.0000006));
#3938 = ( GEOMETRIC_REPRESENTATION_CONTEXT(2) 
PARAMETRIC_REPRESENTATION_CONTEXT() REPRESENTATION_CONTEXT('2D SPACE',''
  ) );
#3939 = ORIENTED_EDGE('',*,*,#3940,.F.);
#3940 = EDGE_CURVE('',#3825,#3920,#3941,.T.);
#3941 = SURFACE_CURVE('',#3942,(#3947,#3954),.PCURVE_S1.);
#3942 = CIRCLE('',#3943,1.6);
#3943 = AXIS2_PLACEMENT_3D('',#3944,#3945,#3946);
#3944 = CARTESIAN_POINT('',(-11.87368886834,-9.963207950141,15.));
#3945 = DIRECTION('',(0.,0.,1.));
#3946 = DIRECTION('',(0.874985426885,-0.484149256675,0.));
#3947 = PCURVE('',#1068,#3948);
#3948 = DEFINITIONAL_REPRESENTATION('',(#3949),#3953);
#3949 = LINE('',#3950,#3951);
#3950 = CARTESIAN_POINT('',(1.938070341229,15.));
#3951 = VECTOR('',#3952,1.);
#3952 = DIRECTION('',(1.,0.));
#3953 = ( GEOMETRIC_REPRESENTATION_CONTEXT(2) 
PARAMETRIC_REPRESENTATION_CONTEXT() REPRESENTATION_CONTEXT('2D SPACE',''
  ) );
#3954 = PCURVE('',#2439,#3955);
#3955 = DEFINITIONAL_REPRESENTATION('',(#3956),#3960);
#3956 = LINE('',#3957,#3958);
#3957 = CARTESIAN_POINT('',(0.,3.14159265359));
#3958 = VECTOR('',#3959,1.);
#3959 = DIRECTION('',(1.,0.));
#3960 = ( GEOMETRIC_REPRESENTATION_CONTEXT(2) 
PARAMETRIC_REPRESENTATION_CONTEXT() REPRESENTATION_CONTEXT('2D SPACE',''
  ) );
#3961 = ORIENTED_EDGE('',*,*,#3848,.F.);
#3962 = ORIENTED_EDGE('',*,*,#1051,.T.);
#3963 = ADVANCED_FACE('',(#3964),#865,.T.);
#3964 = FACE_BOUND('',#3965,.T.);
#3965 = EDGE_LOOP('',(#3966,#3987,#4009,#4010));
#3966 = ORIENTED_EDGE('',*,*,#3967,.T.);
#3967 = EDGE_CURVE('',#849,#3968,#3970,.T.);
#3968 = VERTEX_POINT('',#3969);
#3969 = CARTESIAN_POINT('',(-13.51462994093,6.508054821497,15.));
#3970 = SURFACE_CURVE('',#3971,(#3975,#3981),.PCURVE_S1.);
#3971 = LINE('',#3972,#3973);
#3972 = CARTESIAN_POINT('',(-13.51462994093,6.508054821497,0.));
#3973 = VECTOR('',#3974,1.);
#3974 = DIRECTION('',(0.,0.,1.));
#3975 = PCURVE('',#865,#3976);
#3976 = DEFINITIONAL_REPRESENTATION('',(#3977),#3980);
#3977 = B_SPLINE_CURVE_WITH_KNOTS('',1,(#3978,#3979),.UNSPECIFIED.,.F.,
  .F.,(2,2),(-6.E-07,16.0000006),.PIECEWISE_BEZIER_KNOTS.);
#3978 = CARTESIAN_POINT('',(2.69280859553,-6.E-07));
#3979 = CARTESIAN_POINT('',(2.69280859553,16.0000006));
#3980 = ( GEOMETRIC_REPRESENTATION_CONTEXT(2) 
PARAMETRIC_REPRESENTATION_CONTEXT() REPRESENTATION_CONTEXT('2D SPACE',''
  ) );
#3981 = PCURVE('',#894,#3982);
#3982 = DEFINITIONAL_REPRESENTATION('',(#3983),#3986);
#3983 = B_SPLINE_CURVE_WITH_KNOTS('',1,(#3984,#3985),.UNSPECIFIED.,.F.,
  .F.,(2,2),(-6.E-07,16.0000006),.PIECEWISE_BEZIER_KNOTS.);
#3984 = CARTESIAN_POINT('',(4.34511496595,-6.E-07));
#3985 = CARTESIAN_POINT('',(4.34511496595,16.0000006));
#3986 = ( GEOMETRIC_REPRESENTATION_CONTEXT(2) 
PARAMETRIC_REPRESENTATION_CONTEXT() REPRESENTATION_CONTEXT('2D SPACE',''
  ) );
#3987 = ORIENTED_EDGE('',*,*,#3988,.F.);
#3988 = EDGE_CURVE('',#3873,#3968,#3989,.T.);
#3989 = SURFACE_CURVE('',#3990,(#3995,#4002),.PCURVE_S1.);
#3990 = CIRCLE('',#3991,15.);
#3991 = AXIS2_PLACEMENT_3D('',#3992,#3993,#3994);
#3992 = CARTESIAN_POINT('',(0.,0.,15.));
#3993 = DIRECTION('',(0.,0.,1.));
#3994 = DIRECTION('',(-0.826230385007,0.563332362723,0.));
#3995 = PCURVE('',#865,#3996);
#3996 = DEFINITIONAL_REPRESENTATION('',(#3997),#4001);
#3997 = LINE('',#3998,#3999);
#3998 = CARTESIAN_POINT('',(2.543179160453,15.));
#3999 = VECTOR('',#4000,1.);
#4000 = DIRECTION('',(1.,0.));
#4001 = ( GEOMETRIC_REPRESENTATION_CONTEXT(2) 
PARAMETRIC_REPRESENTATION_CONTEXT() REPRESENTATION_CONTEXT('2D SPACE',''
  ) );
#4002 = PCURVE('',#2236,#4003);
#4003 = DEFINITIONAL_REPRESENTATION('',(#4004),#4008);
#4004 = LINE('',#4005,#4006);
#4005 = CARTESIAN_POINT('',(-0.,6.28318530718));
#4006 = VECTOR('',#4007,1.);
#4007 = DIRECTION('',(-1.,0.));
#4008 = ( GEOMETRIC_REPRESENTATION_CONTEXT(2) 
PARAMETRIC_REPRESENTATION_CONTEXT() REPRESENTATION_CONTEXT('2D SPACE',''
  ) );
#4009 = ORIENTED_EDGE('',*,*,#3896,.F.);
#4010 = ORIENTED_EDGE('',*,*,#848,.T.);
#4011 = ADVANCED_FACE('',(#4012),#1039,.T.);
#4012 = FACE_BOUND('',#4013,.T.);
#4013 = EDGE_LOOP('',(#4014,#4015,#4039,#4058));
#4014 = ORIENTED_EDGE('',*,*,#3919,.T.);
#4015 = ORIENTED_EDGE('',*,*,#4016,.F.);
#4016 = EDGE_CURVE('',#4017,#3920,#4019,.T.);
#4017 = VERTEX_POINT('',#4018);
#4018 = CARTESIAN_POINT('',(-13.51462994093,-6.508054821497,15.));
#4019 = SURFACE_CURVE('',#4020,(#4025,#4032),.PCURVE_S1.);
#4020 = CIRCLE('',#4021,15.);
#4021 = AXIS2_PLACEMENT_3D('',#4022,#4023,#4024);
#4022 = CARTESIAN_POINT('',(0.,0.,15.));
#4023 = DIRECTION('',(0.,0.,1.));
#4024 = DIRECTION('',(-0.900975329396,-0.433870321433,0.));
#4025 = PCURVE('',#1039,#4026);
#4026 = DEFINITIONAL_REPRESENTATION('',(#4027),#4031);
#4027 = LINE('',#4028,#4029);
#4028 = CARTESIAN_POINT('',(3.59037671165,15.));
#4029 = VECTOR('',#4030,1.);
#4030 = DIRECTION('',(1.,0.));
#4031 = ( GEOMETRIC_REPRESENTATION_CONTEXT(2) 
PARAMETRIC_REPRESENTATION_CONTEXT() REPRESENTATION_CONTEXT('2D SPACE',''
  ) );
#4032 = PCURVE('',#2410,#4033);
#4033 = DEFINITIONAL_REPRESENTATION('',(#4034),#4038);
#4034 = LINE('',#4035,#4036);
#4035 = CARTESIAN_POINT('',(-0.,6.28318530718));
#4036 = VECTOR('',#4037,1.);
#4037 = DIRECTION('',(-1.,0.));
#4038 = ( GEOMETRIC_REPRESENTATION_CONTEXT(2) 
PARAMETRIC_REPRESENTATION_CONTEXT() REPRESENTATION_CONTEXT('2D SPACE',''
  ) );
#4039 = ORIENTED_EDGE('',*,*,#4040,.F.);
#4040 = EDGE_CURVE('',#994,#4017,#4041,.T.);
#4041 = SURFACE_CURVE('',#4042,(#4046,#4052),.PCURVE_S1.);
#4042 = LINE('',#4043,#4044);
#4043 = CARTESIAN_POINT('',(-13.51462994093,-6.508054821497,0.));
#4044 = VECTOR('',#4045,1.);
#4045 = DIRECTION('',(0.,0.,1.));
#4046 = PCURVE('',#1039,#4047);
#4047 = DEFINITIONAL_REPRESENTATION('',(#4048),#4051);
#4048 = B_SPLINE_CURVE_WITH_KNOTS('',1,(#4049,#4050),.UNSPECIFIED.,.F.,
  .F.,(2,2),(-6.E-07,16.0000006),.PIECEWISE_BEZIER_KNOTS.);
#4049 = CARTESIAN_POINT('',(3.59037671165,-6.E-07));
#4050 = CARTESIAN_POINT('',(3.59037671165,16.0000006));
#4051 = ( GEOMETRIC_REPRESENTATION_CONTEXT(2) 
PARAMETRIC_REPRESENTATION_CONTEXT() REPRESENTATION_CONTEXT('2D SPACE',''
  ) );
#4052 = PCURVE('',#1010,#4053);
#4053 = DEFINITIONAL_REPRESENTATION('',(#4054),#4057);
#4054 = B_SPLINE_CURVE_WITH_KNOTS('',1,(#4055,#4056),.UNSPECIFIED.,.F.,
  .F.,(2,2),(-6.E-07,16.0000006),.PIECEWISE_BEZIER_KNOTS.);
#4055 = CARTESIAN_POINT('',(1.938070341229,-6.E-07));
#4056 = CARTESIAN_POINT('',(1.938070341229,16.0000006));
#4057 = ( GEOMETRIC_REPRESENTATION_CONTEXT(2) 
PARAMETRIC_REPRESENTATION_CONTEXT() REPRESENTATION_CONTEXT('2D SPACE',''
  ) );
#4058 = ORIENTED_EDGE('',*,*,#1022,.T.);
#4059 = ADVANCED_FACE('',(#4060),#894,.F.);
#4060 = FACE_BOUND('',#4061,.F.);
#4061 = EDGE_LOOP('',(#4062,#4063,#4087,#4106));
#4062 = ORIENTED_EDGE('',*,*,#3967,.T.);
#4063 = ORIENTED_EDGE('',*,*,#4064,.F.);
#4064 = EDGE_CURVE('',#4065,#3968,#4067,.T.);
#4065 = VERTEX_POINT('',#4066);
#4066 = CARTESIAN_POINT('',(-14.53610416948,3.70157744401,15.));
#4067 = SURFACE_CURVE('',#4068,(#4073,#4080),.PCURVE_S1.);
#4068 = CIRCLE('',#4069,1.6);
#4069 = AXIS2_PLACEMENT_3D('',#4070,#4071,#4072);
#4070 = CARTESIAN_POINT('',(-14.56523562218,5.301312221548,15.));
#4071 = DIRECTION('',(0.,0.,1.));
#4072 = DIRECTION('',(1.820715793792E-02,-0.999834235961,0.));
#4073 = PCURVE('',#894,#4074);
#4074 = DEFINITIONAL_REPRESENTATION('',(#4075),#4079);
#4075 = LINE('',#4076,#4077);
#4076 = CARTESIAN_POINT('',(1.938070341229,15.));
#4077 = VECTOR('',#4078,1.);
#4078 = DIRECTION('',(1.,0.));
#4079 = ( GEOMETRIC_REPRESENTATION_CONTEXT(2) 
PARAMETRIC_REPRESENTATION_CONTEXT() REPRESENTATION_CONTEXT('2D SPACE',''
  ) );
#4080 = PCURVE('',#2265,#4081);
#4081 = DEFINITIONAL_REPRESENTATION('',(#4082),#4086);
#4082 = LINE('',#4083,#4084);
#4083 = CARTESIAN_POINT('',(0.,3.14159265359));
#4084 = VECTOR('',#4085,1.);
#4085 = DIRECTION('',(1.,0.));
#4086 = ( GEOMETRIC_REPRESENTATION_CONTEXT(2) 
PARAMETRIC_REPRESENTATION_CONTEXT() REPRESENTATION_CONTEXT('2D SPACE',''
  ) );
#4087 = ORIENTED_EDGE('',*,*,#4088,.F.);
#4088 = EDGE_CURVE('',#878,#4065,#4089,.T.);
#4089 = SURFACE_CURVE('',#4090,(#4094,#4100),.PCURVE_S1.);
#4090 = LINE('',#4091,#4092);
#4091 = CARTESIAN_POINT('',(-14.53610416948,3.70157744401,0.));
#4092 = VECTOR('',#4093,1.);
#4093 = DIRECTION('',(0.,0.,1.));
#4094 = PCURVE('',#894,#4095);
#4095 = DEFINITIONAL_REPRESENTATION('',(#4096),#4099);
#4096 = B_SPLINE_CURVE_WITH_KNOTS('',1,(#4097,#4098),.UNSPECIFIED.,.F.,
  .F.,(2,2),(-6.E-07,16.0000006),.PIECEWISE_BEZIER_KNOTS.);
#4097 = CARTESIAN_POINT('',(1.938070341229,-6.E-07));
#4098 = CARTESIAN_POINT('',(1.938070341229,16.0000006));
#4099 = ( GEOMETRIC_REPRESENTATION_CONTEXT(2) 
PARAMETRIC_REPRESENTATION_CONTEXT() REPRESENTATION_CONTEXT('2D SPACE',''
  ) );
#4100 = PCURVE('',#923,#4101);
#4101 = DEFINITIONAL_REPRESENTATION('',(#4102),#4105);
#4102 = B_SPLINE_CURVE_WITH_KNOTS('',1,(#4103,#4104),.UNSPECIFIED.,.F.,
  .F.,(2,2),(-6.E-07,16.0000006),.PIECEWISE_BEZIER_KNOTS.);
#4103 = CARTESIAN_POINT('',(2.892245010852,-6.E-07));
#4104 = CARTESIAN_POINT('',(2.892245010852,16.0000006));
#4105 = ( GEOMETRIC_REPRESENTATION_CONTEXT(2) 
PARAMETRIC_REPRESENTATION_CONTEXT() REPRESENTATION_CONTEXT('2D SPACE',''
  ) );
#4106 = ORIENTED_EDGE('',*,*,#877,.T.);
#4107 = ADVANCED_FACE('',(#4108),#1010,.F.);
#4108 = FACE_BOUND('',#4109,.F.);
#4109 = EDGE_LOOP('',(#4110,#4131,#4153,#4154));
#4110 = ORIENTED_EDGE('',*,*,#4111,.T.);
#4111 = EDGE_CURVE('',#965,#4112,#4114,.T.);
#4112 = VERTEX_POINT('',#4113);
#4113 = CARTESIAN_POINT('',(-14.53610416948,-3.70157744401,15.));
#4114 = SURFACE_CURVE('',#4115,(#4119,#4125),.PCURVE_S1.);
#4115 = LINE('',#4116,#4117);
#4116 = CARTESIAN_POINT('',(-14.53610416948,-3.70157744401,0.));
#4117 = VECTOR('',#4118,1.);
#4118 = DIRECTION('',(0.,0.,1.));
#4119 = PCURVE('',#1010,#4120);
#4120 = DEFINITIONAL_REPRESENTATION('',(#4121),#4124);
#4121 = B_SPLINE_CURVE_WITH_KNOTS('',1,(#4122,#4123),.UNSPECIFIED.,.F.,
  .F.,(2,2),(-6.E-07,16.0000006),.PIECEWISE_BEZIER_KNOTS.);
#4122 = CARTESIAN_POINT('',(4.34511496595,-6.E-07));
#4123 = CARTESIAN_POINT('',(4.34511496595,16.0000006));
#4124 = ( GEOMETRIC_REPRESENTATION_CONTEXT(2) 
PARAMETRIC_REPRESENTATION_CONTEXT() REPRESENTATION_CONTEXT('2D SPACE',''
  ) );
#4125 = PCURVE('',#981,#4126);
#4126 = DEFINITIONAL_REPRESENTATION('',(#4127),#4130);
#4127 = B_SPLINE_CURVE_WITH_KNOTS('',1,(#4128,#4129),.UNSPECIFIED.,.F.,
  .F.,(2,2),(-6.E-07,16.0000006),.PIECEWISE_BEZIER_KNOTS.);
#4128 = CARTESIAN_POINT('',(3.390940296328,-6.E-07));
#4129 = CARTESIAN_POINT('',(3.390940296328,16.0000006));
#4130 = ( GEOMETRIC_REPRESENTATION_CONTEXT(2) 
PARAMETRIC_REPRESENTATION_CONTEXT() REPRESENTATION_CONTEXT('2D SPACE',''
  ) );
#4131 = ORIENTED_EDGE('',*,*,#4132,.F.);
#4132 = EDGE_CURVE('',#4017,#4112,#4133,.T.);
#4133 = SURFACE_CURVE('',#4134,(#4139,#4146),.PCURVE_S1.);
#4134 = CIRCLE('',#4135,1.6);
#4135 = AXIS2_PLACEMENT_3D('',#4136,#4137,#4138);
#4136 = CARTESIAN_POINT('',(-14.56523562218,-5.301312221548,15.));
#4137 = DIRECTION('',(0.,0.,1.));
#4138 = DIRECTION('',(0.65662855078,-0.754214124968,0.));
#4139 = PCURVE('',#1010,#4140);
#4140 = DEFINITIONAL_REPRESENTATION('',(#4141),#4145);
#4141 = LINE('',#4142,#4143);
#4142 = CARTESIAN_POINT('',(1.938070341229,15.));
#4143 = VECTOR('',#4144,1.);
#4144 = DIRECTION('',(1.,0.));
#4145 = ( GEOMETRIC_REPRESENTATION_CONTEXT(2) 
PARAMETRIC_REPRESENTATION_CONTEXT() REPRESENTATION_CONTEXT('2D SPACE',''
  ) );
#4146 = PCURVE('',#2381,#4147);
#4147 = DEFINITIONAL_REPRESENTATION('',(#4148),#4152);
#4148 = LINE('',#4149,#4150);
#4149 = CARTESIAN_POINT('',(0.,3.14159265359));
#4150 = VECTOR('',#4151,1.);
#4151 = DIRECTION('',(1.,0.));
#4152 = ( GEOMETRIC_REPRESENTATION_CONTEXT(2) 
PARAMETRIC_REPRESENTATION_CONTEXT() REPRESENTATION_CONTEXT('2D SPACE',''
  ) );
#4153 = ORIENTED_EDGE('',*,*,#4040,.F.);
#4154 = ORIENTED_EDGE('',*,*,#993,.T.);
#4155 = ADVANCED_FACE('',(#4156),#923,.T.);
#4156 = FACE_BOUND('',#4157,.T.);
#4157 = EDGE_LOOP('',(#4158,#4179,#4201,#4202));
#4158 = ORIENTED_EDGE('',*,*,#4159,.T.);
#4159 = EDGE_CURVE('',#907,#4160,#4162,.T.);
#4160 = VERTEX_POINT('',#4161);
#4161 = CARTESIAN_POINT('',(-14.92548387096,1.493295422039,15.));
#4162 = SURFACE_CURVE('',#4163,(#4167,#4173),.PCURVE_S1.);
#4163 = LINE('',#4164,#4165);
#4164 = CARTESIAN_POINT('',(-14.92548387096,1.493295422039,0.));
#4165 = VECTOR('',#4166,1.);
#4166 = DIRECTION('',(0.,0.,1.));
#4167 = PCURVE('',#923,#4168);
#4168 = DEFINITIONAL_REPRESENTATION('',(#4169),#4172);
#4169 = B_SPLINE_CURVE_WITH_KNOTS('',1,(#4170,#4171),.UNSPECIFIED.,.F.,
  .F.,(2,2),(-6.E-07,16.0000006),.PIECEWISE_BEZIER_KNOTS.);
#4170 = CARTESIAN_POINT('',(3.041874445929,-6.E-07));
#4171 = CARTESIAN_POINT('',(3.041874445929,16.0000006));
#4172 = ( GEOMETRIC_REPRESENTATION_CONTEXT(2) 
PARAMETRIC_REPRESENTATION_CONTEXT() REPRESENTATION_CONTEXT('2D SPACE',''
  ) );
#4173 = PCURVE('',#952,#4174);
#4174 = DEFINITIONAL_REPRESENTATION('',(#4175),#4178);
#4175 = B_SPLINE_CURVE_WITH_KNOTS('',1,(#4176,#4177),.UNSPECIFIED.,.F.,
  .F.,(2,2),(-6.E-07,16.0000006),.PIECEWISE_BEZIER_KNOTS.);
#4176 = CARTESIAN_POINT('',(4.34511496595,-6.E-07));
#4177 = CARTESIAN_POINT('',(4.34511496595,16.0000006));
#4178 = ( GEOMETRIC_REPRESENTATION_CONTEXT(2) 
PARAMETRIC_REPRESENTATION_CONTEXT() REPRESENTATION_CONTEXT('2D SPACE',''
  ) );
#4179 = ORIENTED_EDGE('',*,*,#4180,.F.);
#4180 = EDGE_CURVE('',#4065,#4160,#4181,.T.);
#4181 = SURFACE_CURVE('',#4182,(#4187,#4194),.PCURVE_S1.);
#4182 = CIRCLE('',#4183,15.);
#4183 = AXIS2_PLACEMENT_3D('',#4184,#4185,#4186);
#4184 = CARTESIAN_POINT('',(0.,0.,15.));
#4185 = DIRECTION('',(0.,0.,1.));
#4186 = DIRECTION('',(-0.969073611299,0.246771829601,0.));
#4187 = PCURVE('',#923,#4188);
#4188 = DEFINITIONAL_REPRESENTATION('',(#4189),#4193);
#4189 = LINE('',#4190,#4191);
#4190 = CARTESIAN_POINT('',(2.892245010852,15.));
#4191 = VECTOR('',#4192,1.);
#4192 = DIRECTION('',(1.,0.));
#4193 = ( GEOMETRIC_REPRESENTATION_CONTEXT(2) 
PARAMETRIC_REPRESENTATION_CONTEXT() REPRESENTATION_CONTEXT('2D SPACE',''
  ) );
#4194 = PCURVE('',#2294,#4195);
#4195 = DEFINITIONAL_REPRESENTATION('',(#4196),#4200);
#4196 = LINE('',#4197,#4198);
#4197 = CARTESIAN_POINT('',(-0.,6.28318530718));
#4198 = VECTOR('',#4199,1.);
#4199 = DIRECTION('',(-1.,0.));
#4200 = ( GEOMETRIC_REPRESENTATION_CONTEXT(2) 
PARAMETRIC_REPRESENTATION_CONTEXT() REPRESENTATION_CONTEXT('2D SPACE',''
  ) );
#4201 = ORIENTED_EDGE('',*,*,#4088,.F.);
#4202 = ORIENTED_EDGE('',*,*,#906,.T.);
#4203 = ADVANCED_FACE('',(#4204),#981,.T.);
#4204 = FACE_BOUND('',#4205,.T.);
#4205 = EDGE_LOOP('',(#4206,#4207,#4231,#4250));
#4206 = ORIENTED_EDGE('',*,*,#4111,.T.);
#4207 = ORIENTED_EDGE('',*,*,#4208,.F.);
#4208 = EDGE_CURVE('',#4209,#4112,#4211,.T.);
#4209 = VERTEX_POINT('',#4210);
#4210 = CARTESIAN_POINT('',(-14.92548387096,-1.493295422039,15.));
#4211 = SURFACE_CURVE('',#4212,(#4217,#4224),.PCURVE_S1.);
#4212 = CIRCLE('',#4213,15.);
#4213 = AXIS2_PLACEMENT_3D('',#4214,#4215,#4216);
#4214 = CARTESIAN_POINT('',(0.,0.,15.));
#4215 = DIRECTION('',(0.,0.,1.));
#4216 = DIRECTION('',(-0.995032258065,-9.955302813589E-02,0.));
#4217 = PCURVE('',#981,#4218);
#4218 = DEFINITIONAL_REPRESENTATION('',(#4219),#4223);
#4219 = LINE('',#4220,#4221);
#4220 = CARTESIAN_POINT('',(3.241310861251,15.));
#4221 = VECTOR('',#4222,1.);
#4222 = DIRECTION('',(1.,0.));
#4223 = ( GEOMETRIC_REPRESENTATION_CONTEXT(2) 
PARAMETRIC_REPRESENTATION_CONTEXT() REPRESENTATION_CONTEXT('2D SPACE',''
  ) );
#4224 = PCURVE('',#2352,#4225);
#4225 = DEFINITIONAL_REPRESENTATION('',(#4226),#4230);
#4226 = LINE('',#4227,#4228);
#4227 = CARTESIAN_POINT('',(-0.,6.28318530718));
#4228 = VECTOR('',#4229,1.);
#4229 = DIRECTION('',(-1.,0.));
#4230 = ( GEOMETRIC_REPRESENTATION_CONTEXT(2) 
PARAMETRIC_REPRESENTATION_CONTEXT() REPRESENTATION_CONTEXT('2D SPACE',''
  ) );
#4231 = ORIENTED_EDGE('',*,*,#4232,.F.);
#4232 = EDGE_CURVE('',#936,#4209,#4233,.T.);
#4233 = SURFACE_CURVE('',#4234,(#4238,#4244),.PCURVE_S1.);
#4234 = LINE('',#4235,#4236);
#4235 = CARTESIAN_POINT('',(-14.92548387096,-1.493295422039,0.));
#4236 = VECTOR('',#4237,1.);
#4237 = DIRECTION('',(0.,0.,1.));
#4238 = PCURVE('',#981,#4239);
#4239 = DEFINITIONAL_REPRESENTATION('',(#4240),#4243);
#4240 = B_SPLINE_CURVE_WITH_KNOTS('',1,(#4241,#4242),.UNSPECIFIED.,.F.,
  .F.,(2,2),(-6.E-07,16.0000006),.PIECEWISE_BEZIER_KNOTS.);
#4241 = CARTESIAN_POINT('',(3.241310861251,-6.E-07));
#4242 = CARTESIAN_POINT('',(3.241310861251,16.0000006));
#4243 = ( GEOMETRIC_REPRESENTATION_CONTEXT(2) 
PARAMETRIC_REPRESENTATION_CONTEXT() REPRESENTATION_CONTEXT('2D SPACE',''
  ) );
#4244 = PCURVE('',#952,#4245);
#4245 = DEFINITIONAL_REPRESENTATION('',(#4246),#4249);
#4246 = B_SPLINE_CURVE_WITH_KNOTS('',1,(#4247,#4248),.UNSPECIFIED.,.F.,
  .F.,(2,2),(-6.E-07,16.0000006),.PIECEWISE_BEZIER_KNOTS.);
#4247 = CARTESIAN_POINT('',(1.938070341229,-6.E-07));
#4248 = CARTESIAN_POINT('',(1.938070341229,16.0000006));
#4249 = ( GEOMETRIC_REPRESENTATION_CONTEXT(2) 
PARAMETRIC_REPRESENTATION_CONTEXT() REPRESENTATION_CONTEXT('2D SPACE',''
  ) );
#4250 = ORIENTED_EDGE('',*,*,#964,.T.);
#4251 = ADVANCED_FACE('',(#4252),#952,.F.);
#4252 = FACE_BOUND('',#4253,.F.);
#4253 = EDGE_LOOP('',(#4254,#4255,#4277,#4278));
#4254 = ORIENTED_EDGE('',*,*,#4159,.T.);
#4255 = ORIENTED_EDGE('',*,*,#4256,.F.);
#4256 = EDGE_CURVE('',#4209,#4160,#4257,.T.);
#4257 = SURFACE_CURVE('',#4258,(#4263,#4270),.PCURVE_S1.);
#4258 = CIRCLE('',#4259,1.6);
#4259 = AXIS2_PLACEMENT_3D('',#4260,#4261,#4262);
#4260 = CARTESIAN_POINT('',(-15.5,1.898202538678E-15,15.));
#4261 = DIRECTION('',(0.,0.,1.));
#4262 = DIRECTION('',(0.359072580645,-0.933309638774,0.));
#4263 = PCURVE('',#952,#4264);
#4264 = DEFINITIONAL_REPRESENTATION('',(#4265),#4269);
#4265 = LINE('',#4266,#4267);
#4266 = CARTESIAN_POINT('',(1.938070341229,15.));
#4267 = VECTOR('',#4268,1.);
#4268 = DIRECTION('',(1.,0.));
#4269 = ( GEOMETRIC_REPRESENTATION_CONTEXT(2) 
PARAMETRIC_REPRESENTATION_CONTEXT() REPRESENTATION_CONTEXT('2D SPACE',''
  ) );
#4270 = PCURVE('',#2323,#4271);
#4271 = DEFINITIONAL_REPRESENTATION('',(#4272),#4276);
#4272 = LINE('',#4273,#4274);
#4273 = CARTESIAN_POINT('',(0.,3.14159265359));
#4274 = VECTOR('',#4275,1.);
#4275 = DIRECTION('',(1.,0.));
#4276 = ( GEOMETRIC_REPRESENTATION_CONTEXT(2) 
PARAMETRIC_REPRESENTATION_CONTEXT() REPRESENTATION_CONTEXT('2D SPACE',''
  ) );
#4277 = ORIENTED_EDGE('',*,*,#4232,.F.);
#4278 = ORIENTED_EDGE('',*,*,#935,.T.);
#4279 = ADVANCED_FACE('',(#4280),#1441,.F.);
#4280 = FACE_BOUND('',#4281,.F.);
#4281 = EDGE_LOOP('',(#4282,#4311,#4332,#4333));
#4282 = ORIENTED_EDGE('',*,*,#4283,.F.);
#4283 = EDGE_CURVE('',#4284,#4284,#4286,.T.);
#4284 = VERTEX_POINT('',#4285);
#4285 = CARTESIAN_POINT('',(3.1,-7.592810154714E-16,12.));
#4286 = SURFACE_CURVE('',#4287,(#4292,#4299),.PCURVE_S1.);
#4287 = CIRCLE('',#4288,3.1);
#4288 = AXIS2_PLACEMENT_3D('',#4289,#4290,#4291);
#4289 = CARTESIAN_POINT('',(0.,0.,12.));
#4290 = DIRECTION('',(0.,0.,1.));
#4291 = DIRECTION('',(1.,0.,-0.));
#4292 = PCURVE('',#1441,#4293);
#4293 = DEFINITIONAL_REPRESENTATION('',(#4294),#4298);
#4294 = LINE('',#4295,#4296);
#4295 = CARTESIAN_POINT('',(0.,12.));
#4296 = VECTOR('',#4297,1.);
#4297 = DIRECTION('',(1.,0.));
#4298 = ( GEOMETRIC_REPRESENTATION_CONTEXT(2) 
PARAMETRIC_REPRESENTATION_CONTEXT() REPRESENTATION_CONTEXT('2D SPACE',''
  ) );
#4299 = PCURVE('',#4300,#4305);
#4300 = PLANE('',#4301);
#4301 = AXIS2_PLACEMENT_3D('',#4302,#4303,#4304);
#4302 = CARTESIAN_POINT('',(0.,0.,12.));
#4303 = DIRECTION('',(0.,0.,1.));
#4304 = DIRECTION('',(1.,0.,-0.));
#4305 = DEFINITIONAL_REPRESENTATION('',(#4306),#4310);
#4306 = CIRCLE('',#4307,3.1);
#4307 = AXIS2_PLACEMENT_2D('',#4308,#4309);
#4308 = CARTESIAN_POINT('',(0.,0.));
#4309 = DIRECTION('',(1.,0.));
#4310 = ( GEOMETRIC_REPRESENTATION_CONTEXT(2) 
PARAMETRIC_REPRESENTATION_CONTEXT() REPRESENTATION_CONTEXT('2D SPACE',''
  ) );
#4311 = ORIENTED_EDGE('',*,*,#4312,.F.);
#4312 = EDGE_CURVE('',#1425,#4284,#4313,.T.);
#4313 = SEAM_CURVE('',#4314,(#4318,#4325),.PCURVE_S1.);
#4314 = LINE('',#4315,#4316);
#4315 = CARTESIAN_POINT('',(3.1,-7.592810154714E-16,0.));
#4316 = VECTOR('',#4317,1.);
#4317 = DIRECTION('',(0.,0.,1.));
#4318 = PCURVE('',#1441,#4319);
#4319 = DEFINITIONAL_REPRESENTATION('',(#4320),#4324);
#4320 = LINE('',#4321,#4322);
#4321 = CARTESIAN_POINT('',(6.28318530718,-0.));
#4322 = VECTOR('',#4323,1.);
#4323 = DIRECTION('',(0.,1.));
#4324 = ( GEOMETRIC_REPRESENTATION_CONTEXT(2) 
PARAMETRIC_REPRESENTATION_CONTEXT() REPRESENTATION_CONTEXT('2D SPACE',''
  ) );
#4325 = PCURVE('',#1441,#4326);
#4326 = DEFINITIONAL_REPRESENTATION('',(#4327),#4331);
#4327 = LINE('',#4328,#4329);
#4328 = CARTESIAN_POINT('',(0.,-0.));
#4329 = VECTOR('',#4330,1.);
#4330 = DIRECTION('',(0.,1.));
#4331 = ( GEOMETRIC_REPRESENTATION_CONTEXT(2) 
PARAMETRIC_REPRESENTATION_CONTEXT() REPRESENTATION_CONTEXT('2D SPACE',''
  ) );
#4332 = ORIENTED_EDGE('',*,*,#1424,.T.);
#4333 = ORIENTED_EDGE('',*,*,#4312,.T.);
#4334 = ADVANCED_FACE('',(#4335),#1601,.T.);
#4335 = FACE_BOUND('',#4336,.F.);
#4336 = EDGE_LOOP('',(#4337,#4338,#4339,#4437));
#4337 = ORIENTED_EDGE('',*,*,#1529,.T.);
#4338 = ORIENTED_EDGE('',*,*,#1818,.T.);
#4339 = ORIENTED_EDGE('',*,*,#4340,.T.);
#4340 = EDGE_CURVE('',#1819,#1637,#4341,.T.);
#4341 = SURFACE_CURVE('',#4342,(#4365,#4391),.PCURVE_S1.);
#4342 = B_SPLINE_CURVE_WITH_KNOTS('',6,(#4343,#4344,#4345,#4346,#4347,
    #4348,#4349,#4350,#4351,#4352,#4353,#4354,#4355,#4356,#4357,#4358,
    #4359,#4360,#4361,#4362,#4363,#4364),.UNSPECIFIED.,.F.,.F.,(7,5,5,5,
    7),(0.,0.187829697344,0.443277910692,0.693982374416,1.),
  .UNSPECIFIED.);
#4343 = CARTESIAN_POINT('',(13.707491284844,2.846872437857,16.));
#4344 = CARTESIAN_POINT('',(13.749196289628,2.883427439476,
    16.000000001484));
#4345 = CARTESIAN_POINT('',(13.790681462453,2.92034084096,
    15.997204347434));
#4346 = CARTESIAN_POINT('',(13.831779993639,2.957487849199,
    15.991630102727));
#4347 = CARTESIAN_POINT('',(13.872332967261,2.994738843977,
    15.983307477549));
#4348 = CARTESIAN_POINT('',(13.912189921614,3.031958305629,
    15.972277882475));
#4349 = CARTESIAN_POINT('',(14.004275877047,3.119385502582,
    15.939979173759));
#4350 = CARTESIAN_POINT('',(14.05579162276,3.169443579432,
    15.916453891342));
#4351 = CARTESIAN_POINT('',(14.105403142021,3.218822351177,
    15.888143406052));
#4352 = CARTESIAN_POINT('',(14.152781919496,3.267135480386,
    15.855206983819));
#4353 = CARTESIAN_POINT('',(14.197624411145,3.313961539054,
    15.81783462205));
#4354 = CARTESIAN_POINT('',(14.280899175658,3.402884328098,
    15.735429264936));
#4355 = CARTESIAN_POINT('',(14.319431279161,3.445048980994,
    15.690555085867));
#4356 = CARTESIAN_POINT('',(14.354987399882,3.48490084443,
    15.641830014663));
#4357 = CARTESIAN_POINT('',(14.387312749992,3.521957384083,
    15.589502690143));
#4358 = CARTESIAN_POINT('',(14.416166678106,3.555688936128,
    15.533879521016));
#4359 = CARTESIAN_POINT('',(14.472043600123,3.622060399623,
    15.403906227499));
#4360 = CARTESIAN_POINT('',(14.49727063281,3.65283154528,15.328103370766
    ));
#4361 = CARTESIAN_POINT('',(14.516568993996,3.676907168362,
    15.248717161673));
#4362 = CARTESIAN_POINT('',(14.529593940569,3.693358181827,
    15.166726053946));
#4363 = CARTESIAN_POINT('',(14.536104169481,3.70157744401,
    15.083351892501));
#4364 = CARTESIAN_POINT('',(14.536104169481,3.70157744401,15.));
#4365 = PCURVE('',#1601,#4366);
#4366 = DEFINITIONAL_REPRESENTATION('',(#4367),#4390);
#4367 = B_SPLINE_CURVE_WITH_KNOTS('',6,(#4368,#4369,#4370,#4371,#4372,
    #4373,#4374,#4375,#4376,#4377,#4378,#4379,#4380,#4381,#4382,#4383,
    #4384,#4385,#4386,#4387,#4388,#4389),.UNSPECIFIED.,.F.,.F.,(7,5,5,5,
    7),(0.,0.187829697344,0.443277910692,0.693982374416,1.),
  .UNSPECIFIED.);
#4368 = CARTESIAN_POINT('',(-0.10505798245,4.712388980422));
#4369 = CARTESIAN_POINT('',(-0.107008740108,4.760656021148));
#4370 = CARTESIAN_POINT('',(-0.108971615535,4.808844582));
#4371 = CARTESIAN_POINT('',(-0.110940175982,4.856971008165));
#4372 = CARTESIAN_POINT('',(-0.112907929935,4.905053370049));
#4373 = CARTESIAN_POINT('',(-0.114868227717,4.953111848911));
#4374 = CARTESIAN_POINT('',(-0.119460631051,5.066526969769));
#4375 = CARTESIAN_POINT('',(-0.12208043856,5.131880356164));
#4376 = CARTESIAN_POINT('',(-0.124656354221,5.197289659397));
#4377 = CARTESIAN_POINT('',(-0.127169899906,5.262816626542));
#4378 = CARTESIAN_POINT('',(-0.129600878632,5.328527563207));
#4379 = CARTESIAN_POINT('',(-0.134209733236,5.459240418947));
#4380 = CARTESIAN_POINT('',(-0.13639127685,5.524227092253));
#4381 = CARTESIAN_POINT('',(-0.138450523521,5.589529863418));
#4382 = CARTESIAN_POINT('',(-0.140363761851,5.655205122985));
#4383 = CARTESIAN_POINT('',(-0.142104490261,5.721297332089));
#4384 = CARTESIAN_POINT('',(-0.145528665992,5.869028338179));
#4385 = CARTESIAN_POINT('',(-0.147115466309,5.950912237587));
#4386 = CARTESIAN_POINT('',(-0.148357019733,6.033424798294));
#4387 = CARTESIAN_POINT('',(-0.149205534231,6.116459497344));
#4388 = CARTESIAN_POINT('',(-0.149629432684,6.199833414678));
#4389 = CARTESIAN_POINT('',(-0.149629432684,6.28318530718));
#4390 = ( GEOMETRIC_REPRESENTATION_CONTEXT(2) 
PARAMETRIC_REPRESENTATION_CONTEXT() REPRESENTATION_CONTEXT('2D SPACE',''
  ) );
#4391 = PCURVE('',#1859,#4392);
#4392 = DEFINITIONAL_REPRESENTATION('',(#4393),#4436);
#4393 = B_SPLINE_CURVE_WITH_KNOTS('',9,(#4394,#4395,#4396,#4397,#4398,
    #4399,#4400,#4401,#4402,#4403,#4404,#4405,#4406,#4407,#4408,#4409,
    #4410,#4411,#4412,#4413,#4414,#4415,#4416,#4417,#4418,#4419,#4420,
    #4421,#4422,#4423,#4424,#4425,#4426,#4427,#4428,#4429,#4430,#4431,
    #4432,#4433,#4434,#4435),.UNSPECIFIED.,.F.,.F.,(10,8,8,8,8,10),(0.,
    0.25,0.5,0.625,0.75,1.),.UNSPECIFIED.);
#4394 = CARTESIAN_POINT('',(2.089053378846,1.570796326795));
#4395 = CARTESIAN_POINT('',(2.098373944162,1.61362505285));
#4396 = CARTESIAN_POINT('',(2.107947531518,1.656396017326));
#4397 = CARTESIAN_POINT('',(2.117765320387,1.699117869858));
#4398 = CARTESIAN_POINT('',(2.127817002624,1.741800771472));
#4399 = CARTESIAN_POINT('',(2.138090160438,1.784455613888));
#4400 = CARTESIAN_POINT('',(2.148569701332,1.827093663072));
#4401 = CARTESIAN_POINT('',(2.159237349992,1.869726627029));
#4402 = CARTESIAN_POINT('',(2.170071197144,1.912367147844));
#4403 = CARTESIAN_POINT('',(2.192019413587,1.997692288092));
#4404 = CARTESIAN_POINT('',(2.20313376085,2.040376891829));
#4405 = CARTESIAN_POINT('',(2.214361951677,2.083096171979));
#4406 = CARTESIAN_POINT('',(2.225674325244,2.12586845194));
#4407 = CARTESIAN_POINT('',(2.237033642336,2.168701859282));
#4408 = CARTESIAN_POINT('',(2.248399298624,2.211614324144));
#4409 = CARTESIAN_POINT('',(2.259725240577,2.254628568116));
#4410 = CARTESIAN_POINT('',(2.270953782949,2.297749170755));
#4411 = CARTESIAN_POINT('',(2.287559932729,2.36262057326));
#4412 = CARTESIAN_POINT('',(2.293055794762,2.384275855923));
#4413 = CARTESIAN_POINT('',(2.298504419819,2.405964475978));
#4414 = CARTESIAN_POINT('',(2.303897599104,2.427688168429));
#4415 = CARTESIAN_POINT('',(2.309226659569,2.449448545413));
#4416 = CARTESIAN_POINT('',(2.314482492719,2.471247093896));
#4417 = CARTESIAN_POINT('',(2.319655583415,2.49308517337));
#4418 = CARTESIAN_POINT('',(2.324736038678,2.514964013547));
#4419 = CARTESIAN_POINT('',(2.334691194299,2.55880541056));
#4420 = CARTESIAN_POINT('',(2.33956607228,2.580768951908));
#4421 = CARTESIAN_POINT('',(2.344326748522,2.602768996621));
#4422 = CARTESIAN_POINT('',(2.348967094448,2.62483226228));
#4423 = CARTESIAN_POINT('',(2.353467352801,2.646907205781));
#4424 = CARTESIAN_POINT('',(2.357827314598,2.669058059696));
#4425 = CARTESIAN_POINT('',(2.362028917989,2.691243883055));
#4426 = CARTESIAN_POINT('',(2.366063025913,2.71347721944));
#4427 = CARTESIAN_POINT('',(2.377628199462,2.780308110153));
#4428 = CARTESIAN_POINT('',(2.384622222002,2.825037276563));
#4429 = CARTESIAN_POINT('',(2.390810863281,2.869931010473));
#4430 = CARTESIAN_POINT('',(2.396107904729,2.914974809806));
#4431 = CARTESIAN_POINT('',(2.400435344403,2.960150024682));
#4432 = CARTESIAN_POINT('',(2.403728303113,3.005433106167));
#4433 = CARTESIAN_POINT('',(2.405939689597,3.050794421264));
#4434 = CARTESIAN_POINT('',(2.407044624721,3.096196634138));
#4435 = CARTESIAN_POINT('',(2.407044624721,3.14159265359));
#4436 = ( GEOMETRIC_REPRESENTATION_CONTEXT(2) 
PARAMETRIC_REPRESENTATION_CONTEXT() REPRESENTATION_CONTEXT('2D SPACE',''
  ) );
#4437 = ORIENTED_EDGE('',*,*,#1657,.F.);
#4438 = ADVANCED_FACE('',(#4439),#1759,.T.);
#4439 = FACE_BOUND('',#4440,.F.);
#4440 = EDGE_LOOP('',(#4441,#4534,#4535,#4536));
#4441 = ORIENTED_EDGE('',*,*,#4442,.F.);
#4442 = EDGE_CURVE('',#2713,#2865,#4443,.T.);
#4443 = SURFACE_CURVE('',#4444,(#4467,#4493),.PCURVE_S1.);
#4444 = B_SPLINE_CURVE_WITH_KNOTS('',6,(#4445,#4446,#4447,#4448,#4449,
    #4450,#4451,#4452,#4453,#4454,#4455,#4456,#4457,#4458,#4459,#4460,
    #4461,#4462,#4463,#4464,#4465,#4466),.UNSPECIFIED.,.F.,.F.,(7,5,5,5,
    7),(0.,0.188441946204,0.44550577347,0.696938831199,1.),
  .UNSPECIFIED.);
#4445 = CARTESIAN_POINT('',(11.907140690568,-7.363423156047,16.));
#4446 = CARTESIAN_POINT('',(11.933915082693,-7.412196152454,
    16.00000000151));
#4447 = CARTESIAN_POINT('',(11.960358168724,-7.461232455971,
    15.997186078883));
#4448 = CARTESIAN_POINT('',(11.986354761548,-7.510356036945,
    15.991575465032));
#4449 = CARTESIAN_POINT('',(12.011798861318,-7.559389005208,
    15.983198709466));
#4450 = CARTESIAN_POINT('',(12.036594562949,-7.608150779407,
    15.972097702844));
#4451 = CARTESIAN_POINT('',(12.093481782777,-7.722354728158,
    15.939533843062));
#4452 = CARTESIAN_POINT('',(12.124940931666,-7.787402548202,
    15.915770410862));
#4453 = CARTESIAN_POINT('',(12.154820124904,-7.851136930812,
    15.887163336175));
#4454 = CARTESIAN_POINT('',(12.182939920876,-7.913073109526,
    15.853875316376));
#4455 = CARTESIAN_POINT('',(12.209157228352,-7.972701137521,
    15.816100596679));
#4456 = CARTESIAN_POINT('',(12.257046107056,-8.085018507819,
    15.732947689228));
#4457 = CARTESIAN_POINT('',(12.278802399604,-8.137826344939,
    15.687757925092));
#4458 = CARTESIAN_POINT('',(12.298538459141,-8.187404124453,
    15.638703950445));
#4459 = CARTESIAN_POINT('',(12.316180018201,-8.233205405809,
    15.586037988459));
#4460 = CARTESIAN_POINT('',(12.331682456652,-8.27464397684,
    15.53007136793));
#4461 = CARTESIAN_POINT('',(12.361088671058,-8.35515986739,
    15.400240481996));
#4462 = CARTESIAN_POINT('',(12.374017144167,-8.392021723605,
    15.325033581623));
#4463 = CARTESIAN_POINT('',(12.383727230141,-8.420696272718,
    15.24633965041));
#4464 = CARTESIAN_POINT('',(12.390212946298,-8.440226635601,
    15.165114208954));
#4465 = CARTESIAN_POINT('',(12.393455775105,-8.449985440847,
    15.082546239443));
#4466 = CARTESIAN_POINT('',(12.393455775105,-8.449985440847,15.));
#4467 = PCURVE('',#1759,#4468);
#4468 = DEFINITIONAL_REPRESENTATION('',(#4469),#4492);
#4469 = B_SPLINE_CURVE_WITH_KNOTS('',6,(#4470,#4471,#4472,#4473,#4474,
    #4475,#4476,#4477,#4478,#4479,#4480,#4481,#4482,#4483,#4484,#4485,
    #4486,#4487,#4488,#4489,#4490,#4491),.UNSPECIFIED.,.F.,.F.,(7,5,5,5,
    7),(0.,0.188441946204,0.44550577347,0.696938831199,1.),
  .UNSPECIFIED.);
#4470 = CARTESIAN_POINT('',(-4.457145262787E-02,4.712388980385));
#4471 = CARTESIAN_POINT('',(-4.261433162939E-02,4.760813467629));
#4472 = CARTESIAN_POINT('',(-4.064501372034E-02,4.809158960359));
#4473 = CARTESIAN_POINT('',(-3.86699947611E-02,4.857441967001));
#4474 = CARTESIAN_POINT('',(-3.66958301484E-02,4.905680741193));
#4475 = CARTESIAN_POINT('',(-3.472923590575E-02,4.953895674833));
#4476 = CARTESIAN_POINT('',(-3.01142983121E-02,5.067881032436));
#4477 = CARTESIAN_POINT('',(-2.747857819998E-02,5.133648353239));
#4478 = CARTESIAN_POINT('',(-2.488759212273E-02,5.199473310885));
#4479 = CARTESIAN_POINT('',(-2.236019055819E-02,5.265418900086));
#4480 = CARTESIAN_POINT('',(-1.991699511263E-02,5.331552740696));
#4481 = CARTESIAN_POINT('',(-1.529593921992E-02,5.462893605483));
#4482 = CARTESIAN_POINT('',(-1.311363609278E-02,5.528083341656));
#4483 = CARTESIAN_POINT('',(-1.105522591262E-02,5.593593523567));
#4484 = CARTESIAN_POINT('',(-9.144703696434E-03,5.65948066782));
#4485 = CARTESIAN_POINT('',(-7.408882097474E-03,5.725788929843));
#4486 = CARTESIAN_POINT('',(-4.024430450792E-03,5.872985085055));
#4487 = CARTESIAN_POINT('',(-2.466208169254E-03,5.954101705544));
#4488 = CARTESIAN_POINT('',(-1.247915185888E-03,6.035832310839));
#4489 = CARTESIAN_POINT('',(-4.157566244585E-04,6.118071325965));
#4490 = CARTESIAN_POINT('',(-8.881784197001E-16,6.200639067737));
#4491 = CARTESIAN_POINT('',(-8.881784197001E-16,6.28318530718));
#4492 = ( GEOMETRIC_REPRESENTATION_CONTEXT(2) 
PARAMETRIC_REPRESENTATION_CONTEXT() REPRESENTATION_CONTEXT('2D SPACE',''
  ) );
#4493 = PCURVE('',#2729,#4494);
#4494 = DEFINITIONAL_REPRESENTATION('',(#4495),#4533);
#4495 = B_SPLINE_CURVE_WITH_KNOTS('',8,(#4496,#4497,#4498,#4499,#4500,
    #4501,#4502,#4503,#4504,#4505,#4506,#4507,#4508,#4509,#4510,#4511,
    #4512,#4513,#4514,#4515,#4516,#4517,#4518,#4519,#4520,#4521,#4522,
    #4523,#4524,#4525,#4526,#4527,#4528,#4529,#4530,#4531,#4532),
  .UNSPECIFIED.,.F.,.F.,(9,7,7,7,7,9),(0.,0.25,0.5,0.625,0.75,1.),
  .UNSPECIFIED.);
#4496 = CARTESIAN_POINT('',(0.317991245845,1.570796326805));
#4497 = CARTESIAN_POINT('',(0.307505585054,1.618978758567));
#4498 = CARTESIAN_POINT('',(0.296694610698,1.667086915321));
#4499 = CARTESIAN_POINT('',(0.285571547094,1.715133800375));
#4500 = CARTESIAN_POINT('',(0.274152308443,1.763135085213));
#4501 = CARTESIAN_POINT('',(0.262456883088,1.811107418967));
#4502 = CARTESIAN_POINT('',(0.250510558397,1.859067960954));
#4503 = CARTESIAN_POINT('',(0.238344986295,1.907035136269));
#4504 = CARTESIAN_POINT('',(0.213653192548,2.003026092614));
#4505 = CARTESIAN_POINT('',(0.201126961187,2.051050003284));
#4506 = CARTESIAN_POINT('',(0.188460132384,2.09912074363));
#4507 = CARTESIAN_POINT('',(0.175697781316,2.147269064583));
#4508 = CARTESIAN_POINT('',(0.162901600141,2.195496203353));
#4509 = CARTESIAN_POINT('',(0.150131766131,2.243854426954));
#4510 = CARTESIAN_POINT('',(0.137474254181,2.292344881664));
#4511 = CARTESIAN_POINT('',(0.11879230439,2.365325376487));
#4512 = CARTESIAN_POINT('',(0.112615803922,2.389692678428));
#4513 = CARTESIAN_POINT('',(0.106501689726,2.414103245928));
#4514 = CARTESIAN_POINT('',(0.100462421391,2.438559650901));
#4515 = CARTESIAN_POINT('',(9.451128278786E-02,2.463064237825));
#4516 = CARTESIAN_POINT('',(8.866231689887E-02,2.487619119621));
#4517 = CARTESIAN_POINT('',(8.293026065144E-02,2.512226173534));
#4518 = CARTESIAN_POINT('',(7.173069884688E-02,2.561547900486));
#4519 = CARTESIAN_POINT('',(6.626315681992E-02,2.586262705848));
#4520 = CARTESIAN_POINT('',(6.094351283616E-02,2.611031378805));
#4521 = CARTESIAN_POINT('',(5.57860943062E-02,2.635864015246));
#4522 = CARTESIAN_POINT('',(5.0811687301E-02,2.660737020409));
#4523 = CARTESIAN_POINT('',(4.603002101756E-02,2.685690454883));
#4524 = CARTESIAN_POINT('',(4.146321812456E-02,2.710694026671));
#4525 = CARTESIAN_POINT('',(2.845254912966E-02,2.785878161155));
#4526 = CARTESIAN_POINT('',(2.069939161339E-02,2.836226529692));
#4527 = CARTESIAN_POINT('',(1.400081457643E-02,2.886784320216));
#4528 = CARTESIAN_POINT('',(8.485281707828E-03,2.937528517133));
#4529 = CARTESIAN_POINT('',(4.26411624127E-03,2.988428527892));
#4530 = CARTESIAN_POINT('',(1.420627409343E-03,3.039444166162));
#4531 = CARTESIAN_POINT('',(8.830789374164E-09,3.090522369803));
#4532 = CARTESIAN_POINT('',(8.830789434769E-09,3.14159265359));
#4533 = ( GEOMETRIC_REPRESENTATION_CONTEXT(2) 
PARAMETRIC_REPRESENTATION_CONTEXT() REPRESENTATION_CONTEXT('2D SPACE',''
  ) );
#4534 = ORIENTED_EDGE('',*,*,#2741,.T.);
#4535 = ORIENTED_EDGE('',*,*,#1685,.F.);
#4536 = ORIENTED_EDGE('',*,*,#2864,.F.);
#4537 = ADVANCED_FACE('',(#4538),#2729,.T.);
#4538 = FACE_BOUND('',#4539,.T.);
#4539 = EDGE_LOOP('',(#4540,#4541,#4542,#4640));
#4540 = ORIENTED_EDGE('',*,*,#4442,.F.);
#4541 = ORIENTED_EDGE('',*,*,#2712,.T.);
#4542 = ORIENTED_EDGE('',*,*,#4543,.T.);
#4543 = EDGE_CURVE('',#2684,#2960,#4544,.T.);
#4544 = SURFACE_CURVE('',#4545,(#4568,#4614),.PCURVE_S1.);
#4545 = B_SPLINE_CURVE_WITH_KNOTS('',6,(#4546,#4547,#4548,#4549,#4550,
    #4551,#4552,#4553,#4554,#4555,#4556,#4557,#4558,#4559,#4560,#4561,
    #4562,#4563,#4564,#4565,#4566,#4567),.UNSPECIFIED.,.F.,.F.,(7,5,5,5,
    7),(0.,0.188232710893,0.443677264998,0.69358178456,1.),
  .UNSPECIFIED.);
#4546 = CARTESIAN_POINT('',(9.31920949496,-10.447599456,16.));
#4547 = CARTESIAN_POINT('',(9.371832209051,-10.46547782149,
    16.000000001498));
#4548 = CARTESIAN_POINT('',(9.424656250709,-10.4829850198,
    15.997192339313));
#4549 = CARTESIAN_POINT('',(9.477488907185,-10.50003845626,
    15.991594188698));
#4550 = CARTESIAN_POINT('',(9.530137229719,-10.51656486647,
    15.983235982702));
#4551 = CARTESIAN_POINT('',(9.582407377462,-10.53250134778,
    15.972159447195));
#4552 = CARTESIAN_POINT('',(9.704259731683,-10.56855280118,
    15.939764351854));
#4553 = CARTESIAN_POINT('',(9.77335676313,-10.58812730798,
    15.916201547649));
#4554 = CARTESIAN_POINT('',(9.840910320677,-10.60639176337,
    15.887854638668));
#4555 = CARTESIAN_POINT('',(9.906421519292,-10.62325502475,
    15.854883018506));
#4556 = CARTESIAN_POINT('',(9.96937353732,-10.63866511902,
    15.817476816926));
#4557 = CARTESIAN_POINT('',(10.087784013458,-10.66625523024,
    15.735137170783));
#4558 = CARTESIAN_POINT('',(10.14337031084,-10.67849670047,
    15.690388203513));
#4559 = CARTESIAN_POINT('',(10.195486135649,-10.68932645624,
    15.641813739797));
#4560 = CARTESIAN_POINT('',(10.24359138057,-10.69876498127,
    15.589660151185));
#4561 = CARTESIAN_POINT('',(10.28711268453,-10.70686806425,
    15.534230860553));
#4562 = CARTESIAN_POINT('',(10.372560988668,-10.72208488375,
    15.404402354568));
#4563 = CARTESIAN_POINT('',(10.411920424676,-10.72856437321,
    15.328519043627));
#4564 = CARTESIAN_POINT('',(10.442497892636,-10.73325194115,
    15.2490392102));
#4565 = CARTESIAN_POINT('',(10.463311796964,-10.73631435915,
    15.166944430393));
#4566 = CARTESIAN_POINT('',(10.473712185329,-10.73784676082,
    15.083461044965));
#4567 = CARTESIAN_POINT('',(10.473712185329,-10.73784676082,15.));
#4568 = PCURVE('',#2729,#4569);
#4569 = DEFINITIONAL_REPRESENTATION('',(#4570),#4613);
#4570 = B_SPLINE_CURVE_WITH_KNOTS('',9,(#4571,#4572,#4573,#4574,#4575,
    #4576,#4577,#4578,#4579,#4580,#4581,#4582,#4583,#4584,#4585,#4586,
    #4587,#4588,#4589,#4590,#4591,#4592,#4593,#4594,#4595,#4596,#4597,
    #4598,#4599,#4600,#4601,#4602,#4603,#4604,#4605,#4606,#4607,#4608,
    #4609,#4610,#4611,#4612),.UNSPECIFIED.,.F.,.F.,(10,8,8,8,8,10),(0.,
    0.25,0.5,0.625,0.75,1.),.UNSPECIFIED.);
#4571 = CARTESIAN_POINT('',(2.089053378888,1.570796326795));
#4572 = CARTESIAN_POINT('',(2.098373941285,1.613625040237));
#4573 = CARTESIAN_POINT('',(2.107947525819,1.656395991223));
#4574 = CARTESIAN_POINT('',(2.117765311593,1.699117831178));
#4575 = CARTESIAN_POINT('',(2.12781699029,1.741800719616));
#4576 = CARTESIAN_POINT('',(2.138090144349,1.784455547729));
#4577 = CARTESIAN_POINT('',(2.148569681802,1.82709358337));
#4578 = CARTESIAN_POINT('',(2.15923732777,1.869726537411));
#4579 = CARTESIAN_POINT('',(2.170071172615,1.912367051501));
#4580 = CARTESIAN_POINT('',(2.192019380888,1.997692162885));
#4581 = CARTESIAN_POINT('',(2.203133725897,2.040376759314));
#4582 = CARTESIAN_POINT('',(2.214361904824,2.083095991946));
#4583 = CARTESIAN_POINT('',(2.225674285098,2.125868298626));
#4584 = CARTESIAN_POINT('',(2.237033601043,2.168701704979));
#4585 = CARTESIAN_POINT('',(2.248399242282,2.211614112838));
#4586 = CARTESIAN_POINT('',(2.259725182748,2.254628347882));
#4587 = CARTESIAN_POINT('',(2.270953728214,2.297748960749));
#4588 = CARTESIAN_POINT('',(2.28755987623,2.362620350606));
#4589 = CARTESIAN_POINT('',(2.293055737371,2.384275627627));
#4590 = CARTESIAN_POINT('',(2.298504361437,2.405964241442));
#4591 = CARTESIAN_POINT('',(2.303897539784,2.427687927601));
#4592 = CARTESIAN_POINT('',(2.309226599485,2.449448298593));
#4593 = CARTESIAN_POINT('',(2.314482432133,2.471246841602));
#4594 = CARTESIAN_POINT('',(2.319655522655,2.493084916295));
#4595 = CARTESIAN_POINT('',(2.324735978125,2.514963752584));
#4596 = CARTESIAN_POINT('',(2.334691135013,2.558805144223));
#4597 = CARTESIAN_POINT('',(2.339566014363,2.580768684077));
#4598 = CARTESIAN_POINT('',(2.344326683723,2.602768690005));
#4599 = CARTESIAN_POINT('',(2.348967075781,2.624832188853));
#4600 = CARTESIAN_POINT('',(2.353467228143,2.646906542965));
#4601 = CARTESIAN_POINT('',(2.357827321243,2.669058125241));
#4602 = CARTESIAN_POINT('',(2.362028877589,2.691243667391));
#4603 = CARTESIAN_POINT('',(2.366063002961,2.713477093931));
#4604 = CARTESIAN_POINT('',(2.377628191481,2.780308048511));
#4605 = CARTESIAN_POINT('',(2.384622216508,2.825037225215));
#4606 = CARTESIAN_POINT('',(2.390810855515,2.869930954045));
#4607 = CARTESIAN_POINT('',(2.396107895258,2.914974744181));
#4608 = CARTESIAN_POINT('',(2.400435336914,2.960149953882));
#4609 = CARTESIAN_POINT('',(2.403728300343,3.005433040043));
#4610 = CARTESIAN_POINT('',(2.405939690318,3.0507943723));
#4611 = CARTESIAN_POINT('',(2.407044624721,3.096196611644));
#4612 = CARTESIAN_POINT('',(2.407044624721,3.14159265359));
#4613 = ( GEOMETRIC_REPRESENTATION_CONTEXT(2) 
PARAMETRIC_REPRESENTATION_CONTEXT() REPRESENTATION_CONTEXT('2D SPACE',''
  ) );
#4614 = PCURVE('',#2700,#4615);
#4615 = DEFINITIONAL_REPRESENTATION('',(#4616),#4639);
#4616 = B_SPLINE_CURVE_WITH_KNOTS('',6,(#4617,#4618,#4619,#4620,#4621,
    #4622,#4623,#4624,#4625,#4626,#4627,#4628,#4629,#4630,#4631,#4632,
    #4633,#4634,#4635,#4636,#4637,#4638),.UNSPECIFIED.,.F.,.F.,(7,5,5,5,
    7),(0.,0.188232710893,0.443677264998,0.69358178456,1.),
  .UNSPECIFIED.);
#4617 = CARTESIAN_POINT('',(-0.105057982447,4.712388980506));
#4618 = CARTESIAN_POINT('',(-0.107012925141,4.760759570122));
#4619 = CARTESIAN_POINT('',(-0.108980037607,4.809051341881));
#4620 = CARTESIAN_POINT('',(-0.110952845663,4.857280747795));
#4621 = CARTESIAN_POINT('',(-0.11292481582,4.905465978679));
#4622 = CARTESIAN_POINT('',(-0.114889254808,4.953627354302));
#4623 = CARTESIAN_POINT('',(-0.119485429294,5.067144587156));
#4624 = CARTESIAN_POINT('',(-0.12210487879,5.132497352116));
#4625 = CARTESIAN_POINT('',(-0.124680323741,5.197906423344));
#4626 = CARTESIAN_POINT('',(-0.127193279627,5.263433573057));
#4627 = CARTESIAN_POINT('',(-0.129623540857,5.329145119187));
#4628 = CARTESIAN_POINT('',(-0.134223452055,5.459654363257));
#4629 = CARTESIAN_POINT('',(-0.13639741895,5.5244352792));
#4630 = CARTESIAN_POINT('',(-0.138449788746,5.589530424857));
#4631 = CARTESIAN_POINT('',(-0.140357072366,5.654995654501));
#4632 = CARTESIAN_POINT('',(-0.142093030504,5.720875007434));
#4633 = CARTESIAN_POINT('',(-0.145518273894,5.868492362869));
#4634 = CARTESIAN_POINT('',(-0.147108961356,5.950480171725));
#4635 = CARTESIAN_POINT('',(-0.148353683276,6.033098639953));
#4636 = CARTESIAN_POINT('',(-0.149204423579,6.116241123199));
#4637 = CARTESIAN_POINT('',(-0.149629432653,6.199724262214));
#4638 = CARTESIAN_POINT('',(-0.149629432653,6.28318530718));
#4639 = ( GEOMETRIC_REPRESENTATION_CONTEXT(2) 
PARAMETRIC_REPRESENTATION_CONTEXT() REPRESENTATION_CONTEXT('2D SPACE',''
  ) );
#4640 = ORIENTED_EDGE('',*,*,#2980,.F.);
#4641 = ADVANCED_FACE('',(#4642),#1859,.T.);
#4642 = FACE_BOUND('',#4643,.T.);
#4643 = EDGE_LOOP('',(#4644,#4737,#4738,#4739));
#4644 = ORIENTED_EDGE('',*,*,#4645,.F.);
#4645 = EDGE_CURVE('',#1843,#2769,#4646,.T.);
#4646 = SURFACE_CURVE('',#4647,(#4670,#4711),.PCURVE_S1.);
#4647 = B_SPLINE_CURVE_WITH_KNOTS('',6,(#4648,#4649,#4650,#4651,#4652,
    #4653,#4654,#4655,#4656,#4657,#4658,#4659,#4660,#4661,#4662,#4663,
    #4664,#4665,#4666,#4667,#4668,#4669),.UNSPECIFIED.,.F.,.F.,(7,5,5,5,
    7),(0.,0.188441946214,0.445505773476,0.696938831203,1.),
  .UNSPECIFIED.);
#4648 = CARTESIAN_POINT('',(12.330481857216,6.630174746481,16.));
#4649 = CARTESIAN_POINT('',(12.386107707188,6.628975551934,
    16.000000001511));
#4650 = CARTESIAN_POINT('',(12.44179593476,6.627357784517,
    15.997186078885));
#4651 = CARTESIAN_POINT('',(12.497336500225,6.625309703824,
    15.991575465033));
#4652 = CARTESIAN_POINT('',(12.552522346252,6.622828456425,
    15.983198709467));
#4653 = CARTESIAN_POINT('',(12.607149132259,6.619921276864,
    15.972097702845));
#4654 = CARTESIAN_POINT('',(12.734496263008,6.61208508001,
    15.939533843062));
#4655 = CARTESIAN_POINT('',(12.806558902072,6.606805592107,
    15.915770410862));
#4656 = CARTESIAN_POINT('',(12.876694093125,6.600814541192,
    15.887163336175));
#4657 = CARTESIAN_POINT('',(12.944392295291,6.594198909495,
    15.853875316376));
#4658 = CARTESIAN_POINT('',(13.00914033605,6.587089749791,
    15.816100596679));
#4659 = CARTESIAN_POINT('',(13.130354471367,6.572404050158,
    15.732947689228));
#4660 = CARTESIAN_POINT('',(13.186965546105,6.564841633637,
    15.687757925092));
#4661 = CARTESIAN_POINT('',(13.239769192396,6.55714467281,
    15.638703950445));
#4662 = CARTESIAN_POINT('',(13.288255045107,6.54952207044,
    15.586037988459));
#4663 = CARTESIAN_POINT('',(13.331893119542,6.542228290444,
    15.53007136793));
#4664 = CARTESIAN_POINT('',(13.416325033369,6.527436873873,
    15.400240481996));
#4665 = CARTESIAN_POINT('',(13.454712573836,6.52020233191,
    15.325033581622));
#4666 = CARTESIAN_POINT('',(13.484400504797,6.51427423848,15.24633965041
    ));
#4667 = CARTESIAN_POINT('',(13.504557153278,6.510125851992,
    15.165114208954));
#4668 = CARTESIAN_POINT('',(13.514629940934,6.508054821497,
    15.082546239443));
#4669 = CARTESIAN_POINT('',(13.514629940934,6.508054821497,15.));
#4670 = PCURVE('',#1859,#4671);
#4671 = DEFINITIONAL_REPRESENTATION('',(#4672),#4710);
#4672 = B_SPLINE_CURVE_WITH_KNOTS('',8,(#4673,#4674,#4675,#4676,#4677,
    #4678,#4679,#4680,#4681,#4682,#4683,#4684,#4685,#4686,#4687,#4688,
    #4689,#4690,#4691,#4692,#4693,#4694,#4695,#4696,#4697,#4698,#4699,
    #4700,#4701,#4702,#4703,#4704,#4705,#4706,#4707,#4708,#4709),
  .UNSPECIFIED.,.F.,.F.,(9,7,7,7,7,9),(0.,0.25,0.5,0.625,0.75,1.),
  .UNSPECIFIED.);
#4673 = CARTESIAN_POINT('',(0.317991245837,1.570796326769));
#4674 = CARTESIAN_POINT('',(0.307505585077,1.61897875858));
#4675 = CARTESIAN_POINT('',(0.296694610694,1.667086915292));
#4676 = CARTESIAN_POINT('',(0.285571547089,1.715133800346));
#4677 = CARTESIAN_POINT('',(0.274152308452,1.763135085205));
#4678 = CARTESIAN_POINT('',(0.262456883097,1.811107418961));
#4679 = CARTESIAN_POINT('',(0.250510558398,1.859067960934));
#4680 = CARTESIAN_POINT('',(0.238344986299,1.907035136255));
#4681 = CARTESIAN_POINT('',(0.213653192551,2.003026092601));
#4682 = CARTESIAN_POINT('',(0.20112696119,2.051050003271));
#4683 = CARTESIAN_POINT('',(0.188460132388,2.099120743618));
#4684 = CARTESIAN_POINT('',(0.175697781319,2.147269064571));
#4685 = CARTESIAN_POINT('',(0.162901600144,2.195496203342));
#4686 = CARTESIAN_POINT('',(0.150131766134,2.243854426943));
#4687 = CARTESIAN_POINT('',(0.137474254184,2.292344881654));
#4688 = CARTESIAN_POINT('',(0.118792304392,2.365325376478));
#4689 = CARTESIAN_POINT('',(0.112615803924,2.389692678419));
#4690 = CARTESIAN_POINT('',(0.106501689728,2.414103245919));
#4691 = CARTESIAN_POINT('',(0.100462421393,2.438559650893));
#4692 = CARTESIAN_POINT('',(9.451128278988E-02,2.463064237817));
#4693 = CARTESIAN_POINT('',(8.86623169008E-02,2.487619119613));
#4694 = CARTESIAN_POINT('',(8.293026065326E-02,2.512226173527));
#4695 = CARTESIAN_POINT('',(7.17306988485E-02,2.561547900479));
#4696 = CARTESIAN_POINT('',(6.626315682144E-02,2.586262705842));
#4697 = CARTESIAN_POINT('',(6.094351283758E-02,2.611031378799));
#4698 = CARTESIAN_POINT('',(5.578609430752E-02,2.635864015239));
#4699 = CARTESIAN_POINT('',(5.081168730223E-02,2.660737020403));
#4700 = CARTESIAN_POINT('',(4.603002101868E-02,2.685690454877));
#4701 = CARTESIAN_POINT('',(4.146321812559E-02,2.710694026666));
#4702 = CARTESIAN_POINT('',(2.845254913039E-02,2.785878161151));
#4703 = CARTESIAN_POINT('',(2.069939161395E-02,2.836226529688));
#4704 = CARTESIAN_POINT('',(1.400081457683E-02,2.886784320213));
#4705 = CARTESIAN_POINT('',(8.485281708095E-03,2.937528517131));
#4706 = CARTESIAN_POINT('',(4.264116241429E-03,2.98842852789));
#4707 = CARTESIAN_POINT('',(1.420627409428E-03,3.039444166161));
#4708 = CARTESIAN_POINT('',(8.83083988878E-09,3.090522369802));
#4709 = CARTESIAN_POINT('',(8.830840060939E-09,3.14159265359));
#4710 = ( GEOMETRIC_REPRESENTATION_CONTEXT(2) 
PARAMETRIC_REPRESENTATION_CONTEXT() REPRESENTATION_CONTEXT('2D SPACE',''
  ) );
#4711 = PCURVE('',#1888,#4712);
#4712 = DEFINITIONAL_REPRESENTATION('',(#4713),#4736);
#4713 = B_SPLINE_CURVE_WITH_KNOTS('',6,(#4714,#4715,#4716,#4717,#4718,
    #4719,#4720,#4721,#4722,#4723,#4724,#4725,#4726,#4727,#4728,#4729,
    #4730,#4731,#4732,#4733,#4734,#4735),.UNSPECIFIED.,.F.,.F.,(7,5,5,5,
    7),(0.,0.188441946214,0.445505773476,0.696938831203,1.),
  .UNSPECIFIED.);
#4714 = CARTESIAN_POINT('',(-4.457145263087E-02,4.712388980385));
#4715 = CARTESIAN_POINT('',(-4.26143316263E-02,4.760813467587));
#4716 = CARTESIAN_POINT('',(-4.064501372242E-02,4.809158960359));
#4717 = CARTESIAN_POINT('',(-3.866999476286E-02,4.857441967003));
#4718 = CARTESIAN_POINT('',(-3.669583014726E-02,4.905680741177));
#4719 = CARTESIAN_POINT('',(-3.472923590586E-02,4.95389567483));
#4720 = CARTESIAN_POINT('',(-3.011429831209E-02,5.067881032436));
#4721 = CARTESIAN_POINT('',(-2.747857819996E-02,5.133648353239));
#4722 = CARTESIAN_POINT('',(-2.488759212272E-02,5.199473310885));
#4723 = CARTESIAN_POINT('',(-2.236019055818E-02,5.265418900086));
#4724 = CARTESIAN_POINT('',(-1.991699511262E-02,5.331552740696));
#4725 = CARTESIAN_POINT('',(-1.529593921991E-02,5.462893605483));
#4726 = CARTESIAN_POINT('',(-1.311363609277E-02,5.528083341656));
#4727 = CARTESIAN_POINT('',(-1.105522591261E-02,5.593593523567));
#4728 = CARTESIAN_POINT('',(-9.144703696422E-03,5.65948066782));
#4729 = CARTESIAN_POINT('',(-7.408882097462E-03,5.725788929843));
#4730 = CARTESIAN_POINT('',(-4.024430450781E-03,5.872985085054));
#4731 = CARTESIAN_POINT('',(-2.466208169242E-03,5.954101705544));
#4732 = CARTESIAN_POINT('',(-1.247915185878E-03,6.035832310839));
#4733 = CARTESIAN_POINT('',(-4.15756624446E-04,6.118071325965));
#4734 = CARTESIAN_POINT('',(1.06581410364E-14,6.200639067737));
#4735 = CARTESIAN_POINT('',(1.06581410364E-14,6.28318530718));
#4736 = ( GEOMETRIC_REPRESENTATION_CONTEXT(2) 
PARAMETRIC_REPRESENTATION_CONTEXT() REPRESENTATION_CONTEXT('2D SPACE',''
  ) );
#4737 = ORIENTED_EDGE('',*,*,#1842,.T.);
#4738 = ORIENTED_EDGE('',*,*,#4340,.T.);
#4739 = ORIENTED_EDGE('',*,*,#2768,.F.);
#4740 = ADVANCED_FACE('',(#4741),#2700,.T.);
#4741 = FACE_BOUND('',#4742,.F.);
#4742 = EDGE_LOOP('',(#4743,#4744,#4837,#4838));
#4743 = ORIENTED_EDGE('',*,*,#3056,.F.);
#4744 = ORIENTED_EDGE('',*,*,#4745,.F.);
#4745 = EDGE_CURVE('',#2655,#3057,#4746,.T.);
#4746 = SURFACE_CURVE('',#4747,(#4770,#4796),.PCURVE_S1.);
#4747 = B_SPLINE_CURVE_WITH_KNOTS('',6,(#4748,#4749,#4750,#4751,#4752,
    #4753,#4754,#4755,#4756,#4757,#4758,#4759,#4760,#4761,#4762,#4763,
    #4764,#4765,#4766,#4767,#4768,#4769),.UNSPECIFIED.,.F.,.F.,(7,5,5,5,
    7),(0.,0.188441946211,0.445505773475,0.696938831202,1.),
  .UNSPECIFIED.);
#4748 = CARTESIAN_POINT('',(8.670613198413,-10.99183636902,16.));
#4749 = CARTESIAN_POINT('',(8.679091549827,-11.04682537529,
    16.000000001511));
#4750 = CARTESIAN_POINT('',(8.687168519147,-11.10194849592,
    15.997186078885));
#4751 = CARTESIAN_POINT('',(8.694796071382,-11.15700092087,
    15.991575465033));
#4752 = CARTESIAN_POINT('',(8.701935441313,-11.21177923399,
    15.983198709467));
#4753 = CARTESIAN_POINT('',(8.708558270179,-11.2660809428,
    15.972097702844));
#4754 = CARTESIAN_POINT('',(8.722954719948,-11.39285412579,
    15.939533843062));
#4755 = CARTESIAN_POINT('',(8.73026898528,-11.46473874489,
    15.915770410862));
#4756 = CARTESIAN_POINT('',(8.736547800007,-11.53484875988,
    15.887163336175));
#4757 = CARTESIAN_POINT('',(8.741788344059,-11.60266726662,
    15.853875316376));
#4758 = CARTESIAN_POINT('',(8.74603056775,-11.66766613178,
    15.816100596679));
#4759 = CARTESIAN_POINT('',(8.752616590598,-11.789588897,15.732947689228
    ));
#4760 = CARTESIAN_POINT('',(8.754999474141,-11.84665312215,
    15.687757925092));
#4761 = CARTESIAN_POINT('',(8.756588704396,-11.89999112563,
    15.638703950445));
#4762 = CARTESIAN_POINT('',(8.75750138645,-11.9490640203,15.586037988459
    ));
#4763 = CARTESIAN_POINT('',(8.757896087463,-11.99330568593,
    15.53007136793));
#4764 = CARTESIAN_POINT('',(8.75799083372,-12.07902339181,
    15.400240481996));
#4765 = CARTESIAN_POINT('',(8.757532127153,-12.1180840043,
    15.325033581622));
#4766 = CARTESIAN_POINT('',(8.756849349892,-12.14835031151,
    15.24633965041));
#4767 = CARTESIAN_POINT('',(8.756264151993,-12.16892109496,
    15.165114208954));
#4768 = CARTESIAN_POINT('',(8.755973706324,-12.17920048501,
    15.082546239443));
#4769 = CARTESIAN_POINT('',(8.755973706324,-12.17920048501,15.));
#4770 = PCURVE('',#2700,#4771);
#4771 = DEFINITIONAL_REPRESENTATION('',(#4772),#4795);
#4772 = B_SPLINE_CURVE_WITH_KNOTS('',6,(#4773,#4774,#4775,#4776,#4777,
    #4778,#4779,#4780,#4781,#4782,#4783,#4784,#4785,#4786,#4787,#4788,
    #4789,#4790,#4791,#4792,#4793,#4794),.UNSPECIFIED.,.F.,.F.,(7,5,5,5,
    7),(0.,0.188441946211,0.445505773475,0.696938831202,1.),
  .UNSPECIFIED.);
#4773 = CARTESIAN_POINT('',(-4.457145263012E-02,4.712388980385));
#4774 = CARTESIAN_POINT('',(-4.261433162705E-02,4.760813467598));
#4775 = CARTESIAN_POINT('',(-4.06450137219E-02,4.809158960359));
#4776 = CARTESIAN_POINT('',(-3.866999476241E-02,4.857441967003));
#4777 = CARTESIAN_POINT('',(-3.669583014753E-02,4.905680741181));
#4778 = CARTESIAN_POINT('',(-3.472923590582E-02,4.953895674831));
#4779 = CARTESIAN_POINT('',(-3.011429831208E-02,5.067881032436));
#4780 = CARTESIAN_POINT('',(-2.747857819995E-02,5.133648353239));
#4781 = CARTESIAN_POINT('',(-2.488759212271E-02,5.199473310885));
#4782 = CARTESIAN_POINT('',(-2.236019055817E-02,5.265418900086));
#4783 = CARTESIAN_POINT('',(-1.99169951126E-02,5.331552740696));
#4784 = CARTESIAN_POINT('',(-1.52959392199E-02,5.462893605483));
#4785 = CARTESIAN_POINT('',(-1.311363609276E-02,5.528083341656));
#4786 = CARTESIAN_POINT('',(-1.10552259126E-02,5.593593523567));
#4787 = CARTESIAN_POINT('',(-9.144703696416E-03,5.65948066782));
#4788 = CARTESIAN_POINT('',(-7.408882097451E-03,5.725788929843));
#4789 = CARTESIAN_POINT('',(-4.02443045077E-03,5.872985085054));
#4790 = CARTESIAN_POINT('',(-2.46620816923E-03,5.954101705544));
#4791 = CARTESIAN_POINT('',(-1.247915185868E-03,6.035832310839));
#4792 = CARTESIAN_POINT('',(-4.157566244345E-04,6.118071325965));
#4793 = CARTESIAN_POINT('',(2.22044604925E-14,6.200639067736));
#4794 = CARTESIAN_POINT('',(2.22044604925E-14,6.28318530718));
#4795 = ( GEOMETRIC_REPRESENTATION_CONTEXT(2) 
PARAMETRIC_REPRESENTATION_CONTEXT() REPRESENTATION_CONTEXT('2D SPACE',''
  ) );
#4796 = PCURVE('',#2671,#4797);
#4797 = DEFINITIONAL_REPRESENTATION('',(#4798),#4836);
#4798 = B_SPLINE_CURVE_WITH_KNOTS('',8,(#4799,#4800,#4801,#4802,#4803,
    #4804,#4805,#4806,#4807,#4808,#4809,#4810,#4811,#4812,#4813,#4814,
    #4815,#4816,#4817,#4818,#4819,#4820,#4821,#4822,#4823,#4824,#4825,
    #4826,#4827,#4828,#4829,#4830,#4831,#4832,#4833,#4834,#4835),
  .UNSPECIFIED.,.F.,.F.,(9,7,7,7,7,9),(0.,0.25,0.5,0.625,0.75,1.),
  .UNSPECIFIED.);
#4799 = CARTESIAN_POINT('',(0.317991245839,1.570796326778));
#4800 = CARTESIAN_POINT('',(0.307505585071,1.618978758577));
#4801 = CARTESIAN_POINT('',(0.296694610695,1.667086915299));
#4802 = CARTESIAN_POINT('',(0.28557154709,1.715133800354));
#4803 = CARTESIAN_POINT('',(0.27415230845,1.763135085207));
#4804 = CARTESIAN_POINT('',(0.262456883095,1.811107418962));
#4805 = CARTESIAN_POINT('',(0.250510558398,1.859067960939));
#4806 = CARTESIAN_POINT('',(0.238344986298,1.907035136259));
#4807 = CARTESIAN_POINT('',(0.213653192551,2.003026092604));
#4808 = CARTESIAN_POINT('',(0.20112696119,2.051050003274));
#4809 = CARTESIAN_POINT('',(0.188460132387,2.099120743621));
#4810 = CARTESIAN_POINT('',(0.175697781318,2.147269064574));
#4811 = CARTESIAN_POINT('',(0.162901600143,2.195496203345));
#4812 = CARTESIAN_POINT('',(0.150131766133,2.243854426946));
#4813 = CARTESIAN_POINT('',(0.137474254183,2.292344881657));
#4814 = CARTESIAN_POINT('',(0.118792304391,2.36532537648));
#4815 = CARTESIAN_POINT('',(0.112615803924,2.389692678421));
#4816 = CARTESIAN_POINT('',(0.106501689728,2.414103245922));
#4817 = CARTESIAN_POINT('',(0.100462421393,2.438559650895));
#4818 = CARTESIAN_POINT('',(9.45112827894E-02,2.463064237819));
#4819 = CARTESIAN_POINT('',(8.866231690034E-02,2.487619119615));
#4820 = CARTESIAN_POINT('',(8.293026065284E-02,2.512226173529));
#4821 = CARTESIAN_POINT('',(7.173069884813E-02,2.561547900481));
#4822 = CARTESIAN_POINT('',(6.626315682109E-02,2.586262705843));
#4823 = CARTESIAN_POINT('',(6.094351283728E-02,2.611031378801));
#4824 = CARTESIAN_POINT('',(5.578609430719E-02,2.635864015241));
#4825 = CARTESIAN_POINT('',(5.081168730197E-02,2.660737020404));
#4826 = CARTESIAN_POINT('',(4.603002101844E-02,2.685690454879));
#4827 = CARTESIAN_POINT('',(4.146321812537E-02,2.710694026667));
#4828 = CARTESIAN_POINT('',(2.845254913025E-02,2.785878161152));
#4829 = CARTESIAN_POINT('',(2.069939161386E-02,2.836226529689));
#4830 = CARTESIAN_POINT('',(1.40008145768E-02,2.886784320213));
#4831 = CARTESIAN_POINT('',(8.485281708094E-03,2.937528517132));
#4832 = CARTESIAN_POINT('',(4.264116241455E-03,2.98842852789));
#4833 = CARTESIAN_POINT('',(1.420627409473E-03,3.039444166162));
#4834 = CARTESIAN_POINT('',(8.830895968785E-09,3.090522369802));
#4835 = CARTESIAN_POINT('',(8.830896014445E-09,3.14159265359));
#4836 = ( GEOMETRIC_REPRESENTATION_CONTEXT(2) 
PARAMETRIC_REPRESENTATION_CONTEXT() REPRESENTATION_CONTEXT('2D SPACE',''
  ) );
#4837 = ORIENTED_EDGE('',*,*,#2683,.T.);
#4838 = ORIENTED_EDGE('',*,*,#4543,.T.);
#4839 = ADVANCED_FACE('',(#4840),#1888,.T.);
#4840 = FACE_BOUND('',#4841,.F.);
#4841 = EDGE_LOOP('',(#4842,#4843,#4844,#4845));
#4842 = ORIENTED_EDGE('',*,*,#2836,.F.);
#4843 = ORIENTED_EDGE('',*,*,#4645,.F.);
#4844 = ORIENTED_EDGE('',*,*,#1871,.T.);
#4845 = ORIENTED_EDGE('',*,*,#4846,.T.);
#4846 = EDGE_CURVE('',#1872,#2816,#4847,.T.);
#4847 = SURFACE_CURVE('',#4848,(#4871,#4897),.PCURVE_S1.);
#4848 = B_SPLINE_CURVE_WITH_KNOTS('',6,(#4849,#4850,#4851,#4852,#4853,
    #4854,#4855,#4856,#4857,#4858,#4859,#4860,#4861,#4862,#4863,#4864,
    #4865,#4866,#4867,#4868,#4869,#4870),.UNSPECIFIED.,.F.,.F.,(7,5,5,5,
    7),(0.,0.188232710892,0.443677264997,0.69358178456,1.),
  .UNSPECIFIED.);
#4849 = CARTESIAN_POINT('',(11.907140690744,7.363423156052,16.));
#4850 = CARTESIAN_POINT('',(11.933885282082,7.412141867291,
    16.000000001498));
#4851 = CARTESIAN_POINT('',(11.960299305294,7.461123299974,
    15.997192339313));
#4852 = CARTESIAN_POINT('',(11.986267956252,7.510192011519,
    15.991594188697));
#4853 = CARTESIAN_POINT('',(12.011685578419,7.55917070672,
    15.983235982702));
#4854 = CARTESIAN_POINT('',(12.036456564666,7.60787941253,
    15.972159447194));
#4855 = CARTESIAN_POINT('',(12.093119754743,7.721620286502,
    15.939764351854));
#4856 = CARTESIAN_POINT('',(12.124395454391,7.786268501348,
    15.916201547649));
#4857 = CARTESIAN_POINT('',(12.154112983823,7.849624179169,
    15.887854638668));
#4858 = CARTESIAN_POINT('',(12.182095954632,7.911211840865,
    15.854883018506));
#4859 = CARTESIAN_POINT('',(12.208203438153,7.9705315415,15.817476816926
    ));
#4860 = CARTESIAN_POINT('',(12.255936156982,8.082352123904,
    15.735137170783));
#4861 = CARTESIAN_POINT('',(12.277644111023,8.134968231529,
    15.690388203513));
#4862 = CARTESIAN_POINT('',(12.29735915647,8.184411732502,
    15.641813739797));
#4863 = CARTESIAN_POINT('',(12.315007677211,8.230147167991,
    15.589660151185));
#4864 = CARTESIAN_POINT('',(12.330545051277,8.271600199958,
    15.534230860553));
#4865 = CARTESIAN_POINT('',(12.360368635401,8.353107979378,
    15.404402354568));
#4866 = CARTESIAN_POINT('',(12.373584381192,8.390744305575,
    15.328519043627));
#4867 = CARTESIAN_POINT('',(12.383510456029,8.420043245461,15.2490392102
    ));
#4868 = CARTESIAN_POINT('',(12.390140645576,8.440009156508,
    15.166944430393));
#4869 = CARTESIAN_POINT('',(12.393455775105,8.449985440847,
    15.083461044965));
#4870 = CARTESIAN_POINT('',(12.393455775105,8.449985440847,15.));
#4871 = PCURVE('',#1888,#4872);
#4872 = DEFINITIONAL_REPRESENTATION('',(#4873),#4896);
#4873 = B_SPLINE_CURVE_WITH_KNOTS('',6,(#4874,#4875,#4876,#4877,#4878,
    #4879,#4880,#4881,#4882,#4883,#4884,#4885,#4886,#4887,#4888,#4889,
    #4890,#4891,#4892,#4893,#4894,#4895),.UNSPECIFIED.,.F.,.F.,(7,5,5,5,
    7),(0.,0.188232710892,0.443677264997,0.69358178456,1.),
  .UNSPECIFIED.);
#4874 = CARTESIAN_POINT('',(-0.105057982447,4.712388980509));
#4875 = CARTESIAN_POINT('',(-0.107012925142,4.760759570121));
#4876 = CARTESIAN_POINT('',(-0.108980037607,4.809051341883));
#4877 = CARTESIAN_POINT('',(-0.110952845662,4.857280747797));
#4878 = CARTESIAN_POINT('',(-0.11292481582,4.905465978678));
#4879 = CARTESIAN_POINT('',(-0.114889254808,4.953627354302));
#4880 = CARTESIAN_POINT('',(-0.119485429295,5.067144587156));
#4881 = CARTESIAN_POINT('',(-0.12210487879,5.132497352116));
#4882 = CARTESIAN_POINT('',(-0.124680323741,5.197906423344));
#4883 = CARTESIAN_POINT('',(-0.127193279627,5.263433573057));
#4884 = CARTESIAN_POINT('',(-0.129623540857,5.329145119187));
#4885 = CARTESIAN_POINT('',(-0.134223452055,5.459654363257));
#4886 = CARTESIAN_POINT('',(-0.13639741895,5.5244352792));
#4887 = CARTESIAN_POINT('',(-0.138449788746,5.589530424857));
#4888 = CARTESIAN_POINT('',(-0.140357072366,5.654995654501));
#4889 = CARTESIAN_POINT('',(-0.142093030504,5.720875007434));
#4890 = CARTESIAN_POINT('',(-0.145518273894,5.868492362869));
#4891 = CARTESIAN_POINT('',(-0.147108961356,5.950480171725));
#4892 = CARTESIAN_POINT('',(-0.148353683276,6.033098639954));
#4893 = CARTESIAN_POINT('',(-0.149204423579,6.116241123199));
#4894 = CARTESIAN_POINT('',(-0.149629432653,6.199724262214));
#4895 = CARTESIAN_POINT('',(-0.149629432653,6.28318530718));
#4896 = ( GEOMETRIC_REPRESENTATION_CONTEXT(2) 
PARAMETRIC_REPRESENTATION_CONTEXT() REPRESENTATION_CONTEXT('2D SPACE',''
  ) );
#4897 = PCURVE('',#1917,#4898);
#4898 = DEFINITIONAL_REPRESENTATION('',(#4899),#4942);
#4899 = B_SPLINE_CURVE_WITH_KNOTS('',9,(#4900,#4901,#4902,#4903,#4904,
    #4905,#4906,#4907,#4908,#4909,#4910,#4911,#4912,#4913,#4914,#4915,
    #4916,#4917,#4918,#4919,#4920,#4921,#4922,#4923,#4924,#4925,#4926,
    #4927,#4928,#4929,#4930,#4931,#4932,#4933,#4934,#4935,#4936,#4937,
    #4938,#4939,#4940,#4941),.UNSPECIFIED.,.F.,.F.,(10,8,8,8,8,10),(0.,
    0.25,0.5,0.625,0.75,1.),.UNSPECIFIED.);
#4900 = CARTESIAN_POINT('',(2.089053378889,1.570796326795));
#4901 = CARTESIAN_POINT('',(2.098373941284,1.613625040242));
#4902 = CARTESIAN_POINT('',(2.10794752582,1.656395991224));
#4903 = CARTESIAN_POINT('',(2.117765311594,1.699117831178));
#4904 = CARTESIAN_POINT('',(2.127816990291,1.741800719618));
#4905 = CARTESIAN_POINT('',(2.138090144348,1.784455547732));
#4906 = CARTESIAN_POINT('',(2.148569681802,1.827093583372));
#4907 = CARTESIAN_POINT('',(2.15923732777,1.869726537412));
#4908 = CARTESIAN_POINT('',(2.170071172615,1.912367051502));
#4909 = CARTESIAN_POINT('',(2.192019380888,1.997692162887));
#4910 = CARTESIAN_POINT('',(2.203133725897,2.040376759315));
#4911 = CARTESIAN_POINT('',(2.214361904824,2.083095991948));
#4912 = CARTESIAN_POINT('',(2.225674285099,2.125868298627));
#4913 = CARTESIAN_POINT('',(2.237033601043,2.16870170498));
#4914 = CARTESIAN_POINT('',(2.248399242282,2.21161411284));
#4915 = CARTESIAN_POINT('',(2.259725182748,2.254628347883));
#4916 = CARTESIAN_POINT('',(2.270953728214,2.297748960751));
#4917 = CARTESIAN_POINT('',(2.28755987623,2.362620350608));
#4918 = CARTESIAN_POINT('',(2.293055737371,2.384275627628));
#4919 = CARTESIAN_POINT('',(2.298504361437,2.405964241443));
#4920 = CARTESIAN_POINT('',(2.303897539784,2.427687927603));
#4921 = CARTESIAN_POINT('',(2.309226599485,2.449448298594));
#4922 = CARTESIAN_POINT('',(2.314482432133,2.471246841603));
#4923 = CARTESIAN_POINT('',(2.319655522656,2.493084916296));
#4924 = CARTESIAN_POINT('',(2.324735978126,2.514963752585));
#4925 = CARTESIAN_POINT('',(2.334691135013,2.558805144225));
#4926 = CARTESIAN_POINT('',(2.339566014363,2.580768684078));
#4927 = CARTESIAN_POINT('',(2.344326683723,2.602768690007));
#4928 = CARTESIAN_POINT('',(2.348967075781,2.624832188854));
#4929 = CARTESIAN_POINT('',(2.353467228143,2.646906542967));
#4930 = CARTESIAN_POINT('',(2.357827321243,2.669058125242));
#4931 = CARTESIAN_POINT('',(2.362028877589,2.691243667392));
#4932 = CARTESIAN_POINT('',(2.366063002961,2.713477093932));
#4933 = CARTESIAN_POINT('',(2.377628191481,2.780308048512));
#4934 = CARTESIAN_POINT('',(2.384622216508,2.825037225216));
#4935 = CARTESIAN_POINT('',(2.390810855515,2.869930954046));
#4936 = CARTESIAN_POINT('',(2.396107895258,2.914974744181));
#4937 = CARTESIAN_POINT('',(2.400435336914,2.960149953882));
#4938 = CARTESIAN_POINT('',(2.403728300343,3.005433040044));
#4939 = CARTESIAN_POINT('',(2.405939690317,3.0507943723));
#4940 = CARTESIAN_POINT('',(2.407044624721,3.096196611645));
#4941 = CARTESIAN_POINT('',(2.407044624721,3.14159265359));
#4942 = ( GEOMETRIC_REPRESENTATION_CONTEXT(2) 
PARAMETRIC_REPRESENTATION_CONTEXT() REPRESENTATION_CONTEXT('2D SPACE',''
  ) );
#4943 = ADVANCED_FACE('',(#4944),#2671,.T.);
#4944 = FACE_BOUND('',#4945,.T.);
#4945 = EDGE_LOOP('',(#4946,#4947,#4948,#5046));
#4946 = ORIENTED_EDGE('',*,*,#4745,.F.);
#4947 = ORIENTED_EDGE('',*,*,#2654,.T.);
#4948 = ORIENTED_EDGE('',*,*,#4949,.T.);
#4949 = EDGE_CURVE('',#2626,#3152,#4950,.T.);
#4950 = SURFACE_CURVE('',#4951,(#4974,#5020),.PCURVE_S1.);
#4951 = B_SPLINE_CURVE_WITH_KNOTS('',6,(#4952,#4953,#4954,#4955,#4956,
    #4957,#4958,#4959,#4960,#4961,#4962,#4963,#4964,#4965,#4966,#4967,
    #4968,#4969,#4970,#4971,#4972,#4973),.UNSPECIFIED.,.F.,.F.,(7,5,5,5,
    7),(0.,0.188232710919,0.443677265016,0.69358178457,1.),
  .UNSPECIFIED.);
#4952 = CARTESIAN_POINT('',(5.183902930638,-13.00488948077,16.));
#4953 = CARTESIAN_POINT('',(5.227237345468,-13.03968767731,
    16.000000001501));
#4954 = CARTESIAN_POINT('',(5.270887893295,-13.0742059485,
    15.997192339317));
#4955 = CARTESIAN_POINT('',(5.314701731941,-13.10830076966,
    15.991594188702));
#4956 = CARTESIAN_POINT('',(5.358522606863,-13.1418373023,
    15.983235982706));
#4957 = CARTESIAN_POINT('',(5.402189881412,-13.17469013956,
    15.972159447197));
#4958 = CARTESIAN_POINT('',(5.504363316244,-13.25024338396,
    15.939764351854));
#4959 = CARTESIAN_POINT('',(5.562598411194,-13.29226998015,
    15.916201547649));
#4960 = CARTESIAN_POINT('',(5.619831179079,-13.33253763153,
    15.887854638668));
#4961 = CARTESIAN_POINT('',(5.675623993921,-13.37079006336,
    15.854883018506));
#4962 = CARTESIAN_POINT('',(5.729508978075,-13.40680167346,
    15.817476816926));
#4963 = CARTESIAN_POINT('',(5.831342054934,-13.47322666539,
    15.735137170783));
#4964 = CARTESIAN_POINT('',(5.879389258996,-13.50374151804,
    15.690388203513));
#4965 = CARTESIAN_POINT('',(5.924658120375,-13.53174282149,
    15.641813739797));
#4966 = CARTESIAN_POINT('',(5.966634098367,-13.55706509657,
    15.589660151185));
#4967 = CARTESIAN_POINT('',(6.004759328942,-13.57956466647,
    15.534230860553));
#4968 = CARTESIAN_POINT('',(6.07985001101,-13.6230888407,15.404402354568
    ));
#4969 = CARTESIAN_POINT('',(6.114619666672,-13.64263928908,
    15.328519043626));
#4970 = CARTESIAN_POINT('',(6.141749845019,-13.65750227205,15.2490392102
    ));
#4971 = CARTESIAN_POINT('',(6.160261108682,-13.66749877819,
    15.166944430393));
#4972 = CARTESIAN_POINT('',(6.169510164643,-13.67249590705,
    15.083461044965));
#4973 = CARTESIAN_POINT('',(6.169510164643,-13.67249590705,15.));
#4974 = PCURVE('',#2671,#4975);
#4975 = DEFINITIONAL_REPRESENTATION('',(#4976),#5019);
#4976 = B_SPLINE_CURVE_WITH_KNOTS('',9,(#4977,#4978,#4979,#4980,#4981,
    #4982,#4983,#4984,#4985,#4986,#4987,#4988,#4989,#4990,#4991,#4992,
    #4993,#4994,#4995,#4996,#4997,#4998,#4999,#5000,#5001,#5002,#5003,
    #5004,#5005,#5006,#5007,#5008,#5009,#5010,#5011,#5012,#5013,#5014,
    #5015,#5016,#5017,#5018),.UNSPECIFIED.,.F.,.F.,(10,8,8,8,8,10),(0.,
    0.25,0.5,0.625,0.75,1.),.UNSPECIFIED.);
#4977 = CARTESIAN_POINT('',(2.089053378844,1.570796326795));
#4978 = CARTESIAN_POINT('',(2.098373941317,1.613625040121));
#4979 = CARTESIAN_POINT('',(2.107947525803,1.656395991184));
#4980 = CARTESIAN_POINT('',(2.11776531156,1.699117831166));
#4981 = CARTESIAN_POINT('',(2.127816990277,1.741800719575));
#4982 = CARTESIAN_POINT('',(2.138090144353,1.784455547664));
#4983 = CARTESIAN_POINT('',(2.148569681799,1.827093583317));
#4984 = CARTESIAN_POINT('',(2.159237327753,1.869726537383));
#4985 = CARTESIAN_POINT('',(2.170071172605,1.912367051462));
#4986 = CARTESIAN_POINT('',(2.192019380879,1.997692162849));
#4987 = CARTESIAN_POINT('',(2.203133725888,2.040376759279));
#4988 = CARTESIAN_POINT('',(2.214361904815,2.083095991913));
#4989 = CARTESIAN_POINT('',(2.22567428509,2.125868298594));
#4990 = CARTESIAN_POINT('',(2.237033601035,2.168701704948));
#4991 = CARTESIAN_POINT('',(2.248399242275,2.211614112809));
#4992 = CARTESIAN_POINT('',(2.259725182741,2.254628347854));
#4993 = CARTESIAN_POINT('',(2.270953728207,2.297748960723));
#4994 = CARTESIAN_POINT('',(2.287559876224,2.362620350582));
#4995 = CARTESIAN_POINT('',(2.293055737365,2.384275627603));
#4996 = CARTESIAN_POINT('',(2.298504361431,2.405964241418));
#4997 = CARTESIAN_POINT('',(2.303897539779,2.427687927579));
#4998 = CARTESIAN_POINT('',(2.30922659948,2.449448298571));
#4999 = CARTESIAN_POINT('',(2.314482432128,2.471246841581));
#5000 = CARTESIAN_POINT('',(2.319655522651,2.493084916274));
#5001 = CARTESIAN_POINT('',(2.324735978121,2.514963752564));
#5002 = CARTESIAN_POINT('',(2.334691135009,2.558805144205));
#5003 = CARTESIAN_POINT('',(2.339566014359,2.580768684059));
#5004 = CARTESIAN_POINT('',(2.344326683719,2.602768689989));
#5005 = CARTESIAN_POINT('',(2.348967075778,2.624832188836));
#5006 = CARTESIAN_POINT('',(2.353467228139,2.64690654295));
#5007 = CARTESIAN_POINT('',(2.357827321241,2.669058125226));
#5008 = CARTESIAN_POINT('',(2.362028877586,2.691243667376));
#5009 = CARTESIAN_POINT('',(2.366063002959,2.713477093918));
#5010 = CARTESIAN_POINT('',(2.377628191479,2.780308048499));
#5011 = CARTESIAN_POINT('',(2.384622216507,2.825037225205));
#5012 = CARTESIAN_POINT('',(2.390810855514,2.869930954036));
#5013 = CARTESIAN_POINT('',(2.396107895258,2.914974744174));
#5014 = CARTESIAN_POINT('',(2.400435336914,2.960149953875));
#5015 = CARTESIAN_POINT('',(2.403728300344,3.005433040039));
#5016 = CARTESIAN_POINT('',(2.405939690317,3.050794372297));
#5017 = CARTESIAN_POINT('',(2.407044624721,3.096196611643));
#5018 = CARTESIAN_POINT('',(2.407044624721,3.14159265359));
#5019 = ( GEOMETRIC_REPRESENTATION_CONTEXT(2) 
PARAMETRIC_REPRESENTATION_CONTEXT() REPRESENTATION_CONTEXT('2D SPACE',''
  ) );
#5020 = PCURVE('',#2642,#5021);
#5021 = DEFINITIONAL_REPRESENTATION('',(#5022),#5045);
#5022 = B_SPLINE_CURVE_WITH_KNOTS('',6,(#5023,#5024,#5025,#5026,#5027,
    #5028,#5029,#5030,#5031,#5032,#5033,#5034,#5035,#5036,#5037,#5038,
    #5039,#5040,#5041,#5042,#5043,#5044),.UNSPECIFIED.,.F.,.F.,(7,5,5,5,
    7),(0.,0.188232710919,0.443677265016,0.69358178457,1.),
  .UNSPECIFIED.);
#5023 = CARTESIAN_POINT('',(-0.105057982452,4.712388980406));
#5024 = CARTESIAN_POINT('',(-0.107012925129,4.760759570154));
#5025 = CARTESIAN_POINT('',(-0.10898003761,4.809051341814));
#5026 = CARTESIAN_POINT('',(-0.110952845665,4.85728074774));
#5027 = CARTESIAN_POINT('',(-0.112924815816,4.905465978689));
#5028 = CARTESIAN_POINT('',(-0.114889254808,4.953627354294));
#5029 = CARTESIAN_POINT('',(-0.119485429295,5.067144587156));
#5030 = CARTESIAN_POINT('',(-0.12210487879,5.132497352116));
#5031 = CARTESIAN_POINT('',(-0.124680323741,5.197906423344));
#5032 = CARTESIAN_POINT('',(-0.127193279627,5.263433573057));
#5033 = CARTESIAN_POINT('',(-0.129623540857,5.329145119187));
#5034 = CARTESIAN_POINT('',(-0.134223452055,5.459654363257));
#5035 = CARTESIAN_POINT('',(-0.13639741895,5.5244352792));
#5036 = CARTESIAN_POINT('',(-0.138449788746,5.589530424857));
#5037 = CARTESIAN_POINT('',(-0.140357072366,5.654995654501));
#5038 = CARTESIAN_POINT('',(-0.142093030504,5.720875007434));
#5039 = CARTESIAN_POINT('',(-0.145518273894,5.868492362869));
#5040 = CARTESIAN_POINT('',(-0.147108961356,5.950480171725));
#5041 = CARTESIAN_POINT('',(-0.148353683276,6.033098639953));
#5042 = CARTESIAN_POINT('',(-0.149204423579,6.116241123199));
#5043 = CARTESIAN_POINT('',(-0.149629432653,6.199724262214));
#5044 = CARTESIAN_POINT('',(-0.149629432653,6.28318530718));
#5045 = ( GEOMETRIC_REPRESENTATION_CONTEXT(2) 
PARAMETRIC_REPRESENTATION_CONTEXT() REPRESENTATION_CONTEXT('2D SPACE',''
  ) );
#5046 = ORIENTED_EDGE('',*,*,#3172,.F.);
#5047 = ADVANCED_FACE('',(#5048),#1917,.T.);
#5048 = FACE_BOUND('',#5049,.T.);
#5049 = EDGE_LOOP('',(#5050,#5143,#5144,#5145));
#5050 = ORIENTED_EDGE('',*,*,#5051,.F.);
#5051 = EDGE_CURVE('',#1901,#2913,#5052,.T.);
#5052 = SURFACE_CURVE('',#5053,(#5076,#5117),.PCURVE_S1.);
#5053 = B_SPLINE_CURVE_WITH_KNOTS('',6,(#5054,#5055,#5056,#5057,#5058,
    #5059,#5060,#5061,#5062,#5063,#5064,#5065,#5066,#5067,#5068,#5069,
    #5070,#5071,#5072,#5073,#5074,#5075),.UNSPECIFIED.,.F.,.F.,(7,5,5,5,
    7),(0.,0.188441946211,0.445505773475,0.696938831202,1.),
  .UNSPECIFIED.);
#5054 = CARTESIAN_POINT('',(9.319209494902,10.447599455862,16.));
#5055 = CARTESIAN_POINT('',(9.371890844328,10.465497742796,
    16.000000001511));
#5056 = CARTESIAN_POINT('',(9.424773969893,10.483024034249,
    15.997186078885));
#5057 = CARTESIAN_POINT('',(9.477665514265,10.500095460096,
    15.991575465033));
#5058 = CARTESIAN_POINT('',(9.530371883135,10.516638521203,
    15.983198709467));
#5059 = CARTESIAN_POINT('',(9.582698584815,10.532590127197,
    15.972097702844));
#5060 = CARTESIAN_POINT('',(9.705045881028,10.568781794748,
    15.939533843062));
#5061 = CARTESIAN_POINT('',(9.7745683024,10.588467573065,15.915770410862
    ));
#5062 = CARTESIAN_POINT('',(9.842522883983,10.606825474826,
    15.887163336175));
#5063 = CARTESIAN_POINT('',(9.908401064299,10.623762963346,
    15.853875316376));
#5064 = CARTESIAN_POINT('',(9.971675796232,10.639227672613,
    15.816100596679));
#5065 = CARTESIAN_POINT('',(10.090602629818,10.666885304971,
    15.732947689228));
#5066 = CARTESIAN_POINT('',(10.146386137786,10.679141085867,
    15.687757925092));
#5067 = CARTESIAN_POINT('',(10.198637850202,10.689968219247,
    15.638703950445));
#5068 = CARTESIAN_POINT('',(10.246806731761,10.699388454342,
    15.586037988459));
#5069 = CARTESIAN_POINT('',(10.290307727973,10.707459643575,
    15.53007136793));
#5070 = CARTESIAN_POINT('',(10.374706736771,10.722437673841,
    15.400240481996));
#5071 = CARTESIAN_POINT('',(10.413253584357,10.728768740236,
    15.325033581623));
#5072 = CARTESIAN_POINT('',(10.443178641372,10.733352024987,
    15.24633965041));
#5073 = CARTESIAN_POINT('',(10.46353852695,10.736347796619,
    15.165114208954));
#5074 = CARTESIAN_POINT('',(10.473712185329,10.737846760822,
    15.082546239443));
#5075 = CARTESIAN_POINT('',(10.473712185329,10.737846760822,15.));
#5076 = PCURVE('',#1917,#5077);
#5077 = DEFINITIONAL_REPRESENTATION('',(#5078),#5116);
#5078 = B_SPLINE_CURVE_WITH_KNOTS('',8,(#5079,#5080,#5081,#5082,#5083,
    #5084,#5085,#5086,#5087,#5088,#5089,#5090,#5091,#5092,#5093,#5094,
    #5095,#5096,#5097,#5098,#5099,#5100,#5101,#5102,#5103,#5104,#5105,
    #5106,#5107,#5108,#5109,#5110,#5111,#5112,#5113,#5114,#5115),
  .UNSPECIFIED.,.F.,.F.,(9,7,7,7,7,9),(0.,0.25,0.5,0.625,0.75,1.),
  .UNSPECIFIED.);
#5079 = CARTESIAN_POINT('',(0.317991245839,1.570796326777));
#5080 = CARTESIAN_POINT('',(0.307505585071,1.618978758577));
#5081 = CARTESIAN_POINT('',(0.296694610695,1.667086915299));
#5082 = CARTESIAN_POINT('',(0.28557154709,1.715133800353));
#5083 = CARTESIAN_POINT('',(0.27415230845,1.763135085207));
#5084 = CARTESIAN_POINT('',(0.262456883095,1.811107418962));
#5085 = CARTESIAN_POINT('',(0.250510558398,1.859067960939));
#5086 = CARTESIAN_POINT('',(0.238344986298,1.907035136259));
#5087 = CARTESIAN_POINT('',(0.21365319255,2.003026092604));
#5088 = CARTESIAN_POINT('',(0.201126961189,2.051050003274));
#5089 = CARTESIAN_POINT('',(0.188460132387,2.099120743621));
#5090 = CARTESIAN_POINT('',(0.175697781318,2.147269064574));
#5091 = CARTESIAN_POINT('',(0.162901600143,2.195496203345));
#5092 = CARTESIAN_POINT('',(0.150131766133,2.243854426946));
#5093 = CARTESIAN_POINT('',(0.137474254183,2.292344881657));
#5094 = CARTESIAN_POINT('',(0.118792304391,2.36532537648));
#5095 = CARTESIAN_POINT('',(0.112615803924,2.389692678421));
#5096 = CARTESIAN_POINT('',(0.106501689728,2.414103245922));
#5097 = CARTESIAN_POINT('',(0.100462421393,2.438559650895));
#5098 = CARTESIAN_POINT('',(9.451128278916E-02,2.463064237819));
#5099 = CARTESIAN_POINT('',(8.86623169001E-02,2.487619119615));
#5100 = CARTESIAN_POINT('',(8.29302606526E-02,2.512226173529));
#5101 = CARTESIAN_POINT('',(7.173069884788E-02,2.561547900481));
#5102 = CARTESIAN_POINT('',(6.626315682084E-02,2.586262705843));
#5103 = CARTESIAN_POINT('',(6.094351283701E-02,2.611031378801));
#5104 = CARTESIAN_POINT('',(5.578609430698E-02,2.635864015241));
#5105 = CARTESIAN_POINT('',(5.081168730169E-02,2.660737020405));
#5106 = CARTESIAN_POINT('',(4.60300210182E-02,2.685690454879));
#5107 = CARTESIAN_POINT('',(4.146321812513E-02,2.710694026668));
#5108 = CARTESIAN_POINT('',(2.845254913002E-02,2.785878161152));
#5109 = CARTESIAN_POINT('',(2.069939161363E-02,2.836226529689));
#5110 = CARTESIAN_POINT('',(1.400081457656E-02,2.886784320213));
#5111 = CARTESIAN_POINT('',(8.485281707858E-03,2.937528517132));
#5112 = CARTESIAN_POINT('',(4.264116241226E-03,2.98842852789));
#5113 = CARTESIAN_POINT('',(1.420627409248E-03,3.039444166161));
#5114 = CARTESIAN_POINT('',(8.830666725284E-09,3.090522369802));
#5115 = CARTESIAN_POINT('',(8.830666864412E-09,3.14159265359));
#5116 = ( GEOMETRIC_REPRESENTATION_CONTEXT(2) 
PARAMETRIC_REPRESENTATION_CONTEXT() REPRESENTATION_CONTEXT('2D SPACE',''
  ) );
#5117 = PCURVE('',#1946,#5118);
#5118 = DEFINITIONAL_REPRESENTATION('',(#5119),#5142);
#5119 = B_SPLINE_CURVE_WITH_KNOTS('',6,(#5120,#5121,#5122,#5123,#5124,
    #5125,#5126,#5127,#5128,#5129,#5130,#5131,#5132,#5133,#5134,#5135,
    #5136,#5137,#5138,#5139,#5140,#5141),.UNSPECIFIED.,.F.,.F.,(7,5,5,5,
    7),(0.,0.188441946211,0.445505773475,0.696938831202,1.),
  .UNSPECIFIED.);
#5120 = CARTESIAN_POINT('',(-4.457145263019E-02,4.712388980385));
#5121 = CARTESIAN_POINT('',(-4.261433162707E-02,4.760813467597));
#5122 = CARTESIAN_POINT('',(-4.064501372196E-02,4.809158960359));
#5123 = CARTESIAN_POINT('',(-3.866999476248E-02,4.857441967002));
#5124 = CARTESIAN_POINT('',(-3.669583014757E-02,4.905680741181));
#5125 = CARTESIAN_POINT('',(-3.472923590588E-02,4.953895674831));
#5126 = CARTESIAN_POINT('',(-3.011429831213E-02,5.067881032436));
#5127 = CARTESIAN_POINT('',(-2.74785782E-02,5.133648353239));
#5128 = CARTESIAN_POINT('',(-2.488759212276E-02,5.199473310885));
#5129 = CARTESIAN_POINT('',(-2.236019055822E-02,5.265418900086));
#5130 = CARTESIAN_POINT('',(-1.991699511265E-02,5.331552740696));
#5131 = CARTESIAN_POINT('',(-1.529593921995E-02,5.462893605483));
#5132 = CARTESIAN_POINT('',(-1.311363609281E-02,5.528083341656));
#5133 = CARTESIAN_POINT('',(-1.105522591265E-02,5.593593523567));
#5134 = CARTESIAN_POINT('',(-9.144703696462E-03,5.65948066782));
#5135 = CARTESIAN_POINT('',(-7.408882097499E-03,5.725788929843));
#5136 = CARTESIAN_POINT('',(-4.024430450817E-03,5.872985085055));
#5137 = CARTESIAN_POINT('',(-2.466208169281E-03,5.954101705544));
#5138 = CARTESIAN_POINT('',(-1.247915185913E-03,6.035832310839));
#5139 = CARTESIAN_POINT('',(-4.157566244842E-04,6.118071325965));
#5140 = CARTESIAN_POINT('',(-2.6645352591E-14,6.200639067737));
#5141 = CARTESIAN_POINT('',(-2.6645352591E-14,6.28318530718));
#5142 = ( GEOMETRIC_REPRESENTATION_CONTEXT(2) 
PARAMETRIC_REPRESENTATION_CONTEXT() REPRESENTATION_CONTEXT('2D SPACE',''
  ) );
#5143 = ORIENTED_EDGE('',*,*,#1900,.T.);
#5144 = ORIENTED_EDGE('',*,*,#4846,.T.);
#5145 = ORIENTED_EDGE('',*,*,#2912,.F.);
#5146 = ADVANCED_FACE('',(#5147),#2642,.T.);
#5147 = FACE_BOUND('',#5148,.F.);
#5148 = EDGE_LOOP('',(#5149,#5150,#5243,#5244));
#5149 = ORIENTED_EDGE('',*,*,#3248,.F.);
#5150 = ORIENTED_EDGE('',*,*,#5151,.F.);
#5151 = EDGE_CURVE('',#2597,#3249,#5152,.T.);
#5152 = SURFACE_CURVE('',#5153,(#5176,#5202),.PCURVE_S1.);
#5153 = B_SPLINE_CURVE_WITH_KNOTS('',6,(#5154,#5155,#5156,#5157,#5158,
    #5159,#5160,#5161,#5162,#5163,#5164,#5165,#5166,#5167,#5168,#5169,
    #5170,#5171,#5172,#5173,#5174,#5175),.UNSPECIFIED.,.F.,.F.,(7,5,5,5,
    7),(0.,0.188441946195,0.445505773463,0.696938831195,1.),
  .UNSPECIFIED.);
#5154 = CARTESIAN_POINT('',(4.388281789821,-13.29447189372,16.));
#5155 = CARTESIAN_POINT('',(4.377441486439,-13.34904442412,
    16.00000000151));
#5156 = CARTESIAN_POINT('',(4.366178137148,-13.40360569999,
    15.997186078882));
#5157 = CARTESIAN_POINT('',(4.35451665343,-13.45794683398,15.99157546503
    ));
#5158 = CARTESIAN_POINT('',(4.342490180246,-13.51186341892,
    15.983198709465));
#5159 = CARTESIAN_POINT('',(4.330141325393,-13.56515547486,
    15.972097702843));
#5160 = CARTESIAN_POINT('',(4.300310580792,-13.68920717523,
    15.939533843062));
#5161 = CARTESIAN_POINT('',(4.282597754222,-13.75925824743,
    15.915770410862));
#5162 = CARTESIAN_POINT('',(4.264518872715,-13.82728759227,
    15.887163336175));
#5163 = CARTESIAN_POINT('',(4.246248077893,-13.89280851424,
    15.853875316376));
#5164 = CARTESIAN_POINT('',(4.228003543013,-13.95533839414,
    15.816100596679));
#5165 = CARTESIAN_POINT('',(4.192492338451,-14.0721608694,
    15.732947689228));
#5166 = CARTESIAN_POINT('',(4.175214402065,-14.12659869486,
    15.687757925092));
#5167 = CARTESIAN_POINT('',(4.158465118416,-14.17726357189,
    15.638703950445));
#5168 = CARTESIAN_POINT('',(4.142538840538,-14.22368916454,
    15.586037988459));
#5169 = CARTESIAN_POINT('',(4.127778197346,-14.26539772697,
    15.53007136793));
#5170 = CARTESIAN_POINT('',(4.098550047656,-14.34597842777,
    15.400240481996));
#5171 = CARTESIAN_POINT('',(4.084759488195,-14.38252651022,
    15.325033581623));
#5172 = CARTESIAN_POINT('',(4.073766200714,-14.41073401218,
    15.24633965041));
#5173 = CARTESIAN_POINT('',(4.066180672262,-14.42986407612,
    15.165114208954));
#5174 = CARTESIAN_POINT('',(4.062391984152,-14.43942420483,
    15.082546239443));
#5175 = CARTESIAN_POINT('',(4.062391984152,-14.43942420483,15.));
#5176 = PCURVE('',#2642,#5177);
#5177 = DEFINITIONAL_REPRESENTATION('',(#5178),#5201);
#5178 = B_SPLINE_CURVE_WITH_KNOTS('',6,(#5179,#5180,#5181,#5182,#5183,
    #5184,#5185,#5186,#5187,#5188,#5189,#5190,#5191,#5192,#5193,#5194,
    #5195,#5196,#5197,#5198,#5199,#5200),.UNSPECIFIED.,.F.,.F.,(7,5,5,5,
    7),(0.,0.188441946195,0.445505773463,0.696938831195,1.),
  .UNSPECIFIED.);
#5179 = CARTESIAN_POINT('',(-4.457145262499E-02,4.712388980385));
#5180 = CARTESIAN_POINT('',(-4.261433163239E-02,4.760813467669));
#5181 = CARTESIAN_POINT('',(-4.064501371832E-02,4.809158960358));
#5182 = CARTESIAN_POINT('',(-3.866999475941E-02,4.857441966999));
#5183 = CARTESIAN_POINT('',(-3.66958301495E-02,4.905680741208));
#5184 = CARTESIAN_POINT('',(-3.472923590565E-02,4.953895674836));
#5185 = CARTESIAN_POINT('',(-3.011429831212E-02,5.067881032436));
#5186 = CARTESIAN_POINT('',(-2.747857819999E-02,5.133648353239));
#5187 = CARTESIAN_POINT('',(-2.488759212274E-02,5.199473310885));
#5188 = CARTESIAN_POINT('',(-2.236019055821E-02,5.265418900086));
#5189 = CARTESIAN_POINT('',(-1.991699511264E-02,5.331552740696));
#5190 = CARTESIAN_POINT('',(-1.529593921994E-02,5.462893605483));
#5191 = CARTESIAN_POINT('',(-1.31136360928E-02,5.528083341656));
#5192 = CARTESIAN_POINT('',(-1.105522591264E-02,5.593593523567));
#5193 = CARTESIAN_POINT('',(-9.14470369645E-03,5.65948066782));
#5194 = CARTESIAN_POINT('',(-7.408882097489E-03,5.725788929843));
#5195 = CARTESIAN_POINT('',(-4.024430450807E-03,5.872985085055));
#5196 = CARTESIAN_POINT('',(-2.466208169269E-03,5.954101705543));
#5197 = CARTESIAN_POINT('',(-1.247915185904E-03,6.035832310839));
#5198 = CARTESIAN_POINT('',(-4.157566244727E-04,6.118071325965));
#5199 = CARTESIAN_POINT('',(-1.59872115546E-14,6.200639067737));
#5200 = CARTESIAN_POINT('',(-1.59872115546E-14,6.28318530718));
#5201 = ( GEOMETRIC_REPRESENTATION_CONTEXT(2) 
PARAMETRIC_REPRESENTATION_CONTEXT() REPRESENTATION_CONTEXT('2D SPACE',''
  ) );
#5202 = PCURVE('',#2613,#5203);
#5203 = DEFINITIONAL_REPRESENTATION('',(#5204),#5242);
#5204 = B_SPLINE_CURVE_WITH_KNOTS('',8,(#5205,#5206,#5207,#5208,#5209,
    #5210,#5211,#5212,#5213,#5214,#5215,#5216,#5217,#5218,#5219,#5220,
    #5221,#5222,#5223,#5224,#5225,#5226,#5227,#5228,#5229,#5230,#5231,
    #5232,#5233,#5234,#5235,#5236,#5237,#5238,#5239,#5240,#5241),
  .UNSPECIFIED.,.F.,.F.,(9,7,7,7,7,9),(0.,0.25,0.5,0.625,0.75,1.),
  .UNSPECIFIED.);
#5205 = CARTESIAN_POINT('',(0.317991245853,1.57079632684));
#5206 = CARTESIAN_POINT('',(0.307505585032,1.618978758555));
#5207 = CARTESIAN_POINT('',(0.296694610702,1.667086915349));
#5208 = CARTESIAN_POINT('',(0.285571547098,1.715133800403));
#5209 = CARTESIAN_POINT('',(0.274152308435,1.763135085221));
#5210 = CARTESIAN_POINT('',(0.262456883079,1.811107418973));
#5211 = CARTESIAN_POINT('',(0.250510558397,1.859067960973));
#5212 = CARTESIAN_POINT('',(0.238344986292,1.907035136283));
#5213 = CARTESIAN_POINT('',(0.213653192545,2.003026092627));
#5214 = CARTESIAN_POINT('',(0.201126961184,2.051050003296));
#5215 = CARTESIAN_POINT('',(0.188460132381,2.099120743642));
#5216 = CARTESIAN_POINT('',(0.175697781313,2.147269064594));
#5217 = CARTESIAN_POINT('',(0.162901600138,2.195496203363));
#5218 = CARTESIAN_POINT('',(0.150131766128,2.243854426964));
#5219 = CARTESIAN_POINT('',(0.137474254179,2.292344881674));
#5220 = CARTESIAN_POINT('',(0.118792304387,2.365325376496));
#5221 = CARTESIAN_POINT('',(0.11261580392,2.389692678436));
#5222 = CARTESIAN_POINT('',(0.106501689724,2.414103245936));
#5223 = CARTESIAN_POINT('',(0.100462421389,2.438559650909));
#5224 = CARTESIAN_POINT('',(9.451128278591E-02,2.463064237833));
#5225 = CARTESIAN_POINT('',(8.866231689702E-02,2.487619119629));
#5226 = CARTESIAN_POINT('',(8.293026064969E-02,2.512226173542));
#5227 = CARTESIAN_POINT('',(7.173069884531E-02,2.561547900492));
#5228 = CARTESIAN_POINT('',(6.626315681845E-02,2.586262705855));
#5229 = CARTESIAN_POINT('',(6.094351283479E-02,2.611031378811));
#5230 = CARTESIAN_POINT('',(5.578609430492E-02,2.635864015252));
#5231 = CARTESIAN_POINT('',(5.081168729981E-02,2.660737020414));
#5232 = CARTESIAN_POINT('',(4.603002101648E-02,2.685690454888));
#5233 = CARTESIAN_POINT('',(4.146321812357E-02,2.710694026676));
#5234 = CARTESIAN_POINT('',(2.845254912894E-02,2.785878161159));
#5235 = CARTESIAN_POINT('',(2.069939161284E-02,2.836226529695));
#5236 = CARTESIAN_POINT('',(1.400081457603E-02,2.886784320219));
#5237 = CARTESIAN_POINT('',(8.485281707553E-03,2.937528517136));
#5238 = CARTESIAN_POINT('',(4.264116241095E-03,2.988428527894));
#5239 = CARTESIAN_POINT('',(1.420627409236E-03,3.039444166164));
#5240 = CARTESIAN_POINT('',(8.830713917817E-09,3.090522369803));
#5241 = CARTESIAN_POINT('',(8.830713939603E-09,3.14159265359));
#5242 = ( GEOMETRIC_REPRESENTATION_CONTEXT(2) 
PARAMETRIC_REPRESENTATION_CONTEXT() REPRESENTATION_CONTEXT('2D SPACE',''
  ) );
#5243 = ORIENTED_EDGE('',*,*,#2625,.T.);
#5244 = ORIENTED_EDGE('',*,*,#4949,.T.);
#5245 = ADVANCED_FACE('',(#5246),#1946,.T.);
#5246 = FACE_BOUND('',#5247,.F.);
#5247 = EDGE_LOOP('',(#5248,#5249,#5250,#5251));
#5248 = ORIENTED_EDGE('',*,*,#3028,.F.);
#5249 = ORIENTED_EDGE('',*,*,#5051,.F.);
#5250 = ORIENTED_EDGE('',*,*,#1929,.T.);
#5251 = ORIENTED_EDGE('',*,*,#5252,.T.);
#5252 = EDGE_CURVE('',#1930,#3008,#5253,.T.);
#5253 = SURFACE_CURVE('',#5254,(#5277,#5303),.PCURVE_S1.);
#5254 = B_SPLINE_CURVE_WITH_KNOTS('',6,(#5255,#5256,#5257,#5258,#5259,
    #5260,#5261,#5262,#5263,#5264,#5265,#5266,#5267,#5268,#5269,#5270,
    #5271,#5272,#5273,#5274,#5275,#5276),.UNSPECIFIED.,.F.,.F.,(7,5,5,5,
    7),(0.,0.188232710902,0.443677265004,0.693581784564,1.),
  .UNSPECIFIED.);
#5255 = CARTESIAN_POINT('',(8.670613198512,10.991836369098,16.));
#5256 = CARTESIAN_POINT('',(8.679082113131,11.046764171494,
    16.000000001499));
#5257 = CARTESIAN_POINT('',(8.687150539121,11.101825790364,
    15.997192339314));
#5258 = CARTESIAN_POINT('',(8.694770601046,11.15681709824,
    15.991594188699));
#5259 = CARTESIAN_POINT('',(8.701903652726,11.211535355468,
    15.983235982704));
#5260 = CARTESIAN_POINT('',(8.708521407149,11.26577874316,
    15.972159447195));
#5261 = CARTESIAN_POINT('',(8.722865718717,11.392040155508,
    15.939764351854));
#5262 = CARTESIAN_POINT('',(8.730144271178,11.463486525222,
    15.916201547649));
#5263 = CARTESIAN_POINT('',(8.736400696285,11.533185381832,
    15.887854638668));
#5264 = CARTESIAN_POINT('',(8.741631866581,11.600629592746,
    15.854883018506));
#5265 = CARTESIAN_POINT('',(8.74587634368,11.665301162955,
    15.817476816926));
#5266 = CARTESIAN_POINT('',(8.752485535713,11.786703690428,
    15.735137170783));
#5267 = CARTESIAN_POINT('',(8.754888571266,11.84357121605,
    15.690388203513));
#5268 = CARTESIAN_POINT('',(8.756503980702,11.896775851729,
    15.641813739797));
#5269 = CARTESIAN_POINT('',(8.757445725209,11.945789252559,
    15.589660151185));
#5270 = CARTESIAN_POINT('',(8.757868309031,11.990056455713,
    15.534230860553));
#5271 = CARTESIAN_POINT('',(8.758016008558,12.076848981087,
    15.404402354568));
#5272 = CARTESIAN_POINT('',(8.757562365676,12.116735610358,
    15.328519043627));
#5273 = CARTESIAN_POINT('',(8.756868997335,12.147662525503,15.2490392102
    ));
#5274 = CARTESIAN_POINT('',(8.756270593769,12.168692003161,
    15.166944430393));
#5275 = CARTESIAN_POINT('',(8.755973706324,12.179200485014,
    15.083461044965));
#5276 = CARTESIAN_POINT('',(8.755973706324,12.179200485014,15.));
#5277 = PCURVE('',#1946,#5278);
#5278 = DEFINITIONAL_REPRESENTATION('',(#5279),#5302);
#5279 = B_SPLINE_CURVE_WITH_KNOTS('',6,(#5280,#5281,#5282,#5283,#5284,
    #5285,#5286,#5287,#5288,#5289,#5290,#5291,#5292,#5293,#5294,#5295,
    #5296,#5297,#5298,#5299,#5300,#5301),.UNSPECIFIED.,.F.,.F.,(7,5,5,5,
    7),(0.,0.188232710902,0.443677265004,0.693581784564,1.),
  .UNSPECIFIED.);
#5280 = CARTESIAN_POINT('',(-0.105057982449,4.712388980473));
#5281 = CARTESIAN_POINT('',(-0.107012925138,4.760759570132));
#5282 = CARTESIAN_POINT('',(-0.108980037608,4.809051341859));
#5283 = CARTESIAN_POINT('',(-0.110952845664,4.857280747777));
#5284 = CARTESIAN_POINT('',(-0.112924815819,4.905465978682));
#5285 = CARTESIAN_POINT('',(-0.114889254808,4.953627354299));
#5286 = CARTESIAN_POINT('',(-0.119485429295,5.067144587156));
#5287 = CARTESIAN_POINT('',(-0.12210487879,5.132497352116));
#5288 = CARTESIAN_POINT('',(-0.124680323741,5.197906423344));
#5289 = CARTESIAN_POINT('',(-0.127193279627,5.263433573057));
#5290 = CARTESIAN_POINT('',(-0.129623540857,5.329145119187));
#5291 = CARTESIAN_POINT('',(-0.134223452055,5.459654363257));
#5292 = CARTESIAN_POINT('',(-0.13639741895,5.5244352792));
#5293 = CARTESIAN_POINT('',(-0.138449788746,5.589530424857));
#5294 = CARTESIAN_POINT('',(-0.140357072366,5.654995654501));
#5295 = CARTESIAN_POINT('',(-0.142093030504,5.720875007434));
#5296 = CARTESIAN_POINT('',(-0.145518273894,5.868492362869));
#5297 = CARTESIAN_POINT('',(-0.147108961356,5.950480171725));
#5298 = CARTESIAN_POINT('',(-0.148353683276,6.033098639954));
#5299 = CARTESIAN_POINT('',(-0.149204423579,6.116241123199));
#5300 = CARTESIAN_POINT('',(-0.149629432653,6.199724262214));
#5301 = CARTESIAN_POINT('',(-0.149629432653,6.28318530718));
#5302 = ( GEOMETRIC_REPRESENTATION_CONTEXT(2) 
PARAMETRIC_REPRESENTATION_CONTEXT() REPRESENTATION_CONTEXT('2D SPACE',''
  ) );
#5303 = PCURVE('',#1975,#5304);
#5304 = DEFINITIONAL_REPRESENTATION('',(#5305),#5348);
#5305 = B_SPLINE_CURVE_WITH_KNOTS('',9,(#5306,#5307,#5308,#5309,#5310,
    #5311,#5312,#5313,#5314,#5315,#5316,#5317,#5318,#5319,#5320,#5321,
    #5322,#5323,#5324,#5325,#5326,#5327,#5328,#5329,#5330,#5331,#5332,
    #5333,#5334,#5335,#5336,#5337,#5338,#5339,#5340,#5341,#5342,#5343,
    #5344,#5345,#5346,#5347),.UNSPECIFIED.,.F.,.F.,(10,8,8,8,8,10),(0.,
    0.25,0.5,0.625,0.75,1.),.UNSPECIFIED.);
#5306 = CARTESIAN_POINT('',(2.089053378873,1.570796326795));
#5307 = CARTESIAN_POINT('',(2.098373941296,1.613625040199));
#5308 = CARTESIAN_POINT('',(2.107947525814,1.65639599121));
#5309 = CARTESIAN_POINT('',(2.117765311582,1.699117831174));
#5310 = CARTESIAN_POINT('',(2.127816990286,1.741800719603));
#5311 = CARTESIAN_POINT('',(2.13809014435,1.784455547708));
#5312 = CARTESIAN_POINT('',(2.148569681801,1.827093583353));
#5313 = CARTESIAN_POINT('',(2.159237327764,1.869726537402));
#5314 = CARTESIAN_POINT('',(2.170071172612,1.912367051488));
#5315 = CARTESIAN_POINT('',(2.192019380885,1.997692162874));
#5316 = CARTESIAN_POINT('',(2.203133725894,2.040376759303));
#5317 = CARTESIAN_POINT('',(2.214361904821,2.083095991935));
#5318 = CARTESIAN_POINT('',(2.225674285096,2.125868298616));
#5319 = CARTESIAN_POINT('',(2.23703360104,2.168701704969));
#5320 = CARTESIAN_POINT('',(2.248399242279,2.211614112829));
#5321 = CARTESIAN_POINT('',(2.259725182746,2.254628347873));
#5322 = CARTESIAN_POINT('',(2.270953728212,2.297748960741));
#5323 = CARTESIAN_POINT('',(2.287559876228,2.362620350599));
#5324 = CARTESIAN_POINT('',(2.293055737369,2.38427562762));
#5325 = CARTESIAN_POINT('',(2.298504361435,2.405964241434));
#5326 = CARTESIAN_POINT('',(2.303897539783,2.427687927595));
#5327 = CARTESIAN_POINT('',(2.309226599483,2.449448298586));
#5328 = CARTESIAN_POINT('',(2.314482432131,2.471246841596));
#5329 = CARTESIAN_POINT('',(2.319655522654,2.493084916288));
#5330 = CARTESIAN_POINT('',(2.324735978124,2.514963752578));
#5331 = CARTESIAN_POINT('',(2.334691135011,2.558805144218));
#5332 = CARTESIAN_POINT('',(2.339566014362,2.580768684071));
#5333 = CARTESIAN_POINT('',(2.344326683721,2.602768690001));
#5334 = CARTESIAN_POINT('',(2.34896707578,2.624832188847));
#5335 = CARTESIAN_POINT('',(2.353467228141,2.646906542961));
#5336 = CARTESIAN_POINT('',(2.357827321242,2.669058125236));
#5337 = CARTESIAN_POINT('',(2.362028877588,2.691243667386));
#5338 = CARTESIAN_POINT('',(2.36606300296,2.713477093927));
#5339 = CARTESIAN_POINT('',(2.37762819148,2.780308048507));
#5340 = CARTESIAN_POINT('',(2.384622216508,2.825037225212));
#5341 = CARTESIAN_POINT('',(2.390810855514,2.869930954042));
#5342 = CARTESIAN_POINT('',(2.396107895258,2.914974744179));
#5343 = CARTESIAN_POINT('',(2.400435336914,2.960149953879));
#5344 = CARTESIAN_POINT('',(2.403728300343,3.005433040042));
#5345 = CARTESIAN_POINT('',(2.405939690317,3.050794372299));
#5346 = CARTESIAN_POINT('',(2.407044624721,3.096196611644));
#5347 = CARTESIAN_POINT('',(2.407044624721,3.14159265359));
#5348 = ( GEOMETRIC_REPRESENTATION_CONTEXT(2) 
PARAMETRIC_REPRESENTATION_CONTEXT() REPRESENTATION_CONTEXT('2D SPACE',''
  ) );
#5349 = ADVANCED_FACE('',(#5350),#2613,.T.);
#5350 = FACE_BOUND('',#5351,.T.);
#5351 = EDGE_LOOP('',(#5352,#5353,#5354,#5452));
#5352 = ORIENTED_EDGE('',*,*,#5151,.F.);
#5353 = ORIENTED_EDGE('',*,*,#2596,.T.);
#5354 = ORIENTED_EDGE('',*,*,#5355,.T.);
#5355 = EDGE_CURVE('',#2568,#3344,#5356,.T.);
#5356 = SURFACE_CURVE('',#5357,(#5380,#5426),.PCURVE_S1.);
#5357 = B_SPLINE_CURVE_WITH_KNOTS('',6,(#5358,#5359,#5360,#5361,#5362,
    #5363,#5364,#5365,#5366,#5367,#5368,#5369,#5370,#5371,#5372,#5373,
    #5374,#5375,#5376,#5377,#5378,#5379),.UNSPECIFIED.,.F.,.F.,(7,5,5,5,
    7),(0.,0.188232710892,0.443677264997,0.69358178456,1.),
  .UNSPECIFIED.);
#5358 = CARTESIAN_POINT('',(0.423341166584,-13.99359790264,16.));
#5359 = CARTESIAN_POINT('',(0.452160512488,-14.04111875377,
    16.000000001498));
#5360 = CARTESIAN_POINT('',(0.481372665898,-14.08848468523,
    15.997192339313));
#5361 = CARTESIAN_POINT('',(0.510883091148,-14.13550855244,
    15.991594188697));
#5362 = CARTESIAN_POINT('',(0.540591074353,-14.18201020654,
    15.983235982702));
#5363 = CARTESIAN_POINT('',(0.570388557846,-14.22781686281,
    15.972159447194));
#5364 = CARTESIAN_POINT('',(0.640559449117,-14.33375906186,
    15.939764351854));
#5365 = CARTESIAN_POINT('',(0.680908595658,-14.3931687197,
    15.916201547649));
#5366 = CARTESIAN_POINT('',(0.720917457409,-14.45058269404,
    15.887854638668));
#5367 = CARTESIAN_POINT('',(0.760262451594,-14.50561048848,
    15.854883018506));
#5368 = CARTESIAN_POINT('',(0.798581077527,-14.55788008275,
    15.817476816926));
#5369 = CARTESIAN_POINT('',(0.871554183141,-14.65512812105,
    15.735137170783));
#5370 = CARTESIAN_POINT('',(0.906267091972,-14.70023581453,
    15.690388203513));
#5371 = CARTESIAN_POINT('',(0.939228897143,-14.74203129521,
    15.641813739797));
#5372 = CARTESIAN_POINT('',(0.970012685759,-14.78018308026,
    15.589660151185));
#5373 = CARTESIAN_POINT('',(0.998143377474,-14.81436535689,
    15.534230860553));
#5374 = CARTESIAN_POINT('',(1.053819392995,-14.88094722808,
    15.404402354568));
#5375 = CARTESIAN_POINT('',(1.079805534692,-14.91121056277,
    15.328519043627));
#5376 = CARTESIAN_POINT('',(1.100216123518,-14.93445626568,15.2490392102
    ));
#5377 = CARTESIAN_POINT('',(1.114192014921,-14.95018113378,
    15.166944430393));
#5378 = CARTESIAN_POINT('',(1.121174165829,-14.95804026234,
    15.083461044965));
#5379 = CARTESIAN_POINT('',(1.121174165829,-14.95804026234,15.));
#5380 = PCURVE('',#2613,#5381);
#5381 = DEFINITIONAL_REPRESENTATION('',(#5382),#5425);
#5382 = B_SPLINE_CURVE_WITH_KNOTS('',9,(#5383,#5384,#5385,#5386,#5387,
    #5388,#5389,#5390,#5391,#5392,#5393,#5394,#5395,#5396,#5397,#5398,
    #5399,#5400,#5401,#5402,#5403,#5404,#5405,#5406,#5407,#5408,#5409,
    #5410,#5411,#5412,#5413,#5414,#5415,#5416,#5417,#5418,#5419,#5420,
    #5421,#5422,#5423,#5424),.UNSPECIFIED.,.F.,.F.,(10,8,8,8,8,10),(0.,
    0.25,0.5,0.625,0.75,1.),.UNSPECIFIED.);
#5383 = CARTESIAN_POINT('',(2.08905337889,1.570796326795));
#5384 = CARTESIAN_POINT('',(2.098373941284,1.613625040242));
#5385 = CARTESIAN_POINT('',(2.10794752582,1.656395991224));
#5386 = CARTESIAN_POINT('',(2.117765311594,1.699117831178));
#5387 = CARTESIAN_POINT('',(2.127816990291,1.741800719618));
#5388 = CARTESIAN_POINT('',(2.138090144348,1.784455547732));
#5389 = CARTESIAN_POINT('',(2.148569681802,1.827093583372));
#5390 = CARTESIAN_POINT('',(2.15923732777,1.869726537412));
#5391 = CARTESIAN_POINT('',(2.170071172615,1.912367051502));
#5392 = CARTESIAN_POINT('',(2.192019380888,1.997692162886));
#5393 = CARTESIAN_POINT('',(2.203133725897,2.040376759316));
#5394 = CARTESIAN_POINT('',(2.214361904824,2.083095991947));
#5395 = CARTESIAN_POINT('',(2.225674285099,2.125868298627));
#5396 = CARTESIAN_POINT('',(2.237033601043,2.16870170498));
#5397 = CARTESIAN_POINT('',(2.248399242283,2.21161411284));
#5398 = CARTESIAN_POINT('',(2.259725182748,2.254628347883));
#5399 = CARTESIAN_POINT('',(2.270953728214,2.297748960751));
#5400 = CARTESIAN_POINT('',(2.28755987623,2.362620350608));
#5401 = CARTESIAN_POINT('',(2.293055737372,2.384275627628));
#5402 = CARTESIAN_POINT('',(2.298504361437,2.405964241443));
#5403 = CARTESIAN_POINT('',(2.303897539785,2.427687927603));
#5404 = CARTESIAN_POINT('',(2.309226599485,2.449448298594));
#5405 = CARTESIAN_POINT('',(2.314482432133,2.471246841603));
#5406 = CARTESIAN_POINT('',(2.319655522656,2.493084916296));
#5407 = CARTESIAN_POINT('',(2.324735978126,2.514963752585));
#5408 = CARTESIAN_POINT('',(2.334691135013,2.558805144225));
#5409 = CARTESIAN_POINT('',(2.339566014363,2.580768684077));
#5410 = CARTESIAN_POINT('',(2.344326683722,2.602768690008));
#5411 = CARTESIAN_POINT('',(2.348967075782,2.624832188852));
#5412 = CARTESIAN_POINT('',(2.353467228142,2.646906542968));
#5413 = CARTESIAN_POINT('',(2.357827321244,2.669058125241));
#5414 = CARTESIAN_POINT('',(2.362028877588,2.691243667392));
#5415 = CARTESIAN_POINT('',(2.366063002961,2.713477093932));
#5416 = CARTESIAN_POINT('',(2.377628191481,2.780308048512));
#5417 = CARTESIAN_POINT('',(2.384622216509,2.825037225216));
#5418 = CARTESIAN_POINT('',(2.390810855515,2.869930954045));
#5419 = CARTESIAN_POINT('',(2.396107895258,2.914974744182));
#5420 = CARTESIAN_POINT('',(2.400435336914,2.960149953882));
#5421 = CARTESIAN_POINT('',(2.403728300344,3.005433040044));
#5422 = CARTESIAN_POINT('',(2.405939690318,3.0507943723));
#5423 = CARTESIAN_POINT('',(2.407044624721,3.096196611645));
#5424 = CARTESIAN_POINT('',(2.407044624721,3.14159265359));
#5425 = ( GEOMETRIC_REPRESENTATION_CONTEXT(2) 
PARAMETRIC_REPRESENTATION_CONTEXT() REPRESENTATION_CONTEXT('2D SPACE',''
  ) );
#5426 = PCURVE('',#2584,#5427);
#5427 = DEFINITIONAL_REPRESENTATION('',(#5428),#5451);
#5428 = B_SPLINE_CURVE_WITH_KNOTS('',6,(#5429,#5430,#5431,#5432,#5433,
    #5434,#5435,#5436,#5437,#5438,#5439,#5440,#5441,#5442,#5443,#5444,
    #5445,#5446,#5447,#5448,#5449,#5450),.UNSPECIFIED.,.F.,.F.,(7,5,5,5,
    7),(0.,0.188232710892,0.443677264997,0.69358178456,1.),
  .UNSPECIFIED.);
#5429 = CARTESIAN_POINT('',(-0.105057982447,4.712388980509));
#5430 = CARTESIAN_POINT('',(-0.107012925142,4.760759570121));
#5431 = CARTESIAN_POINT('',(-0.108980037607,4.809051341883));
#5432 = CARTESIAN_POINT('',(-0.110952845662,4.857280747797));
#5433 = CARTESIAN_POINT('',(-0.112924815821,4.905465978678));
#5434 = CARTESIAN_POINT('',(-0.114889254808,4.953627354302));
#5435 = CARTESIAN_POINT('',(-0.119485429295,5.067144587156));
#5436 = CARTESIAN_POINT('',(-0.12210487879,5.132497352116));
#5437 = CARTESIAN_POINT('',(-0.124680323741,5.197906423344));
#5438 = CARTESIAN_POINT('',(-0.127193279627,5.263433573057));
#5439 = CARTESIAN_POINT('',(-0.129623540857,5.329145119187));
#5440 = CARTESIAN_POINT('',(-0.134223452055,5.459654363257));
#5441 = CARTESIAN_POINT('',(-0.13639741895,5.5244352792));
#5442 = CARTESIAN_POINT('',(-0.138449788746,5.589530424857));
#5443 = CARTESIAN_POINT('',(-0.140357072366,5.654995654501));
#5444 = CARTESIAN_POINT('',(-0.142093030504,5.720875007434));
#5445 = CARTESIAN_POINT('',(-0.145518273894,5.868492362869));
#5446 = CARTESIAN_POINT('',(-0.147108961356,5.950480171725));
#5447 = CARTESIAN_POINT('',(-0.148353683276,6.033098639954));
#5448 = CARTESIAN_POINT('',(-0.149204423579,6.116241123199));
#5449 = CARTESIAN_POINT('',(-0.149629432653,6.199724262214));
#5450 = CARTESIAN_POINT('',(-0.149629432653,6.28318530718));
#5451 = ( GEOMETRIC_REPRESENTATION_CONTEXT(2) 
PARAMETRIC_REPRESENTATION_CONTEXT() REPRESENTATION_CONTEXT('2D SPACE',''
  ) );
#5452 = ORIENTED_EDGE('',*,*,#3364,.F.);
#5453 = ADVANCED_FACE('',(#5454),#1975,.T.);
#5454 = FACE_BOUND('',#5455,.T.);
#5455 = EDGE_LOOP('',(#5456,#5549,#5550,#5551));
#5456 = ORIENTED_EDGE('',*,*,#5457,.F.);
#5457 = EDGE_CURVE('',#1959,#3105,#5458,.T.);
#5458 = SURFACE_CURVE('',#5459,(#5482,#5523),.PCURVE_S1.);
#5459 = B_SPLINE_CURVE_WITH_KNOTS('',6,(#5460,#5461,#5462,#5463,#5464,
    #5465,#5466,#5467,#5468,#5469,#5470,#5471,#5472,#5473,#5474,#5475,
    #5476,#5477,#5478,#5479,#5480,#5481),.UNSPECIFIED.,.F.,.F.,(7,5,5,5,
    7),(0.,0.188441946205,0.44550577347,0.696938831199,1.),
  .UNSPECIFIED.);
#5460 = CARTESIAN_POINT('',(5.18390293064,13.004889480718,16.));
#5461 = CARTESIAN_POINT('',(5.227285631244,13.039726451603,
    16.000000001511));
#5462 = CARTESIAN_POINT('',(5.270985169421,13.074282872492,
    15.997186078884));
#5463 = CARTESIAN_POINT('',(5.314848191851,13.108414738974,
    15.991575465032));
#5464 = CARTESIAN_POINT('',(5.358717917596,13.141986771277,
    15.983198709466));
#5465 = CARTESIAN_POINT('',(5.402433162473,13.174873163716,
    15.972097702844));
#5466 = CARTESIAN_POINT('',(5.505023734573,13.250727446433,
    15.939533843062));
#5467 = CARTESIAN_POINT('',(5.563620508194,13.293004095574,
    15.915770410862));
#5468 = CARTESIAN_POINT('',(5.621198154865,13.333496716124,
    15.887163336175));
#5469 = CARTESIAN_POINT('',(5.677310432527,13.371944413775,
    15.853875316376));
#5470 = CARTESIAN_POINT('',(5.731479989128,13.40811771984,
    15.816100596679));
#5471 = CARTESIAN_POINT('',(5.833775189678,13.474782765543,
    15.732947689228));
#5472 = CARTESIAN_POINT('',(5.882002816539,13.505378515804,
    15.687757925092));
#5473 = CARTESIAN_POINT('',(5.927400267409,13.533423831315,
    15.638703950444));
#5474 = CARTESIAN_POINT('',(5.969442299804,13.558750684495,
    15.586037988459));
#5475 = CARTESIAN_POINT('',(6.007559355643,13.581213338417,
    15.53007136793));
#5476 = CARTESIAN_POINT('',(6.081745693354,13.624154244018,
    15.400240481996));
#5477 = CARTESIAN_POINT('',(6.115802529349,13.643287298727,
    15.325033581622));
#5478 = CARTESIAN_POINT('',(6.142355308895,13.657829149875,
    15.24633965041));
#5479 = CARTESIAN_POINT('',(6.160462728891,13.667607745355,
    15.165114208954));
#5480 = CARTESIAN_POINT('',(6.169510164643,13.672495907052,
    15.082546239443));
#5481 = CARTESIAN_POINT('',(6.169510164643,13.672495907052,15.));
#5482 = PCURVE('',#1975,#5483);
#5483 = DEFINITIONAL_REPRESENTATION('',(#5484),#5522);
#5484 = B_SPLINE_CURVE_WITH_KNOTS('',8,(#5485,#5486,#5487,#5488,#5489,
    #5490,#5491,#5492,#5493,#5494,#5495,#5496,#5497,#5498,#5499,#5500,
    #5501,#5502,#5503,#5504,#5505,#5506,#5507,#5508,#5509,#5510,#5511,
    #5512,#5513,#5514,#5515,#5516,#5517,#5518,#5519,#5520,#5521),
  .UNSPECIFIED.,.F.,.F.,(9,7,7,7,7,9),(0.,0.25,0.5,0.625,0.75,1.),
  .UNSPECIFIED.);
#5485 = CARTESIAN_POINT('',(0.317991245844,1.570796326801));
#5486 = CARTESIAN_POINT('',(0.307505585056,1.618978758568));
#5487 = CARTESIAN_POINT('',(0.296694610697,1.667086915318));
#5488 = CARTESIAN_POINT('',(0.285571547093,1.715133800372));
#5489 = CARTESIAN_POINT('',(0.274152308444,1.763135085213));
#5490 = CARTESIAN_POINT('',(0.262456883089,1.811107418967));
#5491 = CARTESIAN_POINT('',(0.250510558397,1.859067960952));
#5492 = CARTESIAN_POINT('',(0.238344986296,1.907035136268));
#5493 = CARTESIAN_POINT('',(0.213653192548,2.003026092613));
#5494 = CARTESIAN_POINT('',(0.201126961187,2.051050003283));
#5495 = CARTESIAN_POINT('',(0.188460132384,2.099120743629));
#5496 = CARTESIAN_POINT('',(0.175697781316,2.147269064583));
#5497 = CARTESIAN_POINT('',(0.162901600141,2.195496203351));
#5498 = CARTESIAN_POINT('',(0.150131766131,2.243854426954));
#5499 = CARTESIAN_POINT('',(0.137474254181,2.292344881663));
#5500 = CARTESIAN_POINT('',(0.11879230439,2.365325376487));
#5501 = CARTESIAN_POINT('',(0.112615803922,2.389692678427));
#5502 = CARTESIAN_POINT('',(0.106501689726,2.414103245928));
#5503 = CARTESIAN_POINT('',(0.100462421391,2.438559650901));
#5504 = CARTESIAN_POINT('',(9.451128278787E-02,2.463064237825));
#5505 = CARTESIAN_POINT('',(8.866231689888E-02,2.487619119621));
#5506 = CARTESIAN_POINT('',(8.293026065144E-02,2.512226173534));
#5507 = CARTESIAN_POINT('',(7.173069884687E-02,2.561547900485));
#5508 = CARTESIAN_POINT('',(6.626315681989E-02,2.586262705848));
#5509 = CARTESIAN_POINT('',(6.094351283615E-02,2.611031378805));
#5510 = CARTESIAN_POINT('',(5.578609430613E-02,2.635864015246));
#5511 = CARTESIAN_POINT('',(5.081168730098E-02,2.660737020408));
#5512 = CARTESIAN_POINT('',(4.603002101753E-02,2.685690454883));
#5513 = CARTESIAN_POINT('',(4.146321812452E-02,2.710694026671));
#5514 = CARTESIAN_POINT('',(2.845254912961E-02,2.785878161155));
#5515 = CARTESIAN_POINT('',(2.069939161335E-02,2.836226529691));
#5516 = CARTESIAN_POINT('',(1.400081457638E-02,2.886784320216));
#5517 = CARTESIAN_POINT('',(8.485281707773E-03,2.937528517133));
#5518 = CARTESIAN_POINT('',(4.264116241213E-03,2.988428527892));
#5519 = CARTESIAN_POINT('',(1.420627409285E-03,3.039444166162));
#5520 = CARTESIAN_POINT('',(8.830727206349E-09,3.090522369802));
#5521 = CARTESIAN_POINT('',(8.830727255341E-09,3.14159265359));
#5522 = ( GEOMETRIC_REPRESENTATION_CONTEXT(2) 
PARAMETRIC_REPRESENTATION_CONTEXT() REPRESENTATION_CONTEXT('2D SPACE',''
  ) );
#5523 = PCURVE('',#2004,#5524);
#5524 = DEFINITIONAL_REPRESENTATION('',(#5525),#5548);
#5525 = B_SPLINE_CURVE_WITH_KNOTS('',6,(#5526,#5527,#5528,#5529,#5530,
    #5531,#5532,#5533,#5534,#5535,#5536,#5537,#5538,#5539,#5540,#5541,
    #5542,#5543,#5544,#5545,#5546,#5547),.UNSPECIFIED.,.F.,.F.,(7,5,5,5,
    7),(0.,0.188441946205,0.44550577347,0.696938831199,1.),
  .UNSPECIFIED.);
#5526 = CARTESIAN_POINT('',(-4.457145262818E-02,4.712388980385));
#5527 = CARTESIAN_POINT('',(-4.261433162911E-02,4.760813467625));
#5528 = CARTESIAN_POINT('',(-4.064501372055E-02,4.809158960359));
#5529 = CARTESIAN_POINT('',(-3.866999476129E-02,4.857441967001));
#5530 = CARTESIAN_POINT('',(-3.66958301483E-02,4.905680741191));
#5531 = CARTESIAN_POINT('',(-3.472923590578E-02,4.953895674833));
#5532 = CARTESIAN_POINT('',(-3.011429831211E-02,5.067881032436));
#5533 = CARTESIAN_POINT('',(-2.747857819999E-02,5.133648353239));
#5534 = CARTESIAN_POINT('',(-2.488759212274E-02,5.199473310885));
#5535 = CARTESIAN_POINT('',(-2.236019055821E-02,5.265418900086));
#5536 = CARTESIAN_POINT('',(-1.991699511264E-02,5.331552740696));
#5537 = CARTESIAN_POINT('',(-1.529593921993E-02,5.462893605483));
#5538 = CARTESIAN_POINT('',(-1.31136360928E-02,5.528083341656));
#5539 = CARTESIAN_POINT('',(-1.105522591263E-02,5.593593523568));
#5540 = CARTESIAN_POINT('',(-9.144703696452E-03,5.65948066782));
#5541 = CARTESIAN_POINT('',(-7.408882097486E-03,5.725788929843));
#5542 = CARTESIAN_POINT('',(-4.024430450806E-03,5.872985085055));
#5543 = CARTESIAN_POINT('',(-2.466208169264E-03,5.954101705544));
#5544 = CARTESIAN_POINT('',(-1.247915185904E-03,6.035832310839));
#5545 = CARTESIAN_POINT('',(-4.1575662447E-04,6.118071325965));
#5546 = CARTESIAN_POINT('',(-1.33226762955E-14,6.200639067737));
#5547 = CARTESIAN_POINT('',(-1.33226762955E-14,6.28318530718));
#5548 = ( GEOMETRIC_REPRESENTATION_CONTEXT(2) 
PARAMETRIC_REPRESENTATION_CONTEXT() REPRESENTATION_CONTEXT('2D SPACE',''
  ) );
#5549 = ORIENTED_EDGE('',*,*,#1958,.T.);
#5550 = ORIENTED_EDGE('',*,*,#5252,.T.);
#5551 = ORIENTED_EDGE('',*,*,#3104,.F.);
#5552 = ADVANCED_FACE('',(#5553),#2584,.T.);
#5553 = FACE_BOUND('',#5554,.F.);
#5554 = EDGE_LOOP('',(#5555,#5556,#5649,#5650));
#5555 = ORIENTED_EDGE('',*,*,#3440,.F.);
#5556 = ORIENTED_EDGE('',*,*,#5557,.F.);
#5557 = EDGE_CURVE('',#2539,#3441,#5558,.T.);
#5558 = SURFACE_CURVE('',#5559,(#5582,#5608),.PCURVE_S1.);
#5559 = B_SPLINE_CURVE_WITH_KNOTS('',6,(#5560,#5561,#5562,#5563,#5564,
    #5565,#5566,#5567,#5568,#5569,#5570,#5571,#5572,#5573,#5574,#5575,
    #5576,#5577,#5578,#5579,#5580,#5581),.UNSPECIFIED.,.F.,.F.,(7,5,5,5,
    7),(0.,0.188441946205,0.44550577347,0.696938831199,1.),
  .UNSPECIFIED.);
#5560 = CARTESIAN_POINT('',(-0.423341166663,-13.99359790249,16.));
#5561 = CARTESIAN_POINT('',(-0.452192624516,-14.04117170444,
    16.000000001511));
#5562 = CARTESIAN_POINT('',(-0.481437766046,-14.08859024046,
    15.997186078884));
#5563 = CARTESIAN_POINT('',(-0.510981738684,-14.13566574074,
    15.991575465032));
#5564 = CARTESIAN_POINT('',(-0.540723484942,-14.18221746165,
    15.983198709466));
#5565 = CARTESIAN_POINT('',(-0.570554569314,-14.22807205627,
    15.972097702844));
#5566 = CARTESIAN_POINT('',(-0.641014480232,-14.33443980816,
    15.939533843062));
#5567 = CARTESIAN_POINT('',(-0.681617970406,-14.3942081403,
    15.915770410862));
#5568 = CARTESIAN_POINT('',(-0.721873968221,-14.451951472,
    15.887163336175));
#5569 = CARTESIAN_POINT('',(-0.761452374415,-14.50727201902,
    15.853875316376));
#5570 = CARTESIAN_POINT('',(-0.799983107698,-14.55979088731,
    15.816100596679));
#5571 = CARTESIAN_POINT('',(-0.873308364311,-14.65742255797,
    15.732947689228));
#5572 = CARTESIAN_POINT('',(-0.908163146501,-14.70266797857,
    15.687757925092));
#5573 = CARTESIAN_POINT('',(-0.941230733255,-14.74454879726,
    15.638703950444));
#5574 = CARTESIAN_POINT('',(-0.972075026905,-14.78272747624,
    15.586037988459));
#5575 = CARTESIAN_POINT('',(-1.000210662889,-14.81687226728,
    15.53007136793));
#5576 = CARTESIAN_POINT('',(-1.055236362311,-14.88259674126,
    15.400240481996));
#5577 = CARTESIAN_POINT('',(-1.080695429669,-14.91222405551,
    15.325033581623));
#5578 = CARTESIAN_POINT('',(-1.100673274656,-14.93497051119,
    15.246339650409));
#5579 = CARTESIAN_POINT('',(-1.11434420698,-14.95035248759,
    15.165114208955));
#5580 = CARTESIAN_POINT('',(-1.121174165829,-14.95804026234,
    15.082546239443));
#5581 = CARTESIAN_POINT('',(-1.121174165829,-14.95804026234,15.));
#5582 = PCURVE('',#2584,#5583);
#5583 = DEFINITIONAL_REPRESENTATION('',(#5584),#5607);
#5584 = B_SPLINE_CURVE_WITH_KNOTS('',6,(#5585,#5586,#5587,#5588,#5589,
    #5590,#5591,#5592,#5593,#5594,#5595,#5596,#5597,#5598,#5599,#5600,
    #5601,#5602,#5603,#5604,#5605,#5606),.UNSPECIFIED.,.F.,.F.,(7,5,5,5,
    7),(0.,0.188441946205,0.44550577347,0.696938831199,1.),
  .UNSPECIFIED.);
#5585 = CARTESIAN_POINT('',(-4.457145262819E-02,4.712388980385));
#5586 = CARTESIAN_POINT('',(-4.261433162908E-02,4.760813467625));
#5587 = CARTESIAN_POINT('',(-4.064501372056E-02,4.809158960359));
#5588 = CARTESIAN_POINT('',(-3.86699947613E-02,4.857441967001));
#5589 = CARTESIAN_POINT('',(-3.669583014829E-02,4.905680741191));
#5590 = CARTESIAN_POINT('',(-3.472923590578E-02,4.953895674833));
#5591 = CARTESIAN_POINT('',(-3.011429831211E-02,5.067881032436));
#5592 = CARTESIAN_POINT('',(-2.747857819998E-02,5.133648353239));
#5593 = CARTESIAN_POINT('',(-2.488759212274E-02,5.199473310885));
#5594 = CARTESIAN_POINT('',(-2.23601905582E-02,5.265418900086));
#5595 = CARTESIAN_POINT('',(-1.991699511263E-02,5.331552740696));
#5596 = CARTESIAN_POINT('',(-1.529593921993E-02,5.462893605483));
#5597 = CARTESIAN_POINT('',(-1.311363609279E-02,5.528083341656));
#5598 = CARTESIAN_POINT('',(-1.105522591262E-02,5.593593523568));
#5599 = CARTESIAN_POINT('',(-9.144703696449E-03,5.65948066782));
#5600 = CARTESIAN_POINT('',(-7.408882097481E-03,5.725788929843));
#5601 = CARTESIAN_POINT('',(-4.024430450799E-03,5.872985085055));
#5602 = CARTESIAN_POINT('',(-2.466208169267E-03,5.954101705543));
#5603 = CARTESIAN_POINT('',(-1.247915185893E-03,6.035832310839));
#5604 = CARTESIAN_POINT('',(-4.157566244682E-04,6.118071325965));
#5605 = CARTESIAN_POINT('',(-8.881784197001E-15,6.200639067737));
#5606 = CARTESIAN_POINT('',(-8.881784197001E-15,6.28318530718));
#5607 = ( GEOMETRIC_REPRESENTATION_CONTEXT(2) 
PARAMETRIC_REPRESENTATION_CONTEXT() REPRESENTATION_CONTEXT('2D SPACE',''
  ) );
#5608 = PCURVE('',#2555,#5609);
#5609 = DEFINITIONAL_REPRESENTATION('',(#5610),#5648);
#5610 = B_SPLINE_CURVE_WITH_KNOTS('',8,(#5611,#5612,#5613,#5614,#5615,
    #5616,#5617,#5618,#5619,#5620,#5621,#5622,#5623,#5624,#5625,#5626,
    #5627,#5628,#5629,#5630,#5631,#5632,#5633,#5634,#5635,#5636,#5637,
    #5638,#5639,#5640,#5641,#5642,#5643,#5644,#5645,#5646,#5647),
  .UNSPECIFIED.,.F.,.F.,(9,7,7,7,7,9),(0.,0.25,0.5,0.625,0.75,1.),
  .UNSPECIFIED.);
#5611 = CARTESIAN_POINT('',(0.317991245844,1.570796326801));
#5612 = CARTESIAN_POINT('',(0.307505585057,1.618978758569));
#5613 = CARTESIAN_POINT('',(0.296694610697,1.667086915318));
#5614 = CARTESIAN_POINT('',(0.285571547093,1.715133800372));
#5615 = CARTESIAN_POINT('',(0.274152308444,1.763135085213));
#5616 = CARTESIAN_POINT('',(0.262456883089,1.811107418967));
#5617 = CARTESIAN_POINT('',(0.250510558397,1.859067960952));
#5618 = CARTESIAN_POINT('',(0.238344986296,1.907035136268));
#5619 = CARTESIAN_POINT('',(0.213653192548,2.003026092613));
#5620 = CARTESIAN_POINT('',(0.201126961187,2.051050003283));
#5621 = CARTESIAN_POINT('',(0.188460132384,2.099120743629));
#5622 = CARTESIAN_POINT('',(0.175697781316,2.147269064583));
#5623 = CARTESIAN_POINT('',(0.162901600141,2.195496203352));
#5624 = CARTESIAN_POINT('',(0.150131766131,2.243854426954));
#5625 = CARTESIAN_POINT('',(0.137474254181,2.292344881664));
#5626 = CARTESIAN_POINT('',(0.11879230439,2.365325376487));
#5627 = CARTESIAN_POINT('',(0.112615803922,2.389692678427));
#5628 = CARTESIAN_POINT('',(0.106501689726,2.414103245928));
#5629 = CARTESIAN_POINT('',(0.100462421391,2.438559650901));
#5630 = CARTESIAN_POINT('',(9.451128278785E-02,2.463064237825));
#5631 = CARTESIAN_POINT('',(8.866231689886E-02,2.487619119621));
#5632 = CARTESIAN_POINT('',(8.293026065142E-02,2.512226173534));
#5633 = CARTESIAN_POINT('',(7.173069884684E-02,2.561547900486));
#5634 = CARTESIAN_POINT('',(6.626315681987E-02,2.586262705849));
#5635 = CARTESIAN_POINT('',(6.09435128361E-02,2.611031378805));
#5636 = CARTESIAN_POINT('',(5.578609430615E-02,2.635864015246));
#5637 = CARTESIAN_POINT('',(5.081168730092E-02,2.660737020409));
#5638 = CARTESIAN_POINT('',(4.603002101751E-02,2.685690454883));
#5639 = CARTESIAN_POINT('',(4.146321812451E-02,2.710694026671));
#5640 = CARTESIAN_POINT('',(2.845254912961E-02,2.785878161155));
#5641 = CARTESIAN_POINT('',(2.069939161335E-02,2.836226529692));
#5642 = CARTESIAN_POINT('',(1.400081457639E-02,2.886784320216));
#5643 = CARTESIAN_POINT('',(8.48528170778E-03,2.937528517134));
#5644 = CARTESIAN_POINT('',(4.264116241228E-03,2.988428527892));
#5645 = CARTESIAN_POINT('',(1.420627409307E-03,3.039444166162));
#5646 = CARTESIAN_POINT('',(8.830749398293E-09,3.090522369803));
#5647 = CARTESIAN_POINT('',(8.830749468475E-09,3.14159265359));
#5648 = ( GEOMETRIC_REPRESENTATION_CONTEXT(2) 
PARAMETRIC_REPRESENTATION_CONTEXT() REPRESENTATION_CONTEXT('2D SPACE',''
  ) );
#5649 = ORIENTED_EDGE('',*,*,#2567,.T.);
#5650 = ORIENTED_EDGE('',*,*,#5355,.T.);
#5651 = ADVANCED_FACE('',(#5652),#2004,.T.);
#5652 = FACE_BOUND('',#5653,.F.);
#5653 = EDGE_LOOP('',(#5654,#5655,#5656,#5657));
#5654 = ORIENTED_EDGE('',*,*,#3220,.F.);
#5655 = ORIENTED_EDGE('',*,*,#5457,.F.);
#5656 = ORIENTED_EDGE('',*,*,#1987,.T.);
#5657 = ORIENTED_EDGE('',*,*,#5658,.T.);
#5658 = EDGE_CURVE('',#1988,#3200,#5659,.T.);
#5659 = SURFACE_CURVE('',#5660,(#5683,#5709),.PCURVE_S1.);
#5660 = B_SPLINE_CURVE_WITH_KNOTS('',6,(#5661,#5662,#5663,#5664,#5665,
    #5666,#5667,#5668,#5669,#5670,#5671,#5672,#5673,#5674,#5675,#5676,
    #5677,#5678,#5679,#5680,#5681,#5682),.UNSPECIFIED.,.F.,.F.,(7,5,5,5,
    7),(0.,0.188232710943,0.443677265032,0.693581784579,1.),
  .UNSPECIFIED.);
#5661 = CARTESIAN_POINT('',(4.388281789819,13.294471893684,16.));
#5662 = CARTESIAN_POINT('',(4.377453551954,13.348983683748,
    16.000000001503));
#5663 = CARTESIAN_POINT('',(4.366203209172,13.403484244858,
    15.99719233932));
#5664 = CARTESIAN_POINT('',(4.354555590143,13.457765385765,
    15.991594188706));
#5665 = CARTESIAN_POINT('',(4.342543720179,13.51162337571,15.98323598271
    ));
#5666 = CARTESIAN_POINT('',(4.330210043846,13.564858892168,
    15.972159447199));
#5667 = CARTESIAN_POINT('',(4.300505341225,13.688411853154,
    15.939764351854));
#5668 = CARTESIAN_POINT('',(4.282908845654,13.758038891112,
    15.916201547649));
#5669 = CARTESIAN_POINT('',(4.264949549232,13.825674215757,
    15.887854638668));
#5670 = CARTESIAN_POINT('',(4.246797962675,13.890840208682,
    15.854883018506));
#5671 = CARTESIAN_POINT('',(4.228667486772,13.953063302648,
    15.817476816926));
#5672 = CARTESIAN_POINT('',(4.193355985908,14.069404838665,
    15.735137170783));
#5673 = CARTESIAN_POINT('',(4.176164261421,14.123664719419,
    15.690388203513));
#5674 = CARTESIAN_POINT('',(4.159485192627,14.174213225525,
    15.641813739797));
#5675 = CARTESIAN_POINT('',(4.143606572614,14.220592852196,
    15.589660151185));
#5676 = CARTESIAN_POINT('',(4.128863396345,14.262334948522,
    15.534230860553));
#5677 = CARTESIAN_POINT('',(4.099317396533,14.343943760369,
    15.404402354568));
#5678 = CARTESIAN_POINT('',(4.085249081004,14.381269776559,
    15.328519043627));
#5679 = CARTESIAN_POINT('',(4.07401989994,14.410094424566,15.2490392102)
  );
#5680 = CARTESIAN_POINT('',(4.066265079562,14.429651003466,
    15.166944430393));
#5681 = CARTESIAN_POINT('',(4.062391984152,14.439424204832,
    15.083461044965));
#5682 = CARTESIAN_POINT('',(4.062391984152,14.439424204832,15.));
#5683 = PCURVE('',#2004,#5684);
#5684 = DEFINITIONAL_REPRESENTATION('',(#5685),#5708);
#5685 = B_SPLINE_CURVE_WITH_KNOTS('',6,(#5686,#5687,#5688,#5689,#5690,
    #5691,#5692,#5693,#5694,#5695,#5696,#5697,#5698,#5699,#5700,#5701,
    #5702,#5703,#5704,#5705,#5706,#5707),.UNSPECIFIED.,.F.,.F.,(7,5,5,5,
    7),(0.,0.188232710943,0.443677265032,0.693581784579,1.),
  .UNSPECIFIED.);
#5686 = CARTESIAN_POINT('',(-0.105057982456,4.712388980314));
#5687 = CARTESIAN_POINT('',(-0.107012925118,4.760759570183));
#5688 = CARTESIAN_POINT('',(-0.108980037613,4.809051341751));
#5689 = CARTESIAN_POINT('',(-0.110952845668,4.857280747689));
#5690 = CARTESIAN_POINT('',(-0.112924815812,4.905465978698));
#5691 = CARTESIAN_POINT('',(-0.114889254808,4.953627354286));
#5692 = CARTESIAN_POINT('',(-0.119485429295,5.067144587156));
#5693 = CARTESIAN_POINT('',(-0.12210487879,5.132497352116));
#5694 = CARTESIAN_POINT('',(-0.124680323741,5.197906423344));
#5695 = CARTESIAN_POINT('',(-0.127193279627,5.263433573057));
#5696 = CARTESIAN_POINT('',(-0.129623540857,5.329145119187));
#5697 = CARTESIAN_POINT('',(-0.134223452055,5.459654363257));
#5698 = CARTESIAN_POINT('',(-0.13639741895,5.5244352792));
#5699 = CARTESIAN_POINT('',(-0.138449788746,5.589530424857));
#5700 = CARTESIAN_POINT('',(-0.140357072366,5.654995654501));
#5701 = CARTESIAN_POINT('',(-0.142093030504,5.720875007434));
#5702 = CARTESIAN_POINT('',(-0.145518273894,5.868492362869));
#5703 = CARTESIAN_POINT('',(-0.147108961356,5.950480171725));
#5704 = CARTESIAN_POINT('',(-0.148353683276,6.033098639953));
#5705 = CARTESIAN_POINT('',(-0.149204423579,6.116241123199));
#5706 = CARTESIAN_POINT('',(-0.149629432653,6.199724262214));
#5707 = CARTESIAN_POINT('',(-0.149629432653,6.28318530718));
#5708 = ( GEOMETRIC_REPRESENTATION_CONTEXT(2) 
PARAMETRIC_REPRESENTATION_CONTEXT() REPRESENTATION_CONTEXT('2D SPACE',''
  ) );
#5709 = PCURVE('',#2033,#5710);
#5710 = DEFINITIONAL_REPRESENTATION('',(#5711),#5754);
#5711 = B_SPLINE_CURVE_WITH_KNOTS('',9,(#5712,#5713,#5714,#5715,#5716,
    #5717,#5718,#5719,#5720,#5721,#5722,#5723,#5724,#5725,#5726,#5727,
    #5728,#5729,#5730,#5731,#5732,#5733,#5734,#5735,#5736,#5737,#5738,
    #5739,#5740,#5741,#5742,#5743,#5744,#5745,#5746,#5747,#5748,#5749,
    #5750,#5751,#5752,#5753),.UNSPECIFIED.,.F.,.F.,(10,8,8,8,8,10),(0.,
    0.25,0.5,0.625,0.75,1.),.UNSPECIFIED.);
#5712 = CARTESIAN_POINT('',(2.089053378802,1.570796326795));
#5713 = CARTESIAN_POINT('',(2.098373941347,1.613625040012));
#5714 = CARTESIAN_POINT('',(2.107947525787,1.656395991147));
#5715 = CARTESIAN_POINT('',(2.117765311529,1.699117831156));
#5716 = CARTESIAN_POINT('',(2.127816990265,1.741800719538));
#5717 = CARTESIAN_POINT('',(2.138090144356,1.784455547604));
#5718 = CARTESIAN_POINT('',(2.148569681796,1.827093583269));
#5719 = CARTESIAN_POINT('',(2.159237327737,1.869726537357));
#5720 = CARTESIAN_POINT('',(2.170071172596,1.912367051427));
#5721 = CARTESIAN_POINT('',(2.19201938087,1.997692162817));
#5722 = CARTESIAN_POINT('',(2.20313372588,2.040376759248));
#5723 = CARTESIAN_POINT('',(2.214361904807,2.083095991883));
#5724 = CARTESIAN_POINT('',(2.225674285082,2.125868298566));
#5725 = CARTESIAN_POINT('',(2.237033601027,2.168701704921));
#5726 = CARTESIAN_POINT('',(2.248399242268,2.211614112783));
#5727 = CARTESIAN_POINT('',(2.259725182734,2.254628347829));
#5728 = CARTESIAN_POINT('',(2.270953728201,2.297748960699));
#5729 = CARTESIAN_POINT('',(2.287559876218,2.36262035056));
#5730 = CARTESIAN_POINT('',(2.29305573736,2.384275627582));
#5731 = CARTESIAN_POINT('',(2.298504361426,2.405964241398));
#5732 = CARTESIAN_POINT('',(2.303897539774,2.42768792756));
#5733 = CARTESIAN_POINT('',(2.309226599475,2.449448298552));
#5734 = CARTESIAN_POINT('',(2.314482432123,2.471246841562));
#5735 = CARTESIAN_POINT('',(2.319655522646,2.493084916256));
#5736 = CARTESIAN_POINT('',(2.324735978117,2.514963752547));
#5737 = CARTESIAN_POINT('',(2.334691135005,2.558805144189));
#5738 = CARTESIAN_POINT('',(2.339566014356,2.580768684043));
#5739 = CARTESIAN_POINT('',(2.344326683716,2.602768689974));
#5740 = CARTESIAN_POINT('',(2.348967075775,2.624832188822));
#5741 = CARTESIAN_POINT('',(2.353467228137,2.646906542937));
#5742 = CARTESIAN_POINT('',(2.357827321238,2.669058125213));
#5743 = CARTESIAN_POINT('',(2.362028877584,2.691243667364));
#5744 = CARTESIAN_POINT('',(2.366063002956,2.713477093906));
#5745 = CARTESIAN_POINT('',(2.377628191477,2.780308048489));
#5746 = CARTESIAN_POINT('',(2.384622216506,2.825037225197));
#5747 = CARTESIAN_POINT('',(2.390810855513,2.869930954028));
#5748 = CARTESIAN_POINT('',(2.396107895257,2.914974744167));
#5749 = CARTESIAN_POINT('',(2.400435336913,2.96014995387));
#5750 = CARTESIAN_POINT('',(2.403728300343,3.005433040035));
#5751 = CARTESIAN_POINT('',(2.405939690317,3.050794372295));
#5752 = CARTESIAN_POINT('',(2.407044624721,3.096196611642));
#5753 = CARTESIAN_POINT('',(2.407044624721,3.14159265359));
#5754 = ( GEOMETRIC_REPRESENTATION_CONTEXT(2) 
PARAMETRIC_REPRESENTATION_CONTEXT() REPRESENTATION_CONTEXT('2D SPACE',''
  ) );
#5755 = ADVANCED_FACE('',(#5756),#2555,.T.);
#5756 = FACE_BOUND('',#5757,.T.);
#5757 = EDGE_LOOP('',(#5758,#5759,#5760,#5858));
#5758 = ORIENTED_EDGE('',*,*,#5557,.F.);
#5759 = ORIENTED_EDGE('',*,*,#2538,.T.);
#5760 = ORIENTED_EDGE('',*,*,#5761,.T.);
#5761 = EDGE_CURVE('',#2510,#3536,#5762,.T.);
#5762 = SURFACE_CURVE('',#5763,(#5786,#5832),.PCURVE_S1.);
#5763 = B_SPLINE_CURVE_WITH_KNOTS('',6,(#5764,#5765,#5766,#5767,#5768,
    #5769,#5770,#5771,#5772,#5773,#5774,#5775,#5776,#5777,#5778,#5779,
    #5780,#5781,#5782,#5783,#5784,#5785),.UNSPECIFIED.,.F.,.F.,(7,5,5,5,
    7),(0.,0.188232710944,0.443677265032,0.693581784579,1.),
  .UNSPECIFIED.);
#5764 = CARTESIAN_POINT('',(-4.388281789818,-13.29447189368,16.));
#5765 = CARTESIAN_POINT('',(-4.377453551956,-13.34898368374,
    16.000000001503));
#5766 = CARTESIAN_POINT('',(-4.366203209171,-13.40348424485,
    15.99719233932));
#5767 = CARTESIAN_POINT('',(-4.354555590143,-13.45776538576,
    15.991594188706));
#5768 = CARTESIAN_POINT('',(-4.34254372018,-13.51162337571,
    15.98323598271));
#5769 = CARTESIAN_POINT('',(-4.330210043846,-13.56485889216,
    15.972159447199));
#5770 = CARTESIAN_POINT('',(-4.300505341226,-13.68841185315,
    15.939764351854));
#5771 = CARTESIAN_POINT('',(-4.282908845654,-13.75803889111,
    15.916201547649));
#5772 = CARTESIAN_POINT('',(-4.264949549232,-13.82567421575,
    15.887854638668));
#5773 = CARTESIAN_POINT('',(-4.246797962675,-13.89084020868,
    15.854883018506));
#5774 = CARTESIAN_POINT('',(-4.228667486772,-13.95306330264,
    15.817476816926));
#5775 = CARTESIAN_POINT('',(-4.193355985908,-14.06940483866,
    15.735137170783));
#5776 = CARTESIAN_POINT('',(-4.176164261421,-14.12366471941,
    15.690388203513));
#5777 = CARTESIAN_POINT('',(-4.159485192627,-14.17421322552,
    15.641813739797));
#5778 = CARTESIAN_POINT('',(-4.143606572614,-14.22059285219,
    15.589660151185));
#5779 = CARTESIAN_POINT('',(-4.128863396345,-14.26233494852,
    15.534230860553));
#5780 = CARTESIAN_POINT('',(-4.099317396533,-14.34394376036,
    15.404402354568));
#5781 = CARTESIAN_POINT('',(-4.085249081004,-14.38126977655,
    15.328519043626));
#5782 = CARTESIAN_POINT('',(-4.07401989994,-14.41009442456,15.2490392102
    ));
#5783 = CARTESIAN_POINT('',(-4.066265079562,-14.42965100346,
    15.166944430392));
#5784 = CARTESIAN_POINT('',(-4.062391984152,-14.43942420483,
    15.083461044965));
#5785 = CARTESIAN_POINT('',(-4.062391984152,-14.43942420483,15.));
#5786 = PCURVE('',#2555,#5787);
#5787 = DEFINITIONAL_REPRESENTATION('',(#5788),#5831);
#5788 = B_SPLINE_CURVE_WITH_KNOTS('',9,(#5789,#5790,#5791,#5792,#5793,
    #5794,#5795,#5796,#5797,#5798,#5799,#5800,#5801,#5802,#5803,#5804,
    #5805,#5806,#5807,#5808,#5809,#5810,#5811,#5812,#5813,#5814,#5815,
    #5816,#5817,#5818,#5819,#5820,#5821,#5822,#5823,#5824,#5825,#5826,
    #5827,#5828,#5829,#5830),.UNSPECIFIED.,.F.,.F.,(10,8,8,8,8,10),(0.,
    0.25,0.5,0.625,0.75,1.),.UNSPECIFIED.);
#5789 = CARTESIAN_POINT('',(2.089053378802,1.570796326795));
#5790 = CARTESIAN_POINT('',(2.098373941347,1.61362504001));
#5791 = CARTESIAN_POINT('',(2.107947525787,1.656395991147));
#5792 = CARTESIAN_POINT('',(2.117765311528,1.699117831156));
#5793 = CARTESIAN_POINT('',(2.127816990264,1.741800719537));
#5794 = CARTESIAN_POINT('',(2.138090144356,1.784455547603));
#5795 = CARTESIAN_POINT('',(2.148569681796,1.827093583268));
#5796 = CARTESIAN_POINT('',(2.159237327737,1.869726537356));
#5797 = CARTESIAN_POINT('',(2.170071172596,1.912367051427));
#5798 = CARTESIAN_POINT('',(2.19201938087,1.997692162816));
#5799 = CARTESIAN_POINT('',(2.20313372588,2.040376759248));
#5800 = CARTESIAN_POINT('',(2.214361904807,2.083095991883));
#5801 = CARTESIAN_POINT('',(2.225674285082,2.125868298565));
#5802 = CARTESIAN_POINT('',(2.237033601027,2.168701704921));
#5803 = CARTESIAN_POINT('',(2.248399242268,2.211614112783));
#5804 = CARTESIAN_POINT('',(2.259725182734,2.254628347829));
#5805 = CARTESIAN_POINT('',(2.270953728201,2.297748960699));
#5806 = CARTESIAN_POINT('',(2.287559876218,2.36262035056));
#5807 = CARTESIAN_POINT('',(2.29305573736,2.384275627582));
#5808 = CARTESIAN_POINT('',(2.298504361426,2.405964241397));
#5809 = CARTESIAN_POINT('',(2.303897539774,2.427687927559));
#5810 = CARTESIAN_POINT('',(2.309226599475,2.449448298551));
#5811 = CARTESIAN_POINT('',(2.314482432123,2.471246841562));
#5812 = CARTESIAN_POINT('',(2.319655522646,2.493084916256));
#5813 = CARTESIAN_POINT('',(2.324735978117,2.514963752547));
#5814 = CARTESIAN_POINT('',(2.334691135005,2.558805144189));
#5815 = CARTESIAN_POINT('',(2.339566014356,2.580768684043));
#5816 = CARTESIAN_POINT('',(2.344326683715,2.602768689974));
#5817 = CARTESIAN_POINT('',(2.348967075775,2.624832188821));
#5818 = CARTESIAN_POINT('',(2.353467228136,2.646906542937));
#5819 = CARTESIAN_POINT('',(2.357827321238,2.669058125212));
#5820 = CARTESIAN_POINT('',(2.362028877583,2.691243667364));
#5821 = CARTESIAN_POINT('',(2.366063002956,2.713477093905));
#5822 = CARTESIAN_POINT('',(2.377628191477,2.780308048489));
#5823 = CARTESIAN_POINT('',(2.384622216506,2.825037225196));
#5824 = CARTESIAN_POINT('',(2.390810855513,2.869930954028));
#5825 = CARTESIAN_POINT('',(2.396107895256,2.914974744167));
#5826 = CARTESIAN_POINT('',(2.400435336913,2.96014995387));
#5827 = CARTESIAN_POINT('',(2.403728300343,3.005433040035));
#5828 = CARTESIAN_POINT('',(2.405939690317,3.050794372295));
#5829 = CARTESIAN_POINT('',(2.407044624721,3.096196611642));
#5830 = CARTESIAN_POINT('',(2.407044624721,3.14159265359));
#5831 = ( GEOMETRIC_REPRESENTATION_CONTEXT(2) 
PARAMETRIC_REPRESENTATION_CONTEXT() REPRESENTATION_CONTEXT('2D SPACE',''
  ) );
#5832 = PCURVE('',#2526,#5833);
#5833 = DEFINITIONAL_REPRESENTATION('',(#5834),#5857);
#5834 = B_SPLINE_CURVE_WITH_KNOTS('',6,(#5835,#5836,#5837,#5838,#5839,
    #5840,#5841,#5842,#5843,#5844,#5845,#5846,#5847,#5848,#5849,#5850,
    #5851,#5852,#5853,#5854,#5855,#5856),.UNSPECIFIED.,.F.,.F.,(7,5,5,5,
    7),(0.,0.188232710944,0.443677265032,0.693581784579,1.),
  .UNSPECIFIED.);
#5835 = CARTESIAN_POINT('',(-0.105057982456,4.712388980313));
#5836 = CARTESIAN_POINT('',(-0.107012925118,4.760759570184));
#5837 = CARTESIAN_POINT('',(-0.108980037613,4.80905134175));
#5838 = CARTESIAN_POINT('',(-0.110952845668,4.857280747689));
#5839 = CARTESIAN_POINT('',(-0.112924815812,4.905465978698));
#5840 = CARTESIAN_POINT('',(-0.114889254807,4.953627354286));
#5841 = CARTESIAN_POINT('',(-0.119485429295,5.067144587156));
#5842 = CARTESIAN_POINT('',(-0.12210487879,5.132497352116));
#5843 = CARTESIAN_POINT('',(-0.124680323741,5.197906423344));
#5844 = CARTESIAN_POINT('',(-0.127193279627,5.263433573057));
#5845 = CARTESIAN_POINT('',(-0.129623540857,5.329145119187));
#5846 = CARTESIAN_POINT('',(-0.134223452055,5.459654363257));
#5847 = CARTESIAN_POINT('',(-0.13639741895,5.5244352792));
#5848 = CARTESIAN_POINT('',(-0.138449788746,5.589530424857));
#5849 = CARTESIAN_POINT('',(-0.140357072366,5.654995654501));
#5850 = CARTESIAN_POINT('',(-0.142093030504,5.720875007434));
#5851 = CARTESIAN_POINT('',(-0.145518273894,5.868492362869));
#5852 = CARTESIAN_POINT('',(-0.147108961356,5.950480171725));
#5853 = CARTESIAN_POINT('',(-0.148353683276,6.033098639953));
#5854 = CARTESIAN_POINT('',(-0.149204423579,6.116241123199));
#5855 = CARTESIAN_POINT('',(-0.149629432653,6.199724262214));
#5856 = CARTESIAN_POINT('',(-0.149629432653,6.28318530718));
#5857 = ( GEOMETRIC_REPRESENTATION_CONTEXT(2) 
PARAMETRIC_REPRESENTATION_CONTEXT() REPRESENTATION_CONTEXT('2D SPACE',''
  ) );
#5858 = ORIENTED_EDGE('',*,*,#3556,.F.);
#5859 = ADVANCED_FACE('',(#5860),#2033,.T.);
#5860 = FACE_BOUND('',#5861,.T.);
#5861 = EDGE_LOOP('',(#5862,#5955,#5956,#5957));
#5862 = ORIENTED_EDGE('',*,*,#5863,.F.);
#5863 = EDGE_CURVE('',#2017,#3297,#5864,.T.);
#5864 = SURFACE_CURVE('',#5865,(#5888,#5929),.PCURVE_S1.);
#5865 = B_SPLINE_CURVE_WITH_KNOTS('',6,(#5866,#5867,#5868,#5869,#5870,
    #5871,#5872,#5873,#5874,#5875,#5876,#5877,#5878,#5879,#5880,#5881,
    #5882,#5883,#5884,#5885,#5886,#5887),.UNSPECIFIED.,.F.,.F.,(7,5,5,5,
    7),(0.,0.188441946211,0.445505773475,0.696938831202,1.),
  .UNSPECIFIED.);
#5866 = CARTESIAN_POINT('',(0.423341166636,13.993597902492,16.));
#5867 = CARTESIAN_POINT('',(0.452192624543,14.041171704412,
    16.000000001511));
#5868 = CARTESIAN_POINT('',(0.481437766027,14.088590240462,
    15.997186078885));
#5869 = CARTESIAN_POINT('',(0.510981738667,14.135665740748,
    15.991575465033));
#5870 = CARTESIAN_POINT('',(0.540723484952,14.182217461643,
    15.983198709467));
#5871 = CARTESIAN_POINT('',(0.570554569313,14.228072056268,
    15.972097702844));
#5872 = CARTESIAN_POINT('',(0.641014480232,14.334439808168,
    15.939533843062));
#5873 = CARTESIAN_POINT('',(0.681617970406,14.394208140309,
    15.915770410862));
#5874 = CARTESIAN_POINT('',(0.721873968221,14.451951472003,
    15.887163336175));
#5875 = CARTESIAN_POINT('',(0.761452374415,14.507272019021,
    15.853875316376));
#5876 = CARTESIAN_POINT('',(0.799983107698,14.559790887312,
    15.816100596679));
#5877 = CARTESIAN_POINT('',(0.873308364311,14.657422557977,
    15.732947689228));
#5878 = CARTESIAN_POINT('',(0.908163146501,14.702667978576,
    15.687757925092));
#5879 = CARTESIAN_POINT('',(0.941230733255,14.744548797263,
    15.638703950445));
#5880 = CARTESIAN_POINT('',(0.972075026905,14.782727476249,
    15.586037988459));
#5881 = CARTESIAN_POINT('',(1.000210662889,14.816872267284,
    15.53007136793));
#5882 = CARTESIAN_POINT('',(1.055236362311,14.882596741264,
    15.400240481996));
#5883 = CARTESIAN_POINT('',(1.080695429669,14.912224055515,
    15.325033581623));
#5884 = CARTESIAN_POINT('',(1.100673274656,14.934970511198,
    15.24633965041));
#5885 = CARTESIAN_POINT('',(1.11434420698,14.950352487594,
    15.165114208954));
#5886 = CARTESIAN_POINT('',(1.121174165829,14.958040262343,
    15.082546239443));
#5887 = CARTESIAN_POINT('',(1.121174165829,14.958040262343,15.));
#5888 = PCURVE('',#2033,#5889);
#5889 = DEFINITIONAL_REPRESENTATION('',(#5890),#5928);
#5890 = B_SPLINE_CURVE_WITH_KNOTS('',8,(#5891,#5892,#5893,#5894,#5895,
    #5896,#5897,#5898,#5899,#5900,#5901,#5902,#5903,#5904,#5905,#5906,
    #5907,#5908,#5909,#5910,#5911,#5912,#5913,#5914,#5915,#5916,#5917,
    #5918,#5919,#5920,#5921,#5922,#5923,#5924,#5925,#5926,#5927),
  .UNSPECIFIED.,.F.,.F.,(9,7,7,7,7,9),(0.,0.25,0.5,0.625,0.75,1.),
  .UNSPECIFIED.);
#5891 = CARTESIAN_POINT('',(0.317991245839,1.570796326777));
#5892 = CARTESIAN_POINT('',(0.307505585071,1.618978758577));
#5893 = CARTESIAN_POINT('',(0.296694610695,1.667086915299));
#5894 = CARTESIAN_POINT('',(0.28557154709,1.715133800353));
#5895 = CARTESIAN_POINT('',(0.27415230845,1.763135085207));
#5896 = CARTESIAN_POINT('',(0.262456883095,1.811107418962));
#5897 = CARTESIAN_POINT('',(0.250510558398,1.859067960939));
#5898 = CARTESIAN_POINT('',(0.238344986298,1.907035136259));
#5899 = CARTESIAN_POINT('',(0.21365319255,2.003026092604));
#5900 = CARTESIAN_POINT('',(0.201126961189,2.051050003274));
#5901 = CARTESIAN_POINT('',(0.188460132387,2.099120743621));
#5902 = CARTESIAN_POINT('',(0.175697781318,2.147269064574));
#5903 = CARTESIAN_POINT('',(0.162901600143,2.195496203345));
#5904 = CARTESIAN_POINT('',(0.150131766133,2.243854426946));
#5905 = CARTESIAN_POINT('',(0.137474254183,2.292344881657));
#5906 = CARTESIAN_POINT('',(0.118792304391,2.36532537648));
#5907 = CARTESIAN_POINT('',(0.112615803924,2.389692678421));
#5908 = CARTESIAN_POINT('',(0.106501689728,2.414103245922));
#5909 = CARTESIAN_POINT('',(0.100462421393,2.438559650895));
#5910 = CARTESIAN_POINT('',(9.45112827892E-02,2.463064237819));
#5911 = CARTESIAN_POINT('',(8.866231690014E-02,2.487619119616));
#5912 = CARTESIAN_POINT('',(8.293026065263E-02,2.512226173529));
#5913 = CARTESIAN_POINT('',(7.173069884791E-02,2.561547900481));
#5914 = CARTESIAN_POINT('',(6.626315682088E-02,2.586262705844));
#5915 = CARTESIAN_POINT('',(6.094351283704E-02,2.611031378801));
#5916 = CARTESIAN_POINT('',(5.578609430701E-02,2.635864015241));
#5917 = CARTESIAN_POINT('',(5.081168730172E-02,2.660737020405));
#5918 = CARTESIAN_POINT('',(4.603002101824E-02,2.685690454879));
#5919 = CARTESIAN_POINT('',(4.146321812517E-02,2.710694026668));
#5920 = CARTESIAN_POINT('',(2.845254913007E-02,2.785878161152));
#5921 = CARTESIAN_POINT('',(2.069939161369E-02,2.836226529689));
#5922 = CARTESIAN_POINT('',(1.400081457662E-02,2.886784320214));
#5923 = CARTESIAN_POINT('',(8.485281707927E-03,2.937528517132));
#5924 = CARTESIAN_POINT('',(4.264116241299E-03,2.98842852789));
#5925 = CARTESIAN_POINT('',(1.420627409325E-03,3.039444166162));
#5926 = CARTESIAN_POINT('',(8.830745082271E-09,3.090522369802));
#5927 = CARTESIAN_POINT('',(8.830745024113E-09,3.14159265359));
#5928 = ( GEOMETRIC_REPRESENTATION_CONTEXT(2) 
PARAMETRIC_REPRESENTATION_CONTEXT() REPRESENTATION_CONTEXT('2D SPACE',''
  ) );
#5929 = PCURVE('',#2062,#5930);
#5930 = DEFINITIONAL_REPRESENTATION('',(#5931),#5954);
#5931 = B_SPLINE_CURVE_WITH_KNOTS('',6,(#5932,#5933,#5934,#5935,#5936,
    #5937,#5938,#5939,#5940,#5941,#5942,#5943,#5944,#5945,#5946,#5947,
    #5948,#5949,#5950,#5951,#5952,#5953),.UNSPECIFIED.,.F.,.F.,(7,5,5,5,
    7),(0.,0.188441946211,0.445505773475,0.696938831202,1.),
  .UNSPECIFIED.);
#5932 = CARTESIAN_POINT('',(-4.457145263017E-02,4.712388980385));
#5933 = CARTESIAN_POINT('',(-4.261433162706E-02,4.760813467597));
#5934 = CARTESIAN_POINT('',(-4.064501372194E-02,4.809158960359));
#5935 = CARTESIAN_POINT('',(-3.866999476246E-02,4.857441967003));
#5936 = CARTESIAN_POINT('',(-3.669583014755E-02,4.905680741181));
#5937 = CARTESIAN_POINT('',(-3.472923590586E-02,4.953895674831));
#5938 = CARTESIAN_POINT('',(-3.011429831211E-02,5.067881032436));
#5939 = CARTESIAN_POINT('',(-2.747857819999E-02,5.133648353239));
#5940 = CARTESIAN_POINT('',(-2.488759212274E-02,5.199473310885));
#5941 = CARTESIAN_POINT('',(-2.23601905582E-02,5.265418900086));
#5942 = CARTESIAN_POINT('',(-1.991699511264E-02,5.331552740696));
#5943 = CARTESIAN_POINT('',(-1.529593921993E-02,5.462893605483));
#5944 = CARTESIAN_POINT('',(-1.311363609279E-02,5.528083341656));
#5945 = CARTESIAN_POINT('',(-1.105522591263E-02,5.593593523567));
#5946 = CARTESIAN_POINT('',(-9.144703696445E-03,5.65948066782));
#5947 = CARTESIAN_POINT('',(-7.408882097483E-03,5.725788929843));
#5948 = CARTESIAN_POINT('',(-4.0244304508E-03,5.872985085055));
#5949 = CARTESIAN_POINT('',(-2.466208169266E-03,5.954101705543));
#5950 = CARTESIAN_POINT('',(-1.247915185896E-03,6.035832310839));
#5951 = CARTESIAN_POINT('',(-4.157566244682E-04,6.118071325965));
#5952 = CARTESIAN_POINT('',(-9.769962616701E-15,6.200639067737));
#5953 = CARTESIAN_POINT('',(-9.769962616701E-15,6.28318530718));
#5954 = ( GEOMETRIC_REPRESENTATION_CONTEXT(2) 
PARAMETRIC_REPRESENTATION_CONTEXT() REPRESENTATION_CONTEXT('2D SPACE',''
  ) );
#5955 = ORIENTED_EDGE('',*,*,#2016,.T.);
#5956 = ORIENTED_EDGE('',*,*,#5658,.T.);
#5957 = ORIENTED_EDGE('',*,*,#3296,.F.);
#5958 = ADVANCED_FACE('',(#5959),#2526,.T.);
#5959 = FACE_BOUND('',#5960,.F.);
#5960 = EDGE_LOOP('',(#5961,#5962,#6055,#6056));
#5961 = ORIENTED_EDGE('',*,*,#3632,.F.);
#5962 = ORIENTED_EDGE('',*,*,#5963,.F.);
#5963 = EDGE_CURVE('',#2481,#3633,#5964,.T.);
#5964 = SURFACE_CURVE('',#5965,(#5988,#6014),.PCURVE_S1.);
#5965 = B_SPLINE_CURVE_WITH_KNOTS('',6,(#5966,#5967,#5968,#5969,#5970,
    #5971,#5972,#5973,#5974,#5975,#5976,#5977,#5978,#5979,#5980,#5981,
    #5982,#5983,#5984,#5985,#5986,#5987),.UNSPECIFIED.,.F.,.F.,(7,5,5,5,
    7),(0.,0.188441946204,0.445505773469,0.696938831199,1.),
  .UNSPECIFIED.);
#5966 = CARTESIAN_POINT('',(-5.183902930644,-13.00488948071,16.));
#5967 = CARTESIAN_POINT('',(-5.227285631242,-13.0397264516,
    16.00000000151));
#5968 = CARTESIAN_POINT('',(-5.270985169423,-13.07428287249,
    15.997186078883));
#5969 = CARTESIAN_POINT('',(-5.314848191853,-13.10841473897,
    15.991575465032));
#5970 = CARTESIAN_POINT('',(-5.358717917595,-13.14198677127,
    15.983198709466));
#5971 = CARTESIAN_POINT('',(-5.402433162474,-13.17487316371,
    15.972097702844));
#5972 = CARTESIAN_POINT('',(-5.505023734573,-13.25072744643,
    15.939533843062));
#5973 = CARTESIAN_POINT('',(-5.563620508194,-13.29300409557,
    15.915770410862));
#5974 = CARTESIAN_POINT('',(-5.621198154865,-13.33349671612,
    15.887163336175));
#5975 = CARTESIAN_POINT('',(-5.677310432527,-13.37194441377,
    15.853875316376));
#5976 = CARTESIAN_POINT('',(-5.731479989128,-13.40811771984,
    15.816100596679));
#5977 = CARTESIAN_POINT('',(-5.833775189678,-13.47478276554,
    15.732947689228));
#5978 = CARTESIAN_POINT('',(-5.882002816539,-13.5053785158,
    15.687757925092));
#5979 = CARTESIAN_POINT('',(-5.927400267409,-13.53342383131,
    15.638703950444));
#5980 = CARTESIAN_POINT('',(-5.969442299804,-13.55875068449,
    15.586037988459));
#5981 = CARTESIAN_POINT('',(-6.007559355643,-13.58121333841,
    15.53007136793));
#5982 = CARTESIAN_POINT('',(-6.081745693354,-13.62415424401,
    15.400240481996));
#5983 = CARTESIAN_POINT('',(-6.115802529349,-13.64328729872,
    15.325033581623));
#5984 = CARTESIAN_POINT('',(-6.142355308896,-13.65782914987,
    15.246339650409));
#5985 = CARTESIAN_POINT('',(-6.160462728891,-13.66760774535,
    15.165114208955));
#5986 = CARTESIAN_POINT('',(-6.169510164643,-13.67249590705,
    15.082546239443));
#5987 = CARTESIAN_POINT('',(-6.169510164643,-13.67249590705,15.));
#5988 = PCURVE('',#2526,#5989);
#5989 = DEFINITIONAL_REPRESENTATION('',(#5990),#6013);
#5990 = B_SPLINE_CURVE_WITH_KNOTS('',6,(#5991,#5992,#5993,#5994,#5995,
    #5996,#5997,#5998,#5999,#6000,#6001,#6002,#6003,#6004,#6005,#6006,
    #6007,#6008,#6009,#6010,#6011,#6012),.UNSPECIFIED.,.F.,.F.,(7,5,5,5,
    7),(0.,0.188441946204,0.445505773469,0.696938831199,1.),
  .UNSPECIFIED.);
#5991 = CARTESIAN_POINT('',(-4.45714526279E-02,4.712388980385));
#5992 = CARTESIAN_POINT('',(-4.261433162935E-02,4.760813467628));
#5993 = CARTESIAN_POINT('',(-4.064501372035E-02,4.809158960359));
#5994 = CARTESIAN_POINT('',(-3.866999476111E-02,4.857441967001));
#5995 = CARTESIAN_POINT('',(-3.669583014838E-02,4.905680741193));
#5996 = CARTESIAN_POINT('',(-3.472923590575E-02,4.953895674833));
#5997 = CARTESIAN_POINT('',(-3.01142983121E-02,5.067881032436));
#5998 = CARTESIAN_POINT('',(-2.747857819997E-02,5.133648353239));
#5999 = CARTESIAN_POINT('',(-2.488759212272E-02,5.199473310885));
#6000 = CARTESIAN_POINT('',(-2.236019055819E-02,5.265418900086));
#6001 = CARTESIAN_POINT('',(-1.991699511262E-02,5.331552740696));
#6002 = CARTESIAN_POINT('',(-1.529593921991E-02,5.462893605483));
#6003 = CARTESIAN_POINT('',(-1.311363609278E-02,5.528083341656));
#6004 = CARTESIAN_POINT('',(-1.105522591261E-02,5.593593523567));
#6005 = CARTESIAN_POINT('',(-9.14470369643E-03,5.65948066782));
#6006 = CARTESIAN_POINT('',(-7.408882097465E-03,5.725788929843));
#6007 = CARTESIAN_POINT('',(-4.024430450781E-03,5.872985085055));
#6008 = CARTESIAN_POINT('',(-2.466208169252E-03,5.954101705543));
#6009 = CARTESIAN_POINT('',(-1.247915185876E-03,6.03583231084));
#6010 = CARTESIAN_POINT('',(-4.157566244523E-04,6.118071325965));
#6011 = CARTESIAN_POINT('',(7.105427357601E-15,6.200639067737));
#6012 = CARTESIAN_POINT('',(7.105427357601E-15,6.28318530718));
#6013 = ( GEOMETRIC_REPRESENTATION_CONTEXT(2) 
PARAMETRIC_REPRESENTATION_CONTEXT() REPRESENTATION_CONTEXT('2D SPACE',''
  ) );
#6014 = PCURVE('',#2497,#6015);
#6015 = DEFINITIONAL_REPRESENTATION('',(#6016),#6054);
#6016 = B_SPLINE_CURVE_WITH_KNOTS('',8,(#6017,#6018,#6019,#6020,#6021,
    #6022,#6023,#6024,#6025,#6026,#6027,#6028,#6029,#6030,#6031,#6032,
    #6033,#6034,#6035,#6036,#6037,#6038,#6039,#6040,#6041,#6042,#6043,
    #6044,#6045,#6046,#6047,#6048,#6049,#6050,#6051,#6052,#6053),
  .UNSPECIFIED.,.F.,.F.,(9,7,7,7,7,9),(0.,0.25,0.5,0.625,0.75,1.),
  .UNSPECIFIED.);
#6017 = CARTESIAN_POINT('',(0.317991245845,1.570796326804));
#6018 = CARTESIAN_POINT('',(0.307505585054,1.618978758567));
#6019 = CARTESIAN_POINT('',(0.296694610698,1.66708691532));
#6020 = CARTESIAN_POINT('',(0.285571547094,1.715133800375));
#6021 = CARTESIAN_POINT('',(0.274152308443,1.763135085213));
#6022 = CARTESIAN_POINT('',(0.262456883088,1.811107418967));
#6023 = CARTESIAN_POINT('',(0.250510558397,1.859067960954));
#6024 = CARTESIAN_POINT('',(0.238344986296,1.907035136269));
#6025 = CARTESIAN_POINT('',(0.213653192548,2.003026092614));
#6026 = CARTESIAN_POINT('',(0.201126961187,2.051050003284));
#6027 = CARTESIAN_POINT('',(0.188460132384,2.099120743631));
#6028 = CARTESIAN_POINT('',(0.175697781316,2.147269064583));
#6029 = CARTESIAN_POINT('',(0.162901600141,2.195496203353));
#6030 = CARTESIAN_POINT('',(0.150131766131,2.243854426954));
#6031 = CARTESIAN_POINT('',(0.137474254181,2.292344881664));
#6032 = CARTESIAN_POINT('',(0.118792304389,2.365325376487));
#6033 = CARTESIAN_POINT('',(0.112615803922,2.389692678428));
#6034 = CARTESIAN_POINT('',(0.106501689726,2.414103245929));
#6035 = CARTESIAN_POINT('',(0.100462421391,2.438559650902));
#6036 = CARTESIAN_POINT('',(9.451128278777E-02,2.463064237825));
#6037 = CARTESIAN_POINT('',(8.866231689879E-02,2.487619119622));
#6038 = CARTESIAN_POINT('',(8.293026065136E-02,2.512226173535));
#6039 = CARTESIAN_POINT('',(7.17306988468E-02,2.561547900486));
#6040 = CARTESIAN_POINT('',(6.626315681984E-02,2.586262705849));
#6041 = CARTESIAN_POINT('',(6.094351283608E-02,2.611031378806));
#6042 = CARTESIAN_POINT('',(5.578609430612E-02,2.635864015246));
#6043 = CARTESIAN_POINT('',(5.081168730091E-02,2.66073702041));
#6044 = CARTESIAN_POINT('',(4.603002101749E-02,2.685690454883));
#6045 = CARTESIAN_POINT('',(4.14632181245E-02,2.710694026672));
#6046 = CARTESIAN_POINT('',(2.845254912963E-02,2.785878161156));
#6047 = CARTESIAN_POINT('',(2.069939161339E-02,2.836226529692));
#6048 = CARTESIAN_POINT('',(1.400081457644E-02,2.886784320216));
#6049 = CARTESIAN_POINT('',(8.485281707841E-03,2.937528517134));
#6050 = CARTESIAN_POINT('',(4.2641162413E-03,2.988428527892));
#6051 = CARTESIAN_POINT('',(1.420627409383E-03,3.039444166162));
#6052 = CARTESIAN_POINT('',(8.830824126719E-09,3.090522369803));
#6053 = CARTESIAN_POINT('',(8.830824073727E-09,3.14159265359));
#6054 = ( GEOMETRIC_REPRESENTATION_CONTEXT(2) 
PARAMETRIC_REPRESENTATION_CONTEXT() REPRESENTATION_CONTEXT('2D SPACE',''
  ) );
#6055 = ORIENTED_EDGE('',*,*,#2509,.T.);
#6056 = ORIENTED_EDGE('',*,*,#5761,.T.);
#6057 = ADVANCED_FACE('',(#6058),#2062,.T.);
#6058 = FACE_BOUND('',#6059,.F.);
#6059 = EDGE_LOOP('',(#6060,#6061,#6062,#6063));
#6060 = ORIENTED_EDGE('',*,*,#3412,.F.);
#6061 = ORIENTED_EDGE('',*,*,#5863,.F.);
#6062 = ORIENTED_EDGE('',*,*,#2045,.T.);
#6063 = ORIENTED_EDGE('',*,*,#6064,.T.);
#6064 = EDGE_CURVE('',#2046,#3392,#6065,.T.);
#6065 = SURFACE_CURVE('',#6066,(#6089,#6115),.PCURVE_S1.);
#6066 = B_SPLINE_CURVE_WITH_KNOTS('',6,(#6067,#6068,#6069,#6070,#6071,
    #6072,#6073,#6074,#6075,#6076,#6077,#6078,#6079,#6080,#6081,#6082,
    #6083,#6084,#6085,#6086,#6087,#6088),.UNSPECIFIED.,.F.,.F.,(7,5,5,5,
    7),(0.,0.188232710892,0.443677264997,0.69358178456,1.),
  .UNSPECIFIED.);
#6067 = CARTESIAN_POINT('',(-0.423341166583,13.993597902647,16.));
#6068 = CARTESIAN_POINT('',(-0.452160512489,14.041118753777,
    16.000000001498));
#6069 = CARTESIAN_POINT('',(-0.481372665898,14.088484685237,
    15.997192339313));
#6070 = CARTESIAN_POINT('',(-0.510883091148,14.135508552442,
    15.991594188697));
#6071 = CARTESIAN_POINT('',(-0.540591074353,14.182010206542,
    15.983235982702));
#6072 = CARTESIAN_POINT('',(-0.570388557846,14.227816862814,
    15.972159447194));
#6073 = CARTESIAN_POINT('',(-0.640559449117,14.333759061866,
    15.939764351854));
#6074 = CARTESIAN_POINT('',(-0.680908595658,14.393168719705,
    15.916201547649));
#6075 = CARTESIAN_POINT('',(-0.720917457409,14.450582694042,
    15.887854638668));
#6076 = CARTESIAN_POINT('',(-0.760262451594,14.505610488484,
    15.854883018506));
#6077 = CARTESIAN_POINT('',(-0.798581077527,14.557880082759,
    15.817476816926));
#6078 = CARTESIAN_POINT('',(-0.871554183141,14.655128121059,
    15.735137170783));
#6079 = CARTESIAN_POINT('',(-0.906267091973,14.700235814535,
    15.690388203513));
#6080 = CARTESIAN_POINT('',(-0.939228897143,14.742031295215,
    15.641813739797));
#6081 = CARTESIAN_POINT('',(-0.970012685759,14.78018308026,
    15.589660151185));
#6082 = CARTESIAN_POINT('',(-0.998143377474,14.814365356893,
    15.534230860553));
#6083 = CARTESIAN_POINT('',(-1.053819392995,14.880947228086,
    15.404402354568));
#6084 = CARTESIAN_POINT('',(-1.079805534692,14.91121056277,
    15.328519043626));
#6085 = CARTESIAN_POINT('',(-1.100216123518,14.934456265681,
    15.2490392102));
#6086 = CARTESIAN_POINT('',(-1.114192014921,14.950181133785,
    15.166944430393));
#6087 = CARTESIAN_POINT('',(-1.121174165829,14.958040262343,
    15.083461044965));
#6088 = CARTESIAN_POINT('',(-1.121174165829,14.958040262343,15.));
#6089 = PCURVE('',#2062,#6090);
#6090 = DEFINITIONAL_REPRESENTATION('',(#6091),#6114);
#6091 = B_SPLINE_CURVE_WITH_KNOTS('',6,(#6092,#6093,#6094,#6095,#6096,
    #6097,#6098,#6099,#6100,#6101,#6102,#6103,#6104,#6105,#6106,#6107,
    #6108,#6109,#6110,#6111,#6112,#6113),.UNSPECIFIED.,.F.,.F.,(7,5,5,5,
    7),(0.,0.188232710892,0.443677264997,0.69358178456,1.),
  .UNSPECIFIED.);
#6092 = CARTESIAN_POINT('',(-0.105057982447,4.71238898051));
#6093 = CARTESIAN_POINT('',(-0.107012925142,4.76075957012));
#6094 = CARTESIAN_POINT('',(-0.108980037607,4.809051341884));
#6095 = CARTESIAN_POINT('',(-0.110952845662,4.857280747798));
#6096 = CARTESIAN_POINT('',(-0.112924815821,4.905465978678));
#6097 = CARTESIAN_POINT('',(-0.114889254808,4.953627354302));
#6098 = CARTESIAN_POINT('',(-0.119485429295,5.067144587156));
#6099 = CARTESIAN_POINT('',(-0.12210487879,5.132497352116));
#6100 = CARTESIAN_POINT('',(-0.124680323741,5.197906423344));
#6101 = CARTESIAN_POINT('',(-0.127193279627,5.263433573057));
#6102 = CARTESIAN_POINT('',(-0.129623540857,5.329145119187));
#6103 = CARTESIAN_POINT('',(-0.134223452055,5.459654363257));
#6104 = CARTESIAN_POINT('',(-0.13639741895,5.5244352792));
#6105 = CARTESIAN_POINT('',(-0.138449788746,5.589530424857));
#6106 = CARTESIAN_POINT('',(-0.140357072366,5.654995654501));
#6107 = CARTESIAN_POINT('',(-0.142093030504,5.720875007434));
#6108 = CARTESIAN_POINT('',(-0.145518273894,5.868492362869));
#6109 = CARTESIAN_POINT('',(-0.147108961356,5.950480171725));
#6110 = CARTESIAN_POINT('',(-0.148353683276,6.033098639953));
#6111 = CARTESIAN_POINT('',(-0.149204423579,6.116241123199));
#6112 = CARTESIAN_POINT('',(-0.149629432653,6.199724262214));
#6113 = CARTESIAN_POINT('',(-0.149629432653,6.28318530718));
#6114 = ( GEOMETRIC_REPRESENTATION_CONTEXT(2) 
PARAMETRIC_REPRESENTATION_CONTEXT() REPRESENTATION_CONTEXT('2D SPACE',''
  ) );
#6115 = PCURVE('',#2091,#6116);
#6116 = DEFINITIONAL_REPRESENTATION('',(#6117),#6160);
#6117 = B_SPLINE_CURVE_WITH_KNOTS('',9,(#6118,#6119,#6120,#6121,#6122,
    #6123,#6124,#6125,#6126,#6127,#6128,#6129,#6130,#6131,#6132,#6133,
    #6134,#6135,#6136,#6137,#6138,#6139,#6140,#6141,#6142,#6143,#6144,
    #6145,#6146,#6147,#6148,#6149,#6150,#6151,#6152,#6153,#6154,#6155,
    #6156,#6157,#6158,#6159),.UNSPECIFIED.,.F.,.F.,(10,8,8,8,8,10),(0.,
    0.25,0.5,0.625,0.75,1.),.UNSPECIFIED.);
#6118 = CARTESIAN_POINT('',(2.08905337889,1.570796326795));
#6119 = CARTESIAN_POINT('',(2.098373941284,1.613625040243));
#6120 = CARTESIAN_POINT('',(2.10794752582,1.656395991224));
#6121 = CARTESIAN_POINT('',(2.117765311594,1.699117831178));
#6122 = CARTESIAN_POINT('',(2.12781699029,1.741800719618));
#6123 = CARTESIAN_POINT('',(2.138090144349,1.784455547732));
#6124 = CARTESIAN_POINT('',(2.148569681802,1.827093583372));
#6125 = CARTESIAN_POINT('',(2.15923732777,1.869726537412));
#6126 = CARTESIAN_POINT('',(2.170071172615,1.912367051502));
#6127 = CARTESIAN_POINT('',(2.192019380888,1.997692162886));
#6128 = CARTESIAN_POINT('',(2.203133725897,2.040376759315));
#6129 = CARTESIAN_POINT('',(2.214361904824,2.083095991947));
#6130 = CARTESIAN_POINT('',(2.225674285099,2.125868298627));
#6131 = CARTESIAN_POINT('',(2.237033601043,2.16870170498));
#6132 = CARTESIAN_POINT('',(2.248399242282,2.211614112839));
#6133 = CARTESIAN_POINT('',(2.259725182748,2.254628347883));
#6134 = CARTESIAN_POINT('',(2.270953728214,2.29774896075));
#6135 = CARTESIAN_POINT('',(2.28755987623,2.362620350607));
#6136 = CARTESIAN_POINT('',(2.293055737371,2.384275627628));
#6137 = CARTESIAN_POINT('',(2.298504361437,2.405964241442));
#6138 = CARTESIAN_POINT('',(2.303897539784,2.427687927603));
#6139 = CARTESIAN_POINT('',(2.309226599485,2.449448298593));
#6140 = CARTESIAN_POINT('',(2.314482432133,2.471246841603));
#6141 = CARTESIAN_POINT('',(2.319655522656,2.493084916296));
#6142 = CARTESIAN_POINT('',(2.324735978126,2.514963752585));
#6143 = CARTESIAN_POINT('',(2.334691135013,2.558805144224));
#6144 = CARTESIAN_POINT('',(2.339566014363,2.580768684077));
#6145 = CARTESIAN_POINT('',(2.344326683722,2.602768690007));
#6146 = CARTESIAN_POINT('',(2.348967075782,2.624832188852));
#6147 = CARTESIAN_POINT('',(2.353467228142,2.646906542967));
#6148 = CARTESIAN_POINT('',(2.357827321244,2.669058125241));
#6149 = CARTESIAN_POINT('',(2.362028877588,2.691243667391));
#6150 = CARTESIAN_POINT('',(2.366063002961,2.713477093932));
#6151 = CARTESIAN_POINT('',(2.377628191481,2.780308048511));
#6152 = CARTESIAN_POINT('',(2.384622216508,2.825037225216));
#6153 = CARTESIAN_POINT('',(2.390810855515,2.869930954045));
#6154 = CARTESIAN_POINT('',(2.396107895258,2.914974744181));
#6155 = CARTESIAN_POINT('',(2.400435336914,2.960149953881));
#6156 = CARTESIAN_POINT('',(2.403728300343,3.005433040044));
#6157 = CARTESIAN_POINT('',(2.405939690318,3.0507943723));
#6158 = CARTESIAN_POINT('',(2.407044624721,3.096196611645));
#6159 = CARTESIAN_POINT('',(2.407044624721,3.14159265359));
#6160 = ( GEOMETRIC_REPRESENTATION_CONTEXT(2) 
PARAMETRIC_REPRESENTATION_CONTEXT() REPRESENTATION_CONTEXT('2D SPACE',''
  ) );
#6161 = ADVANCED_FACE('',(#6162),#2497,.T.);
#6162 = FACE_BOUND('',#6163,.T.);
#6163 = EDGE_LOOP('',(#6164,#6165,#6166,#6264));
#6164 = ORIENTED_EDGE('',*,*,#5963,.F.);
#6165 = ORIENTED_EDGE('',*,*,#2480,.T.);
#6166 = ORIENTED_EDGE('',*,*,#6167,.T.);
#6167 = EDGE_CURVE('',#2452,#3728,#6168,.T.);
#6168 = SURFACE_CURVE('',#6169,(#6192,#6238),.PCURVE_S1.);
#6169 = B_SPLINE_CURVE_WITH_KNOTS('',6,(#6170,#6171,#6172,#6173,#6174,
    #6175,#6176,#6177,#6178,#6179,#6180,#6181,#6182,#6183,#6184,#6185,
    #6186,#6187,#6188,#6189,#6190,#6191),.UNSPECIFIED.,.F.,.F.,(7,5,5,5,
    7),(0.,0.188232710902,0.443677265004,0.693581784563,1.),
  .UNSPECIFIED.);
#6170 = CARTESIAN_POINT('',(-8.67061319851,-10.99183636909,16.));
#6171 = CARTESIAN_POINT('',(-8.679082113134,-11.04676417149,
    16.000000001499));
#6172 = CARTESIAN_POINT('',(-8.687150539119,-11.10182579036,
    15.997192339314));
#6173 = CARTESIAN_POINT('',(-8.694770601045,-11.15681709824,
    15.991594188699));
#6174 = CARTESIAN_POINT('',(-8.701903652727,-11.21153535546,
    15.983235982704));
#6175 = CARTESIAN_POINT('',(-8.708521407149,-11.26577874316,
    15.972159447195));
#6176 = CARTESIAN_POINT('',(-8.722865718717,-11.3920401555,
    15.939764351854));
#6177 = CARTESIAN_POINT('',(-8.730144271178,-11.46348652522,
    15.916201547649));
#6178 = CARTESIAN_POINT('',(-8.736400696285,-11.53318538183,
    15.887854638668));
#6179 = CARTESIAN_POINT('',(-8.741631866581,-11.60062959274,
    15.854883018506));
#6180 = CARTESIAN_POINT('',(-8.74587634368,-11.66530116295,
    15.817476816926));
#6181 = CARTESIAN_POINT('',(-8.752485535713,-11.78670369042,
    15.735137170783));
#6182 = CARTESIAN_POINT('',(-8.754888571266,-11.84357121605,
    15.690388203513));
#6183 = CARTESIAN_POINT('',(-8.756503980702,-11.89677585172,
    15.641813739797));
#6184 = CARTESIAN_POINT('',(-8.757445725209,-11.94578925255,
    15.589660151185));
#6185 = CARTESIAN_POINT('',(-8.757868309031,-11.99005645571,
    15.534230860553));
#6186 = CARTESIAN_POINT('',(-8.758016008558,-12.07684898108,
    15.404402354568));
#6187 = CARTESIAN_POINT('',(-8.757562365676,-12.11673561035,
    15.328519043627));
#6188 = CARTESIAN_POINT('',(-8.756868997335,-12.1476625255,15.2490392102
    ));
#6189 = CARTESIAN_POINT('',(-8.756270593769,-12.16869200316,
    15.166944430393));
#6190 = CARTESIAN_POINT('',(-8.755973706324,-12.17920048501,
    15.083461044965));
#6191 = CARTESIAN_POINT('',(-8.755973706324,-12.17920048501,15.));
#6192 = PCURVE('',#2497,#6193);
#6193 = DEFINITIONAL_REPRESENTATION('',(#6194),#6237);
#6194 = B_SPLINE_CURVE_WITH_KNOTS('',9,(#6195,#6196,#6197,#6198,#6199,
    #6200,#6201,#6202,#6203,#6204,#6205,#6206,#6207,#6208,#6209,#6210,
    #6211,#6212,#6213,#6214,#6215,#6216,#6217,#6218,#6219,#6220,#6221,
    #6222,#6223,#6224,#6225,#6226,#6227,#6228,#6229,#6230,#6231,#6232,
    #6233,#6234,#6235,#6236),.UNSPECIFIED.,.F.,.F.,(10,8,8,8,8,10),(0.,
    0.25,0.5,0.625,0.75,1.),.UNSPECIFIED.);
#6195 = CARTESIAN_POINT('',(2.089053378873,1.570796326795));
#6196 = CARTESIAN_POINT('',(2.098373941296,1.613625040197));
#6197 = CARTESIAN_POINT('',(2.107947525813,1.656395991209));
#6198 = CARTESIAN_POINT('',(2.117765311582,1.699117831174));
#6199 = CARTESIAN_POINT('',(2.127816990286,1.741800719602));
#6200 = CARTESIAN_POINT('',(2.13809014435,1.784455547707));
#6201 = CARTESIAN_POINT('',(2.148569681801,1.827093583352));
#6202 = CARTESIAN_POINT('',(2.159237327764,1.869726537402));
#6203 = CARTESIAN_POINT('',(2.170071172612,1.912367051488));
#6204 = CARTESIAN_POINT('',(2.192019380885,1.997692162873));
#6205 = CARTESIAN_POINT('',(2.203133725894,2.040376759302));
#6206 = CARTESIAN_POINT('',(2.214361904821,2.083095991935));
#6207 = CARTESIAN_POINT('',(2.225674285096,2.125868298616));
#6208 = CARTESIAN_POINT('',(2.23703360104,2.168701704969));
#6209 = CARTESIAN_POINT('',(2.24839924228,2.211614112828));
#6210 = CARTESIAN_POINT('',(2.259725182746,2.254628347873));
#6211 = CARTESIAN_POINT('',(2.270953728212,2.297748960741));
#6212 = CARTESIAN_POINT('',(2.287559876228,2.362620350599));
#6213 = CARTESIAN_POINT('',(2.293055737369,2.384275627619));
#6214 = CARTESIAN_POINT('',(2.298504361435,2.405964241434));
#6215 = CARTESIAN_POINT('',(2.303897539783,2.427687927595));
#6216 = CARTESIAN_POINT('',(2.309226599483,2.449448298586));
#6217 = CARTESIAN_POINT('',(2.314482432131,2.471246841596));
#6218 = CARTESIAN_POINT('',(2.319655522654,2.493084916288));
#6219 = CARTESIAN_POINT('',(2.324735978124,2.514963752578));
#6220 = CARTESIAN_POINT('',(2.334691135012,2.558805144218));
#6221 = CARTESIAN_POINT('',(2.339566014362,2.580768684071));
#6222 = CARTESIAN_POINT('',(2.344326683721,2.602768690001));
#6223 = CARTESIAN_POINT('',(2.34896707578,2.624832188847));
#6224 = CARTESIAN_POINT('',(2.353467228142,2.646906542961));
#6225 = CARTESIAN_POINT('',(2.357827321242,2.669058125236));
#6226 = CARTESIAN_POINT('',(2.362028877588,2.691243667387));
#6227 = CARTESIAN_POINT('',(2.36606300296,2.713477093927));
#6228 = CARTESIAN_POINT('',(2.37762819148,2.780308048507));
#6229 = CARTESIAN_POINT('',(2.384622216508,2.825037225212));
#6230 = CARTESIAN_POINT('',(2.390810855515,2.869930954042));
#6231 = CARTESIAN_POINT('',(2.396107895258,2.914974744179));
#6232 = CARTESIAN_POINT('',(2.400435336914,2.96014995388));
#6233 = CARTESIAN_POINT('',(2.403728300343,3.005433040042));
#6234 = CARTESIAN_POINT('',(2.405939690318,3.050794372299));
#6235 = CARTESIAN_POINT('',(2.407044624721,3.096196611644));
#6236 = CARTESIAN_POINT('',(2.407044624721,3.14159265359));
#6237 = ( GEOMETRIC_REPRESENTATION_CONTEXT(2) 
PARAMETRIC_REPRESENTATION_CONTEXT() REPRESENTATION_CONTEXT('2D SPACE',''
  ) );
#6238 = PCURVE('',#2468,#6239);
#6239 = DEFINITIONAL_REPRESENTATION('',(#6240),#6263);
#6240 = B_SPLINE_CURVE_WITH_KNOTS('',6,(#6241,#6242,#6243,#6244,#6245,
    #6246,#6247,#6248,#6249,#6250,#6251,#6252,#6253,#6254,#6255,#6256,
    #6257,#6258,#6259,#6260,#6261,#6262),.UNSPECIFIED.,.F.,.F.,(7,5,5,5,
    7),(0.,0.188232710902,0.443677265004,0.693581784563,1.),
  .UNSPECIFIED.);
#6241 = CARTESIAN_POINT('',(-0.105057982449,4.712388980472));
#6242 = CARTESIAN_POINT('',(-0.107012925137,4.760759570133));
#6243 = CARTESIAN_POINT('',(-0.108980037608,4.809051341858));
#6244 = CARTESIAN_POINT('',(-0.110952845664,4.857280747776));
#6245 = CARTESIAN_POINT('',(-0.112924815819,4.905465978682));
#6246 = CARTESIAN_POINT('',(-0.114889254808,4.953627354299));
#6247 = CARTESIAN_POINT('',(-0.119485429295,5.067144587156));
#6248 = CARTESIAN_POINT('',(-0.12210487879,5.132497352116));
#6249 = CARTESIAN_POINT('',(-0.124680323741,5.197906423344));
#6250 = CARTESIAN_POINT('',(-0.127193279627,5.263433573057));
#6251 = CARTESIAN_POINT('',(-0.129623540857,5.329145119187));
#6252 = CARTESIAN_POINT('',(-0.134223452055,5.459654363257));
#6253 = CARTESIAN_POINT('',(-0.13639741895,5.5244352792));
#6254 = CARTESIAN_POINT('',(-0.138449788746,5.589530424857));
#6255 = CARTESIAN_POINT('',(-0.140357072366,5.654995654501));
#6256 = CARTESIAN_POINT('',(-0.142093030504,5.720875007434));
#6257 = CARTESIAN_POINT('',(-0.145518273894,5.868492362869));
#6258 = CARTESIAN_POINT('',(-0.147108961356,5.950480171725));
#6259 = CARTESIAN_POINT('',(-0.148353683276,6.033098639954));
#6260 = CARTESIAN_POINT('',(-0.149204423579,6.116241123199));
#6261 = CARTESIAN_POINT('',(-0.149629432653,6.199724262214));
#6262 = CARTESIAN_POINT('',(-0.149629432653,6.28318530718));
#6263 = ( GEOMETRIC_REPRESENTATION_CONTEXT(2) 
PARAMETRIC_REPRESENTATION_CONTEXT() REPRESENTATION_CONTEXT('2D SPACE',''
  ) );
#6264 = ORIENTED_EDGE('',*,*,#3748,.F.);
#6265 = ADVANCED_FACE('',(#6266),#2091,.T.);
#6266 = FACE_BOUND('',#6267,.T.);
#6267 = EDGE_LOOP('',(#6268,#6361,#6362,#6363));
#6268 = ORIENTED_EDGE('',*,*,#6269,.F.);
#6269 = EDGE_CURVE('',#2075,#3489,#6270,.T.);
#6270 = SURFACE_CURVE('',#6271,(#6294,#6335),.PCURVE_S1.);
#6271 = B_SPLINE_CURVE_WITH_KNOTS('',6,(#6272,#6273,#6274,#6275,#6276,
    #6277,#6278,#6279,#6280,#6281,#6282,#6283,#6284,#6285,#6286,#6287,
    #6288,#6289,#6290,#6291,#6292,#6293),.UNSPECIFIED.,.F.,.F.,(7,5,5,5,
    7),(0.,0.188441946214,0.445505773477,0.696938831203,1.),
  .UNSPECIFIED.);
#6272 = CARTESIAN_POINT('',(-4.3882817899,13.294471893702,16.));
#6273 = CARTESIAN_POINT('',(-4.377441486333,13.349044424075,
    16.000000001511));
#6274 = CARTESIAN_POINT('',(-4.366178137203,13.403605699976,
    15.997186078885));
#6275 = CARTESIAN_POINT('',(-4.354516653478,13.457946833972,
    15.991575465033));
#6276 = CARTESIAN_POINT('',(-4.342490180207,13.511863418907,
    15.983198709467));
#6277 = CARTESIAN_POINT('',(-4.330141325394,13.565155474856,
    15.972097702845));
#6278 = CARTESIAN_POINT('',(-4.300310580792,13.689207175238,
    15.939533843062));
#6279 = CARTESIAN_POINT('',(-4.282597754222,13.759258247437,
    15.915770410862));
#6280 = CARTESIAN_POINT('',(-4.264518872715,13.827287592272,
    15.887163336175));
#6281 = CARTESIAN_POINT('',(-4.246248077893,13.892808514241,
    15.853875316376));
#6282 = CARTESIAN_POINT('',(-4.228003543013,13.955338394146,
    15.816100596679));
#6283 = CARTESIAN_POINT('',(-4.192492338451,14.072160869401,
    15.732947689228));
#6284 = CARTESIAN_POINT('',(-4.175214402065,14.126598694863,
    15.687757925092));
#6285 = CARTESIAN_POINT('',(-4.158465118416,14.177263571896,
    15.638703950445));
#6286 = CARTESIAN_POINT('',(-4.142538840538,14.223689164546,
    15.586037988459));
#6287 = CARTESIAN_POINT('',(-4.127778197346,14.265397726971,
    15.53007136793));
#6288 = CARTESIAN_POINT('',(-4.098550047656,14.345978427778,
    15.400240481996));
#6289 = CARTESIAN_POINT('',(-4.084759488195,14.382526510221,
    15.325033581622));
#6290 = CARTESIAN_POINT('',(-4.073766200714,14.410734012181,
    15.24633965041));
#6291 = CARTESIAN_POINT('',(-4.066180672262,14.429864076126,
    15.165114208954));
#6292 = CARTESIAN_POINT('',(-4.062391984152,14.439424204832,
    15.082546239443));
#6293 = CARTESIAN_POINT('',(-4.062391984152,14.439424204832,15.));
#6294 = PCURVE('',#2091,#6295);
#6295 = DEFINITIONAL_REPRESENTATION('',(#6296),#6334);
#6296 = B_SPLINE_CURVE_WITH_KNOTS('',8,(#6297,#6298,#6299,#6300,#6301,
    #6302,#6303,#6304,#6305,#6306,#6307,#6308,#6309,#6310,#6311,#6312,
    #6313,#6314,#6315,#6316,#6317,#6318,#6319,#6320,#6321,#6322,#6323,
    #6324,#6325,#6326,#6327,#6328,#6329,#6330,#6331,#6332,#6333),
  .UNSPECIFIED.,.F.,.F.,(9,7,7,7,7,9),(0.,0.25,0.5,0.625,0.75,1.),
  .UNSPECIFIED.);
#6297 = CARTESIAN_POINT('',(0.317991245837,1.570796326768));
#6298 = CARTESIAN_POINT('',(0.307505585077,1.61897875858));
#6299 = CARTESIAN_POINT('',(0.296694610694,1.667086915291));
#6300 = CARTESIAN_POINT('',(0.285571547089,1.715133800346));
#6301 = CARTESIAN_POINT('',(0.274152308452,1.763135085205));
#6302 = CARTESIAN_POINT('',(0.262456883097,1.81110741896));
#6303 = CARTESIAN_POINT('',(0.250510558398,1.859067960933));
#6304 = CARTESIAN_POINT('',(0.238344986299,1.907035136255));
#6305 = CARTESIAN_POINT('',(0.213653192551,2.003026092601));
#6306 = CARTESIAN_POINT('',(0.20112696119,2.051050003271));
#6307 = CARTESIAN_POINT('',(0.188460132387,2.099120743618));
#6308 = CARTESIAN_POINT('',(0.175697781319,2.147269064571));
#6309 = CARTESIAN_POINT('',(0.162901600144,2.195496203341));
#6310 = CARTESIAN_POINT('',(0.150131766133,2.243854426943));
#6311 = CARTESIAN_POINT('',(0.137474254184,2.292344881654));
#6312 = CARTESIAN_POINT('',(0.118792304392,2.365325376478));
#6313 = CARTESIAN_POINT('',(0.112615803924,2.389692678418));
#6314 = CARTESIAN_POINT('',(0.106501689728,2.414103245919));
#6315 = CARTESIAN_POINT('',(0.100462421393,2.438559650892));
#6316 = CARTESIAN_POINT('',(9.451128278981E-02,2.463064237817));
#6317 = CARTESIAN_POINT('',(8.866231690072E-02,2.487619119613));
#6318 = CARTESIAN_POINT('',(8.293026065319E-02,2.512226173526));
#6319 = CARTESIAN_POINT('',(7.173069884842E-02,2.561547900478));
#6320 = CARTESIAN_POINT('',(6.626315682136E-02,2.586262705842));
#6321 = CARTESIAN_POINT('',(6.094351283749E-02,2.611031378798));
#6322 = CARTESIAN_POINT('',(5.578609430744E-02,2.63586401524));
#6323 = CARTESIAN_POINT('',(5.081168730213E-02,2.660737020402));
#6324 = CARTESIAN_POINT('',(4.60300210186E-02,2.685690454877));
#6325 = CARTESIAN_POINT('',(4.146321812549E-02,2.710694026666));
#6326 = CARTESIAN_POINT('',(2.845254913028E-02,2.785878161151));
#6327 = CARTESIAN_POINT('',(2.069939161384E-02,2.836226529688));
#6328 = CARTESIAN_POINT('',(1.400081457672E-02,2.886784320212));
#6329 = CARTESIAN_POINT('',(8.485281707978E-03,2.937528517131));
#6330 = CARTESIAN_POINT('',(4.264116241306E-03,2.98842852789));
#6331 = CARTESIAN_POINT('',(1.420627409303E-03,3.039444166161));
#6332 = CARTESIAN_POINT('',(8.830715767778E-09,3.090522369802));
#6333 = CARTESIAN_POINT('',(8.830715709021E-09,3.14159265359));
#6334 = ( GEOMETRIC_REPRESENTATION_CONTEXT(2) 
PARAMETRIC_REPRESENTATION_CONTEXT() REPRESENTATION_CONTEXT('2D SPACE',''
  ) );
#6335 = PCURVE('',#2120,#6336);
#6336 = DEFINITIONAL_REPRESENTATION('',(#6337),#6360);
#6337 = B_SPLINE_CURVE_WITH_KNOTS('',6,(#6338,#6339,#6340,#6341,#6342,
    #6343,#6344,#6345,#6346,#6347,#6348,#6349,#6350,#6351,#6352,#6353,
    #6354,#6355,#6356,#6357,#6358,#6359),.UNSPECIFIED.,.F.,.F.,(7,5,5,5,
    7),(0.,0.188441946214,0.445505773477,0.696938831203,1.),
  .UNSPECIFIED.);
#6338 = CARTESIAN_POINT('',(-4.457145263093E-02,4.712388980385));
#6339 = CARTESIAN_POINT('',(-4.26143316263E-02,4.760813467587));
#6340 = CARTESIAN_POINT('',(-4.064501372247E-02,4.809158960359));
#6341 = CARTESIAN_POINT('',(-3.866999476291E-02,4.857441967003));
#6342 = CARTESIAN_POINT('',(-3.669583014728E-02,4.905680741177));
#6343 = CARTESIAN_POINT('',(-3.47292359059E-02,4.95389567483));
#6344 = CARTESIAN_POINT('',(-3.011429831212E-02,5.067881032436));
#6345 = CARTESIAN_POINT('',(-2.747857819999E-02,5.133648353239));
#6346 = CARTESIAN_POINT('',(-2.488759212275E-02,5.199473310885));
#6347 = CARTESIAN_POINT('',(-2.236019055821E-02,5.265418900086));
#6348 = CARTESIAN_POINT('',(-1.991699511264E-02,5.331552740696));
#6349 = CARTESIAN_POINT('',(-1.529593921994E-02,5.462893605483));
#6350 = CARTESIAN_POINT('',(-1.311363609279E-02,5.528083341656));
#6351 = CARTESIAN_POINT('',(-1.105522591264E-02,5.593593523567));
#6352 = CARTESIAN_POINT('',(-9.14470369645E-03,5.65948066782));
#6353 = CARTESIAN_POINT('',(-7.40888209749E-03,5.725788929843));
#6354 = CARTESIAN_POINT('',(-4.024430450809E-03,5.872985085054));
#6355 = CARTESIAN_POINT('',(-2.466208169267E-03,5.954101705544));
#6356 = CARTESIAN_POINT('',(-1.247915185907E-03,6.035832310839));
#6357 = CARTESIAN_POINT('',(-4.157566244727E-04,6.118071325965));
#6358 = CARTESIAN_POINT('',(-1.59872115546E-14,6.200639067736));
#6359 = CARTESIAN_POINT('',(-1.59872115546E-14,6.28318530718));
#6360 = ( GEOMETRIC_REPRESENTATION_CONTEXT(2) 
PARAMETRIC_REPRESENTATION_CONTEXT() REPRESENTATION_CONTEXT('2D SPACE',''
  ) );
#6361 = ORIENTED_EDGE('',*,*,#2074,.T.);
#6362 = ORIENTED_EDGE('',*,*,#6064,.T.);
#6363 = ORIENTED_EDGE('',*,*,#3488,.F.);
#6364 = ADVANCED_FACE('',(#6365),#2468,.T.);
#6365 = FACE_BOUND('',#6366,.F.);
#6366 = EDGE_LOOP('',(#6367,#6368,#6461,#6462));
#6367 = ORIENTED_EDGE('',*,*,#3824,.F.);
#6368 = ORIENTED_EDGE('',*,*,#6369,.F.);
#6369 = EDGE_CURVE('',#2423,#3825,#6370,.T.);
#6370 = SURFACE_CURVE('',#6371,(#6394,#6420),.PCURVE_S1.);
#6371 = B_SPLINE_CURVE_WITH_KNOTS('',6,(#6372,#6373,#6374,#6375,#6376,
    #6377,#6378,#6379,#6380,#6381,#6382,#6383,#6384,#6385,#6386,#6387,
    #6388,#6389,#6390,#6391,#6392,#6393),.UNSPECIFIED.,.F.,.F.,(7,5,5,5,
    7),(0.,0.188441946214,0.445505773476,0.696938831202,1.),
  .UNSPECIFIED.);
#6372 = CARTESIAN_POINT('',(-9.319209494894,-10.44759945586,16.));
#6373 = CARTESIAN_POINT('',(-9.37189084433,-10.46549774278,
    16.000000001511));
#6374 = CARTESIAN_POINT('',(-9.424773969887,-10.48302403425,
    15.997186078885));
#6375 = CARTESIAN_POINT('',(-9.477665514261,-10.5000954601,
    15.991575465033));
#6376 = CARTESIAN_POINT('',(-9.530371883135,-10.51663852119,
    15.983198709467));
#6377 = CARTESIAN_POINT('',(-9.582698584814,-10.53259012719,
    15.972097702845));
#6378 = CARTESIAN_POINT('',(-9.705045881028,-10.56878179474,
    15.939533843062));
#6379 = CARTESIAN_POINT('',(-9.7745683024,-10.58846757306,
    15.915770410862));
#6380 = CARTESIAN_POINT('',(-9.842522883983,-10.60682547482,
    15.887163336175));
#6381 = CARTESIAN_POINT('',(-9.908401064299,-10.62376296334,
    15.853875316376));
#6382 = CARTESIAN_POINT('',(-9.971675796232,-10.63922767261,
    15.816100596679));
#6383 = CARTESIAN_POINT('',(-10.09060262981,-10.66688530497,
    15.732947689228));
#6384 = CARTESIAN_POINT('',(-10.14638613778,-10.67914108586,
    15.687757925092));
#6385 = CARTESIAN_POINT('',(-10.1986378502,-10.68996821924,
    15.638703950444));
#6386 = CARTESIAN_POINT('',(-10.24680673176,-10.69938845434,
    15.586037988459));
#6387 = CARTESIAN_POINT('',(-10.29030772797,-10.70745964357,
    15.53007136793));
#6388 = CARTESIAN_POINT('',(-10.37470673677,-10.72243767384,
    15.400240481996));
#6389 = CARTESIAN_POINT('',(-10.41325358435,-10.72876874023,
    15.325033581623));
#6390 = CARTESIAN_POINT('',(-10.44317864137,-10.73335202498,
    15.24633965041));
#6391 = CARTESIAN_POINT('',(-10.46353852695,-10.73634779661,
    15.165114208954));
#6392 = CARTESIAN_POINT('',(-10.47371218532,-10.73784676082,
    15.082546239443));
#6393 = CARTESIAN_POINT('',(-10.47371218532,-10.73784676082,15.));
#6394 = PCURVE('',#2468,#6395);
#6395 = DEFINITIONAL_REPRESENTATION('',(#6396),#6419);
#6396 = B_SPLINE_CURVE_WITH_KNOTS('',6,(#6397,#6398,#6399,#6400,#6401,
    #6402,#6403,#6404,#6405,#6406,#6407,#6408,#6409,#6410,#6411,#6412,
    #6413,#6414,#6415,#6416,#6417,#6418),.UNSPECIFIED.,.F.,.F.,(7,5,5,5,
    7),(0.,0.188441946214,0.445505773476,0.696938831202,1.),
  .UNSPECIFIED.);
#6397 = CARTESIAN_POINT('',(-4.457145263093E-02,4.712388980385));
#6398 = CARTESIAN_POINT('',(-4.261433162632E-02,4.760813467587));
#6399 = CARTESIAN_POINT('',(-4.064501372247E-02,4.809158960359));
#6400 = CARTESIAN_POINT('',(-3.866999476291E-02,4.857441967003));
#6401 = CARTESIAN_POINT('',(-3.669583014729E-02,4.905680741177));
#6402 = CARTESIAN_POINT('',(-3.472923590591E-02,4.95389567483));
#6403 = CARTESIAN_POINT('',(-3.011429831213E-02,5.067881032436));
#6404 = CARTESIAN_POINT('',(-2.74785782E-02,5.133648353239));
#6405 = CARTESIAN_POINT('',(-2.488759212275E-02,5.199473310885));
#6406 = CARTESIAN_POINT('',(-2.236019055822E-02,5.265418900086));
#6407 = CARTESIAN_POINT('',(-1.991699511265E-02,5.331552740696));
#6408 = CARTESIAN_POINT('',(-1.529593921995E-02,5.462893605483));
#6409 = CARTESIAN_POINT('',(-1.311363609281E-02,5.528083341656));
#6410 = CARTESIAN_POINT('',(-1.105522591264E-02,5.593593523567));
#6411 = CARTESIAN_POINT('',(-9.144703696465E-03,5.65948066782));
#6412 = CARTESIAN_POINT('',(-7.408882097499E-03,5.725788929843));
#6413 = CARTESIAN_POINT('',(-4.024430450817E-03,5.872985085055));
#6414 = CARTESIAN_POINT('',(-2.466208169284E-03,5.954101705543));
#6415 = CARTESIAN_POINT('',(-1.247915185913E-03,6.035832310839));
#6416 = CARTESIAN_POINT('',(-4.157566244851E-04,6.118071325965));
#6417 = CARTESIAN_POINT('',(-2.75335310107E-14,6.200639067737));
#6418 = CARTESIAN_POINT('',(-2.75335310107E-14,6.28318530718));
#6419 = ( GEOMETRIC_REPRESENTATION_CONTEXT(2) 
PARAMETRIC_REPRESENTATION_CONTEXT() REPRESENTATION_CONTEXT('2D SPACE',''
  ) );
#6420 = PCURVE('',#2439,#6421);
#6421 = DEFINITIONAL_REPRESENTATION('',(#6422),#6460);
#6422 = B_SPLINE_CURVE_WITH_KNOTS('',8,(#6423,#6424,#6425,#6426,#6427,
    #6428,#6429,#6430,#6431,#6432,#6433,#6434,#6435,#6436,#6437,#6438,
    #6439,#6440,#6441,#6442,#6443,#6444,#6445,#6446,#6447,#6448,#6449,
    #6450,#6451,#6452,#6453,#6454,#6455,#6456,#6457,#6458,#6459),
  .UNSPECIFIED.,.F.,.F.,(9,7,7,7,7,9),(0.,0.25,0.5,0.625,0.75,1.),
  .UNSPECIFIED.);
#6423 = CARTESIAN_POINT('',(0.317991245837,1.570796326768));
#6424 = CARTESIAN_POINT('',(0.307505585077,1.61897875858));
#6425 = CARTESIAN_POINT('',(0.296694610694,1.667086915292));
#6426 = CARTESIAN_POINT('',(0.285571547089,1.715133800346));
#6427 = CARTESIAN_POINT('',(0.274152308452,1.763135085205));
#6428 = CARTESIAN_POINT('',(0.262456883097,1.811107418961));
#6429 = CARTESIAN_POINT('',(0.250510558398,1.859067960934));
#6430 = CARTESIAN_POINT('',(0.238344986299,1.907035136255));
#6431 = CARTESIAN_POINT('',(0.213653192551,2.003026092601));
#6432 = CARTESIAN_POINT('',(0.20112696119,2.051050003272));
#6433 = CARTESIAN_POINT('',(0.188460132387,2.099120743618));
#6434 = CARTESIAN_POINT('',(0.175697781318,2.147269064572));
#6435 = CARTESIAN_POINT('',(0.162901600144,2.195496203342));
#6436 = CARTESIAN_POINT('',(0.150131766133,2.243854426944));
#6437 = CARTESIAN_POINT('',(0.137474254183,2.292344881655));
#6438 = CARTESIAN_POINT('',(0.118792304392,2.365325376479));
#6439 = CARTESIAN_POINT('',(0.112615803924,2.389692678419));
#6440 = CARTESIAN_POINT('',(0.106501689728,2.41410324592));
#6441 = CARTESIAN_POINT('',(0.100462421393,2.438559650893));
#6442 = CARTESIAN_POINT('',(9.451128278951E-02,2.463064237818));
#6443 = CARTESIAN_POINT('',(8.866231690043E-02,2.487619119614));
#6444 = CARTESIAN_POINT('',(8.29302606529E-02,2.512226173527));
#6445 = CARTESIAN_POINT('',(7.173069884814E-02,2.561547900479));
#6446 = CARTESIAN_POINT('',(6.626315682109E-02,2.586262705842));
#6447 = CARTESIAN_POINT('',(6.094351283724E-02,2.6110313788));
#6448 = CARTESIAN_POINT('',(5.578609430716E-02,2.63586401524));
#6449 = CARTESIAN_POINT('',(5.081168730188E-02,2.660737020404));
#6450 = CARTESIAN_POINT('',(4.603002101836E-02,2.685690454878));
#6451 = CARTESIAN_POINT('',(4.146321812527E-02,2.710694026667));
#6452 = CARTESIAN_POINT('',(2.845254913012E-02,2.785878161151));
#6453 = CARTESIAN_POINT('',(2.069939161371E-02,2.836226529688));
#6454 = CARTESIAN_POINT('',(1.400081457661E-02,2.886784320213));
#6455 = CARTESIAN_POINT('',(8.485281707887E-03,2.937528517131));
#6456 = CARTESIAN_POINT('',(4.264116241238E-03,2.98842852789));
#6457 = CARTESIAN_POINT('',(1.420627409251E-03,3.039444166161));
#6458 = CARTESIAN_POINT('',(8.830665218917E-09,3.090522369802));
#6459 = CARTESIAN_POINT('',(8.830665088055E-09,3.14159265359));
#6460 = ( GEOMETRIC_REPRESENTATION_CONTEXT(2) 
PARAMETRIC_REPRESENTATION_CONTEXT() REPRESENTATION_CONTEXT('2D SPACE',''
  ) );
#6461 = ORIENTED_EDGE('',*,*,#2451,.T.);
#6462 = ORIENTED_EDGE('',*,*,#6167,.T.);
#6463 = ADVANCED_FACE('',(#6464),#2120,.T.);
#6464 = FACE_BOUND('',#6465,.F.);
#6465 = EDGE_LOOP('',(#6466,#6467,#6468,#6469));
#6466 = ORIENTED_EDGE('',*,*,#3604,.F.);
#6467 = ORIENTED_EDGE('',*,*,#6269,.F.);
#6468 = ORIENTED_EDGE('',*,*,#2103,.T.);
#6469 = ORIENTED_EDGE('',*,*,#6470,.T.);
#6470 = EDGE_CURVE('',#2104,#3584,#6471,.T.);
#6471 = SURFACE_CURVE('',#6472,(#6495,#6521),.PCURVE_S1.);
#6472 = B_SPLINE_CURVE_WITH_KNOTS('',6,(#6473,#6474,#6475,#6476,#6477,
    #6478,#6479,#6480,#6481,#6482,#6483,#6484,#6485,#6486,#6487,#6488,
    #6489,#6490,#6491,#6492,#6493,#6494),.UNSPECIFIED.,.F.,.F.,(7,5,5,5,
    7),(0.,0.188232710919,0.443677265015,0.69358178457,1.),
  .UNSPECIFIED.);
#6473 = CARTESIAN_POINT('',(-5.183902930637,13.004889480775,16.));
#6474 = CARTESIAN_POINT('',(-5.22723734547,13.039687677309,
    16.000000001501));
#6475 = CARTESIAN_POINT('',(-5.270887893295,13.074205948509,
    15.997192339317));
#6476 = CARTESIAN_POINT('',(-5.31470173194,13.108300769662,
    15.991594188702));
#6477 = CARTESIAN_POINT('',(-5.358522606864,13.141837302301,
    15.983235982706));
#6478 = CARTESIAN_POINT('',(-5.402189881412,13.174690139568,
    15.972159447197));
#6479 = CARTESIAN_POINT('',(-5.504363316244,13.250243383963,
    15.939764351854));
#6480 = CARTESIAN_POINT('',(-5.562598411194,13.292269980155,
    15.916201547649));
#6481 = CARTESIAN_POINT('',(-5.619831179079,13.332537631538,
    15.887854638668));
#6482 = CARTESIAN_POINT('',(-5.675623993921,13.370790063364,
    15.854883018506));
#6483 = CARTESIAN_POINT('',(-5.729508978075,13.406801673462,
    15.817476816926));
#6484 = CARTESIAN_POINT('',(-5.831342054934,13.473226665397,
    15.735137170783));
#6485 = CARTESIAN_POINT('',(-5.879389258996,13.503741518043,
    15.690388203513));
#6486 = CARTESIAN_POINT('',(-5.924658120375,13.531742821492,
    15.641813739797));
#6487 = CARTESIAN_POINT('',(-5.966634098367,13.557065096574,
    15.589660151185));
#6488 = CARTESIAN_POINT('',(-6.004759328942,13.579564666476,
    15.534230860553));
#6489 = CARTESIAN_POINT('',(-6.07985001101,13.623088840705,
    15.404402354568));
#6490 = CARTESIAN_POINT('',(-6.114619666672,13.642639289081,
    15.328519043627));
#6491 = CARTESIAN_POINT('',(-6.141749845019,13.657502272056,
    15.2490392102));
#6492 = CARTESIAN_POINT('',(-6.160261108682,13.667498778195,
    15.166944430393));
#6493 = CARTESIAN_POINT('',(-6.169510164643,13.672495907052,
    15.083461044965));
#6494 = CARTESIAN_POINT('',(-6.169510164643,13.672495907052,15.));
#6495 = PCURVE('',#2120,#6496);
#6496 = DEFINITIONAL_REPRESENTATION('',(#6497),#6520);
#6497 = B_SPLINE_CURVE_WITH_KNOTS('',6,(#6498,#6499,#6500,#6501,#6502,
    #6503,#6504,#6505,#6506,#6507,#6508,#6509,#6510,#6511,#6512,#6513,
    #6514,#6515,#6516,#6517,#6518,#6519),.UNSPECIFIED.,.F.,.F.,(7,5,5,5,
    7),(0.,0.188232710919,0.443677265015,0.69358178457,1.),
  .UNSPECIFIED.);
#6498 = CARTESIAN_POINT('',(-0.105057982452,4.712388980408));
#6499 = CARTESIAN_POINT('',(-0.10701292513,4.760759570153));
#6500 = CARTESIAN_POINT('',(-0.10898003761,4.809051341815));
#6501 = CARTESIAN_POINT('',(-0.110952845665,4.857280747741));
#6502 = CARTESIAN_POINT('',(-0.112924815816,4.905465978689));
#6503 = CARTESIAN_POINT('',(-0.114889254808,4.953627354294));
#6504 = CARTESIAN_POINT('',(-0.119485429295,5.067144587156));
#6505 = CARTESIAN_POINT('',(-0.12210487879,5.132497352116));
#6506 = CARTESIAN_POINT('',(-0.124680323741,5.197906423344));
#6507 = CARTESIAN_POINT('',(-0.127193279627,5.263433573057));
#6508 = CARTESIAN_POINT('',(-0.129623540857,5.329145119187));
#6509 = CARTESIAN_POINT('',(-0.134223452055,5.459654363257));
#6510 = CARTESIAN_POINT('',(-0.13639741895,5.5244352792));
#6511 = CARTESIAN_POINT('',(-0.138449788746,5.589530424857));
#6512 = CARTESIAN_POINT('',(-0.140357072366,5.654995654501));
#6513 = CARTESIAN_POINT('',(-0.142093030504,5.720875007434));
#6514 = CARTESIAN_POINT('',(-0.145518273894,5.868492362869));
#6515 = CARTESIAN_POINT('',(-0.147108961356,5.950480171725));
#6516 = CARTESIAN_POINT('',(-0.148353683276,6.033098639954));
#6517 = CARTESIAN_POINT('',(-0.149204423579,6.116241123199));
#6518 = CARTESIAN_POINT('',(-0.149629432653,6.199724262214));
#6519 = CARTESIAN_POINT('',(-0.149629432653,6.28318530718));
#6520 = ( GEOMETRIC_REPRESENTATION_CONTEXT(2) 
PARAMETRIC_REPRESENTATION_CONTEXT() REPRESENTATION_CONTEXT('2D SPACE',''
  ) );
#6521 = PCURVE('',#2149,#6522);
#6522 = DEFINITIONAL_REPRESENTATION('',(#6523),#6566);
#6523 = B_SPLINE_CURVE_WITH_KNOTS('',9,(#6524,#6525,#6526,#6527,#6528,
    #6529,#6530,#6531,#6532,#6533,#6534,#6535,#6536,#6537,#6538,#6539,
    #6540,#6541,#6542,#6543,#6544,#6545,#6546,#6547,#6548,#6549,#6550,
    #6551,#6552,#6553,#6554,#6555,#6556,#6557,#6558,#6559,#6560,#6561,
    #6562,#6563,#6564,#6565),.UNSPECIFIED.,.F.,.F.,(10,8,8,8,8,10),(0.,
    0.25,0.5,0.625,0.75,1.),.UNSPECIFIED.);
#6524 = CARTESIAN_POINT('',(2.089053378845,1.570796326795));
#6525 = CARTESIAN_POINT('',(2.098373941317,1.613625040123));
#6526 = CARTESIAN_POINT('',(2.107947525803,1.656395991184));
#6527 = CARTESIAN_POINT('',(2.11776531156,1.699117831167));
#6528 = CARTESIAN_POINT('',(2.127816990277,1.741800719576));
#6529 = CARTESIAN_POINT('',(2.138090144352,1.784455547665));
#6530 = CARTESIAN_POINT('',(2.148569681799,1.827093583319));
#6531 = CARTESIAN_POINT('',(2.159237327753,1.869726537384));
#6532 = CARTESIAN_POINT('',(2.170071172605,1.912367051463));
#6533 = CARTESIAN_POINT('',(2.192019380879,1.99769216285));
#6534 = CARTESIAN_POINT('',(2.203133725888,2.040376759281));
#6535 = CARTESIAN_POINT('',(2.214361904816,2.083095991914));
#6536 = CARTESIAN_POINT('',(2.22567428509,2.125868298595));
#6537 = CARTESIAN_POINT('',(2.237033601035,2.16870170495));
#6538 = CARTESIAN_POINT('',(2.248399242275,2.21161411281));
#6539 = CARTESIAN_POINT('',(2.259725182741,2.254628347855));
#6540 = CARTESIAN_POINT('',(2.270953728207,2.297748960724));
#6541 = CARTESIAN_POINT('',(2.287559876224,2.362620350583));
#6542 = CARTESIAN_POINT('',(2.293055737366,2.384275627604));
#6543 = CARTESIAN_POINT('',(2.298504361431,2.405964241419));
#6544 = CARTESIAN_POINT('',(2.303897539779,2.42768792758));
#6545 = CARTESIAN_POINT('',(2.30922659948,2.449448298572));
#6546 = CARTESIAN_POINT('',(2.314482432128,2.471246841582));
#6547 = CARTESIAN_POINT('',(2.319655522651,2.493084916275));
#6548 = CARTESIAN_POINT('',(2.324735978121,2.514963752565));
#6549 = CARTESIAN_POINT('',(2.334691135009,2.558805144206));
#6550 = CARTESIAN_POINT('',(2.339566014359,2.580768684059));
#6551 = CARTESIAN_POINT('',(2.344326683719,2.602768689991));
#6552 = CARTESIAN_POINT('',(2.348967075778,2.624832188835));
#6553 = CARTESIAN_POINT('',(2.35346722814,2.646906542953));
#6554 = CARTESIAN_POINT('',(2.35782732124,2.669058125225));
#6555 = CARTESIAN_POINT('',(2.362028877586,2.691243667378));
#6556 = CARTESIAN_POINT('',(2.366063002959,2.713477093918));
#6557 = CARTESIAN_POINT('',(2.377628191479,2.7803080485));
#6558 = CARTESIAN_POINT('',(2.384622216507,2.825037225206));
#6559 = CARTESIAN_POINT('',(2.390810855514,2.869930954036));
#6560 = CARTESIAN_POINT('',(2.396107895257,2.914974744174));
#6561 = CARTESIAN_POINT('',(2.400435336914,2.960149953876));
#6562 = CARTESIAN_POINT('',(2.403728300343,3.005433040039));
#6563 = CARTESIAN_POINT('',(2.405939690318,3.050794372297));
#6564 = CARTESIAN_POINT('',(2.407044624721,3.096196611643));
#6565 = CARTESIAN_POINT('',(2.407044624721,3.14159265359));
#6566 = ( GEOMETRIC_REPRESENTATION_CONTEXT(2) 
PARAMETRIC_REPRESENTATION_CONTEXT() REPRESENTATION_CONTEXT('2D SPACE',''
  ) );
#6567 = ADVANCED_FACE('',(#6568),#2439,.T.);
#6568 = FACE_BOUND('',#6569,.T.);
#6569 = EDGE_LOOP('',(#6570,#6571,#6572,#6670));
#6570 = ORIENTED_EDGE('',*,*,#6369,.F.);
#6571 = ORIENTED_EDGE('',*,*,#2422,.T.);
#6572 = ORIENTED_EDGE('',*,*,#6573,.T.);
#6573 = EDGE_CURVE('',#2394,#3920,#6574,.T.);
#6574 = SURFACE_CURVE('',#6575,(#6598,#6644),.PCURVE_S1.);
#6575 = B_SPLINE_CURVE_WITH_KNOTS('',6,(#6576,#6577,#6578,#6579,#6580,
    #6581,#6582,#6583,#6584,#6585,#6586,#6587,#6588,#6589,#6590,#6591,
    #6592,#6593,#6594,#6595,#6596,#6597),.UNSPECIFIED.,.F.,.F.,(7,5,5,5,
    7),(0.,0.188232710958,0.443677265042,0.693581784584,1.),
  .UNSPECIFIED.);
#6576 = CARTESIAN_POINT('',(-11.90714069045,-7.363423156048,16.));
#6577 = CARTESIAN_POINT('',(-11.93388528237,-7.412141866978,
    16.000000001505));
#6578 = CARTESIAN_POINT('',(-11.96029930509,-7.461123299978,
    15.997192339323));
#6579 = CARTESIAN_POINT('',(-11.98626795608,-7.510192011532,
    15.991594188709));
#6580 = CARTESIAN_POINT('',(-12.01168557852,-7.559170706599,
    15.983235982713));
#6581 = CARTESIAN_POINT('',(-12.03645656465,-7.607879412509,
    15.9721594472));
#6582 = CARTESIAN_POINT('',(-12.09311975474,-7.721620286502,
    15.939764351854));
#6583 = CARTESIAN_POINT('',(-12.12439545439,-7.786268501348,
    15.916201547649));
#6584 = CARTESIAN_POINT('',(-12.15411298382,-7.849624179169,
    15.887854638668));
#6585 = CARTESIAN_POINT('',(-12.18209595463,-7.911211840865,
    15.854883018506));
#6586 = CARTESIAN_POINT('',(-12.20820343815,-7.970531541499,
    15.817476816926));
#6587 = CARTESIAN_POINT('',(-12.25593615698,-8.082352123904,
    15.735137170783));
#6588 = CARTESIAN_POINT('',(-12.27764411102,-8.134968231529,
    15.690388203513));
#6589 = CARTESIAN_POINT('',(-12.29735915647,-8.184411732502,
    15.641813739797));
#6590 = CARTESIAN_POINT('',(-12.31500767721,-8.230147167991,
    15.589660151185));
#6591 = CARTESIAN_POINT('',(-12.33054505127,-8.271600199958,
    15.534230860553));
#6592 = CARTESIAN_POINT('',(-12.3603686354,-8.353107979378,
    15.404402354568));
#6593 = CARTESIAN_POINT('',(-12.37358438119,-8.390744305575,
    15.328519043627));
#6594 = CARTESIAN_POINT('',(-12.38351045602,-8.42004324546,15.2490392102
    ));
#6595 = CARTESIAN_POINT('',(-12.39014064557,-8.440009156508,
    15.166944430393));
#6596 = CARTESIAN_POINT('',(-12.3934557751,-8.449985440847,
    15.083461044965));
#6597 = CARTESIAN_POINT('',(-12.3934557751,-8.449985440847,15.));
#6598 = PCURVE('',#2439,#6599);
#6599 = DEFINITIONAL_REPRESENTATION('',(#6600),#6643);
#6600 = B_SPLINE_CURVE_WITH_KNOTS('',9,(#6601,#6602,#6603,#6604,#6605,
    #6606,#6607,#6608,#6609,#6610,#6611,#6612,#6613,#6614,#6615,#6616,
    #6617,#6618,#6619,#6620,#6621,#6622,#6623,#6624,#6625,#6626,#6627,
    #6628,#6629,#6630,#6631,#6632,#6633,#6634,#6635,#6636,#6637,#6638,
    #6639,#6640,#6641,#6642),.UNSPECIFIED.,.F.,.F.,(10,8,8,8,8,10),(0.,
    0.25,0.5,0.625,0.75,1.),.UNSPECIFIED.);
#6601 = CARTESIAN_POINT('',(2.089053378777,1.570796326795));
#6602 = CARTESIAN_POINT('',(2.098373941364,1.613625039947));
#6603 = CARTESIAN_POINT('',(2.107947525778,1.656395991125));
#6604 = CARTESIAN_POINT('',(2.117765311511,1.69911783115));
#6605 = CARTESIAN_POINT('',(2.127816990257,1.741800719515));
#6606 = CARTESIAN_POINT('',(2.138090144358,1.784455547567));
#6607 = CARTESIAN_POINT('',(2.148569681794,1.82709358324));
#6608 = CARTESIAN_POINT('',(2.159237327728,1.869726537341));
#6609 = CARTESIAN_POINT('',(2.170071172591,1.912367051406));
#6610 = CARTESIAN_POINT('',(2.192019380865,1.997692162797));
#6611 = CARTESIAN_POINT('',(2.203133725875,2.040376759229));
#6612 = CARTESIAN_POINT('',(2.214361904802,2.083095991864));
#6613 = CARTESIAN_POINT('',(2.225674285077,2.125868298548));
#6614 = CARTESIAN_POINT('',(2.237033601023,2.168701704904));
#6615 = CARTESIAN_POINT('',(2.248399242263,2.211614112767));
#6616 = CARTESIAN_POINT('',(2.25972518273,2.254628347814));
#6617 = CARTESIAN_POINT('',(2.270953728197,2.297748960685));
#6618 = CARTESIAN_POINT('',(2.287559876215,2.362620350547));
#6619 = CARTESIAN_POINT('',(2.293055737356,2.384275627569));
#6620 = CARTESIAN_POINT('',(2.298504361423,2.405964241385));
#6621 = CARTESIAN_POINT('',(2.303897539771,2.427687927547));
#6622 = CARTESIAN_POINT('',(2.309226599472,2.44944829854));
#6623 = CARTESIAN_POINT('',(2.31448243212,2.47124684155));
#6624 = CARTESIAN_POINT('',(2.319655522644,2.493084916245));
#6625 = CARTESIAN_POINT('',(2.324735978114,2.514963752536));
#6626 = CARTESIAN_POINT('',(2.334691135003,2.558805144179));
#6627 = CARTESIAN_POINT('',(2.339566014353,2.580768684033));
#6628 = CARTESIAN_POINT('',(2.344326683714,2.602768689965));
#6629 = CARTESIAN_POINT('',(2.348967075773,2.624832188812));
#6630 = CARTESIAN_POINT('',(2.353467228135,2.646906542929));
#6631 = CARTESIAN_POINT('',(2.357827321236,2.669058125204));
#6632 = CARTESIAN_POINT('',(2.362028877582,2.691243667356));
#6633 = CARTESIAN_POINT('',(2.366063002955,2.713477093898));
#6634 = CARTESIAN_POINT('',(2.377628191476,2.780308048483));
#6635 = CARTESIAN_POINT('',(2.384622216505,2.825037225191));
#6636 = CARTESIAN_POINT('',(2.390810855512,2.869930954024));
#6637 = CARTESIAN_POINT('',(2.396107895256,2.914974744163));
#6638 = CARTESIAN_POINT('',(2.400435336913,2.960149953867));
#6639 = CARTESIAN_POINT('',(2.403728300343,3.005433040033));
#6640 = CARTESIAN_POINT('',(2.405939690317,3.050794372293));
#6641 = CARTESIAN_POINT('',(2.407044624721,3.096196611641));
#6642 = CARTESIAN_POINT('',(2.407044624721,3.14159265359));
#6643 = ( GEOMETRIC_REPRESENTATION_CONTEXT(2) 
PARAMETRIC_REPRESENTATION_CONTEXT() REPRESENTATION_CONTEXT('2D SPACE',''
  ) );
#6644 = PCURVE('',#2410,#6645);
#6645 = DEFINITIONAL_REPRESENTATION('',(#6646),#6669);
#6646 = B_SPLINE_CURVE_WITH_KNOTS('',6,(#6647,#6648,#6649,#6650,#6651,
    #6652,#6653,#6654,#6655,#6656,#6657,#6658,#6659,#6660,#6661,#6662,
    #6663,#6664,#6665,#6666,#6667,#6668),.UNSPECIFIED.,.F.,.F.,(7,5,5,5,
    7),(0.,0.188232710958,0.443677265042,0.693581784584,1.),
  .UNSPECIFIED.);
#6647 = CARTESIAN_POINT('',(-0.105057982458,4.712388980259));
#6648 = CARTESIAN_POINT('',(-0.107012925112,4.760759570201));
#6649 = CARTESIAN_POINT('',(-0.108980037615,4.809051341714));
#6650 = CARTESIAN_POINT('',(-0.11095284567,4.857280747659));
#6651 = CARTESIAN_POINT('',(-0.112924815809,4.905465978704));
#6652 = CARTESIAN_POINT('',(-0.114889254807,4.953627354282));
#6653 = CARTESIAN_POINT('',(-0.119485429295,5.067144587156));
#6654 = CARTESIAN_POINT('',(-0.12210487879,5.132497352116));
#6655 = CARTESIAN_POINT('',(-0.124680323741,5.197906423344));
#6656 = CARTESIAN_POINT('',(-0.127193279627,5.263433573057));
#6657 = CARTESIAN_POINT('',(-0.129623540857,5.329145119187));
#6658 = CARTESIAN_POINT('',(-0.134223452055,5.459654363257));
#6659 = CARTESIAN_POINT('',(-0.13639741895,5.5244352792));
#6660 = CARTESIAN_POINT('',(-0.138449788746,5.589530424857));
#6661 = CARTESIAN_POINT('',(-0.140357072366,5.654995654501));
#6662 = CARTESIAN_POINT('',(-0.142093030504,5.720875007434));
#6663 = CARTESIAN_POINT('',(-0.145518273894,5.868492362869));
#6664 = CARTESIAN_POINT('',(-0.147108961356,5.950480171725));
#6665 = CARTESIAN_POINT('',(-0.148353683276,6.033098639954));
#6666 = CARTESIAN_POINT('',(-0.149204423579,6.116241123199));
#6667 = CARTESIAN_POINT('',(-0.149629432653,6.199724262214));
#6668 = CARTESIAN_POINT('',(-0.149629432653,6.28318530718));
#6669 = ( GEOMETRIC_REPRESENTATION_CONTEXT(2) 
PARAMETRIC_REPRESENTATION_CONTEXT() REPRESENTATION_CONTEXT('2D SPACE',''
  ) );
#6670 = ORIENTED_EDGE('',*,*,#3940,.F.);
#6671 = ADVANCED_FACE('',(#6672),#2149,.T.);
#6672 = FACE_BOUND('',#6673,.T.);
#6673 = EDGE_LOOP('',(#6674,#6767,#6768,#6769));
#6674 = ORIENTED_EDGE('',*,*,#6675,.F.);
#6675 = EDGE_CURVE('',#2133,#3681,#6676,.T.);
#6676 = SURFACE_CURVE('',#6677,(#6700,#6741),.PCURVE_S1.);
#6677 = B_SPLINE_CURVE_WITH_KNOTS('',6,(#6678,#6679,#6680,#6681,#6682,
    #6683,#6684,#6685,#6686,#6687,#6688,#6689,#6690,#6691,#6692,#6693,
    #6694,#6695,#6696,#6697,#6698,#6699),.UNSPECIFIED.,.F.,.F.,(7,5,5,5,
    7),(0.,0.188441946211,0.445505773474,0.696938831201,1.),
  .UNSPECIFIED.);
#6678 = CARTESIAN_POINT('',(-8.670613198412,10.991836369029,16.));
#6679 = CARTESIAN_POINT('',(-8.679091549828,11.046825375293,
    16.000000001511));
#6680 = CARTESIAN_POINT('',(-8.687168519147,11.101948495924,
    15.997186078884));
#6681 = CARTESIAN_POINT('',(-8.694796071382,11.157000920879,
    15.991575465033));
#6682 = CARTESIAN_POINT('',(-8.701935441313,11.21177923399,
    15.983198709467));
#6683 = CARTESIAN_POINT('',(-8.708558270179,11.266080942805,
    15.972097702844));
#6684 = CARTESIAN_POINT('',(-8.722954719948,11.392854125793,
    15.939533843062));
#6685 = CARTESIAN_POINT('',(-8.73026898528,11.464738744899,
    15.915770410862));
#6686 = CARTESIAN_POINT('',(-8.736547800007,11.534848759881,
    15.887163336175));
#6687 = CARTESIAN_POINT('',(-8.741788344059,11.602667266627,
    15.853875316376));
#6688 = CARTESIAN_POINT('',(-8.74603056775,11.667666131787,
    15.816100596679));
#6689 = CARTESIAN_POINT('',(-8.752616590598,11.789588897,15.732947689228
    ));
#6690 = CARTESIAN_POINT('',(-8.754999474141,11.846653122156,
    15.687757925092));
#6691 = CARTESIAN_POINT('',(-8.756588704396,11.899991125632,
    15.638703950444));
#6692 = CARTESIAN_POINT('',(-8.75750138645,11.949064020303,
    15.586037988459));
#6693 = CARTESIAN_POINT('',(-8.757896087463,11.993305685938,
    15.53007136793));
#6694 = CARTESIAN_POINT('',(-8.75799083372,12.07902339181,
    15.400240481996));
#6695 = CARTESIAN_POINT('',(-8.757532127153,12.118084004308,
    15.325033581623));
#6696 = CARTESIAN_POINT('',(-8.756849349892,12.148350311512,
    15.246339650409));
#6697 = CARTESIAN_POINT('',(-8.756264151993,12.168921094964,
    15.165114208955));
#6698 = CARTESIAN_POINT('',(-8.755973706324,12.179200485014,
    15.082546239443));
#6699 = CARTESIAN_POINT('',(-8.755973706324,12.179200485014,15.));
#6700 = PCURVE('',#2149,#6701);
#6701 = DEFINITIONAL_REPRESENTATION('',(#6702),#6740);
#6702 = B_SPLINE_CURVE_WITH_KNOTS('',8,(#6703,#6704,#6705,#6706,#6707,
    #6708,#6709,#6710,#6711,#6712,#6713,#6714,#6715,#6716,#6717,#6718,
    #6719,#6720,#6721,#6722,#6723,#6724,#6725,#6726,#6727,#6728,#6729,
    #6730,#6731,#6732,#6733,#6734,#6735,#6736,#6737,#6738,#6739),
  .UNSPECIFIED.,.F.,.F.,(9,7,7,7,7,9),(0.,0.25,0.5,0.625,0.75,1.),
  .UNSPECIFIED.);
#6703 = CARTESIAN_POINT('',(0.317991245839,1.570796326778));
#6704 = CARTESIAN_POINT('',(0.307505585071,1.618978758577));
#6705 = CARTESIAN_POINT('',(0.296694610695,1.667086915299));
#6706 = CARTESIAN_POINT('',(0.28557154709,1.715133800354));
#6707 = CARTESIAN_POINT('',(0.27415230845,1.763135085208));
#6708 = CARTESIAN_POINT('',(0.262456883095,1.811107418963));
#6709 = CARTESIAN_POINT('',(0.250510558398,1.859067960939));
#6710 = CARTESIAN_POINT('',(0.238344986298,1.907035136259));
#6711 = CARTESIAN_POINT('',(0.21365319255,2.003026092605));
#6712 = CARTESIAN_POINT('',(0.201126961189,2.051050003275));
#6713 = CARTESIAN_POINT('',(0.188460132387,2.099120743622));
#6714 = CARTESIAN_POINT('',(0.175697781318,2.147269064575));
#6715 = CARTESIAN_POINT('',(0.162901600143,2.195496203345));
#6716 = CARTESIAN_POINT('',(0.150131766133,2.243854426947));
#6717 = CARTESIAN_POINT('',(0.137474254183,2.292344881657));
#6718 = CARTESIAN_POINT('',(0.118792304391,2.365325376481));
#6719 = CARTESIAN_POINT('',(0.112615803924,2.389692678422));
#6720 = CARTESIAN_POINT('',(0.106501689728,2.414103245923));
#6721 = CARTESIAN_POINT('',(0.100462421393,2.438559650896));
#6722 = CARTESIAN_POINT('',(9.451128278915E-02,2.46306423782));
#6723 = CARTESIAN_POINT('',(8.86623169001E-02,2.487619119616));
#6724 = CARTESIAN_POINT('',(8.293026065259E-02,2.51222617353));
#6725 = CARTESIAN_POINT('',(7.173069884788E-02,2.561547900482));
#6726 = CARTESIAN_POINT('',(6.626315682085E-02,2.586262705845));
#6727 = CARTESIAN_POINT('',(6.094351283701E-02,2.611031378802));
#6728 = CARTESIAN_POINT('',(5.578609430699E-02,2.635864015242));
#6729 = CARTESIAN_POINT('',(5.081168730168E-02,2.660737020406));
#6730 = CARTESIAN_POINT('',(4.603002101823E-02,2.68569045488));
#6731 = CARTESIAN_POINT('',(4.146321812517E-02,2.710694026669));
#6732 = CARTESIAN_POINT('',(2.845254913013E-02,2.785878161153));
#6733 = CARTESIAN_POINT('',(2.069939161377E-02,2.83622652969));
#6734 = CARTESIAN_POINT('',(1.400081457672E-02,2.886784320214));
#6735 = CARTESIAN_POINT('',(8.485281708037E-03,2.937528517132));
#6736 = CARTESIAN_POINT('',(4.264116241433E-03,2.988428527891));
#6737 = CARTESIAN_POINT('',(1.420627409479E-03,3.039444166162));
#6738 = CARTESIAN_POINT('',(8.830895855731E-09,3.090522369802));
#6739 = CARTESIAN_POINT('',(8.830896017914E-09,3.14159265359));
#6740 = ( GEOMETRIC_REPRESENTATION_CONTEXT(2) 
PARAMETRIC_REPRESENTATION_CONTEXT() REPRESENTATION_CONTEXT('2D SPACE',''
  ) );
#6741 = PCURVE('',#2178,#6742);
#6742 = DEFINITIONAL_REPRESENTATION('',(#6743),#6766);
#6743 = B_SPLINE_CURVE_WITH_KNOTS('',6,(#6744,#6745,#6746,#6747,#6748,
    #6749,#6750,#6751,#6752,#6753,#6754,#6755,#6756,#6757,#6758,#6759,
    #6760,#6761,#6762,#6763,#6764,#6765),.UNSPECIFIED.,.F.,.F.,(7,5,5,5,
    7),(0.,0.188441946211,0.445505773474,0.696938831201,1.),
  .UNSPECIFIED.);
#6744 = CARTESIAN_POINT('',(-4.457145263009E-02,4.712388980385));
#6745 = CARTESIAN_POINT('',(-4.261433162707E-02,4.760813467598));
#6746 = CARTESIAN_POINT('',(-4.064501372188E-02,4.809158960359));
#6747 = CARTESIAN_POINT('',(-3.86699947624E-02,4.857441967003));
#6748 = CARTESIAN_POINT('',(-3.669583014754E-02,4.905680741181));
#6749 = CARTESIAN_POINT('',(-3.472923590582E-02,4.953895674831));
#6750 = CARTESIAN_POINT('',(-3.011429831208E-02,5.067881032436));
#6751 = CARTESIAN_POINT('',(-2.747857819995E-02,5.133648353239));
#6752 = CARTESIAN_POINT('',(-2.488759212271E-02,5.199473310885));
#6753 = CARTESIAN_POINT('',(-2.236019055817E-02,5.265418900086));
#6754 = CARTESIAN_POINT('',(-1.99169951126E-02,5.331552740696));
#6755 = CARTESIAN_POINT('',(-1.52959392199E-02,5.462893605483));
#6756 = CARTESIAN_POINT('',(-1.311363609276E-02,5.528083341656));
#6757 = CARTESIAN_POINT('',(-1.10552259126E-02,5.593593523567));
#6758 = CARTESIAN_POINT('',(-9.144703696415E-03,5.65948066782));
#6759 = CARTESIAN_POINT('',(-7.40888209745E-03,5.725788929843));
#6760 = CARTESIAN_POINT('',(-4.024430450765E-03,5.872985085055));
#6761 = CARTESIAN_POINT('',(-2.466208169239E-03,5.954101705543));
#6762 = CARTESIAN_POINT('',(-1.24791518586E-03,6.03583231084));
#6763 = CARTESIAN_POINT('',(-4.157566244363E-04,6.118071325965));
#6764 = CARTESIAN_POINT('',(2.22044604925E-14,6.200639067737));
#6765 = CARTESIAN_POINT('',(2.22044604925E-14,6.28318530718));
#6766 = ( GEOMETRIC_REPRESENTATION_CONTEXT(2) 
PARAMETRIC_REPRESENTATION_CONTEXT() REPRESENTATION_CONTEXT('2D SPACE',''
  ) );
#6767 = ORIENTED_EDGE('',*,*,#2132,.T.);
#6768 = ORIENTED_EDGE('',*,*,#6470,.T.);
#6769 = ORIENTED_EDGE('',*,*,#3680,.F.);
#6770 = ADVANCED_FACE('',(#6771),#2410,.T.);
#6771 = FACE_BOUND('',#6772,.F.);
#6772 = EDGE_LOOP('',(#6773,#6774,#6867,#6868));
#6773 = ORIENTED_EDGE('',*,*,#4016,.F.);
#6774 = ORIENTED_EDGE('',*,*,#6775,.F.);
#6775 = EDGE_CURVE('',#2365,#4017,#6776,.T.);
#6776 = SURFACE_CURVE('',#6777,(#6800,#6826),.PCURVE_S1.);
#6777 = B_SPLINE_CURVE_WITH_KNOTS('',6,(#6778,#6779,#6780,#6781,#6782,
    #6783,#6784,#6785,#6786,#6787,#6788,#6789,#6790,#6791,#6792,#6793,
    #6794,#6795,#6796,#6797,#6798,#6799),.UNSPECIFIED.,.F.,.F.,(7,5,5,5,
    7),(0.,0.188441946206,0.445505773471,0.6969388312,1.),
  .UNSPECIFIED.);
#6778 = CARTESIAN_POINT('',(-12.33048185723,-6.630174746452,16.));
#6779 = CARTESIAN_POINT('',(-12.3861077072,-6.628975551979,
    16.000000001511));
#6780 = CARTESIAN_POINT('',(-12.44179593477,-6.627357784496,
    15.997186078884));
#6781 = CARTESIAN_POINT('',(-12.49733650023,-6.625309703806,
    15.991575465032));
#6782 = CARTESIAN_POINT('',(-12.55252234625,-6.622828456442,
    15.983198709466));
#6783 = CARTESIAN_POINT('',(-12.60714913226,-6.619921276864,
    15.972097702844));
#6784 = CARTESIAN_POINT('',(-12.734496263,-6.61208508001,15.939533843062
    ));
#6785 = CARTESIAN_POINT('',(-12.80655890207,-6.606805592107,
    15.915770410862));
#6786 = CARTESIAN_POINT('',(-12.87669409312,-6.600814541192,
    15.887163336175));
#6787 = CARTESIAN_POINT('',(-12.94439229529,-6.594198909495,
    15.853875316376));
#6788 = CARTESIAN_POINT('',(-13.00914033605,-6.587089749791,
    15.816100596679));
#6789 = CARTESIAN_POINT('',(-13.13035447136,-6.572404050158,
    15.732947689228));
#6790 = CARTESIAN_POINT('',(-13.1869655461,-6.564841633637,
    15.687757925092));
#6791 = CARTESIAN_POINT('',(-13.23976919239,-6.55714467281,
    15.638703950445));
#6792 = CARTESIAN_POINT('',(-13.2882550451,-6.54952207044,
    15.586037988459));
#6793 = CARTESIAN_POINT('',(-13.33189311954,-6.542228290444,
    15.53007136793));
#6794 = CARTESIAN_POINT('',(-13.41632503336,-6.527436873873,
    15.400240481996));
#6795 = CARTESIAN_POINT('',(-13.45471257383,-6.52020233191,
    15.325033581623));
#6796 = CARTESIAN_POINT('',(-13.48440050479,-6.51427423848,
    15.24633965041));
#6797 = CARTESIAN_POINT('',(-13.50455715327,-6.510125851992,
    15.165114208954));
#6798 = CARTESIAN_POINT('',(-13.51462994093,-6.508054821497,
    15.082546239443));
#6799 = CARTESIAN_POINT('',(-13.51462994093,-6.508054821497,15.));
#6800 = PCURVE('',#2410,#6801);
#6801 = DEFINITIONAL_REPRESENTATION('',(#6802),#6825);
#6802 = B_SPLINE_CURVE_WITH_KNOTS('',6,(#6803,#6804,#6805,#6806,#6807,
    #6808,#6809,#6810,#6811,#6812,#6813,#6814,#6815,#6816,#6817,#6818,
    #6819,#6820,#6821,#6822,#6823,#6824),.UNSPECIFIED.,.F.,.F.,(7,5,5,5,
    7),(0.,0.188441946206,0.445505773471,0.6969388312,1.),
  .UNSPECIFIED.);
#6803 = CARTESIAN_POINT('',(-4.457145262851E-02,4.712388980385));
#6804 = CARTESIAN_POINT('',(-4.261433162872E-02,4.76081346762));
#6805 = CARTESIAN_POINT('',(-4.064501372078E-02,4.809158960359));
#6806 = CARTESIAN_POINT('',(-3.866999476147E-02,4.857441967001));
#6807 = CARTESIAN_POINT('',(-3.669583014814E-02,4.905680741189));
#6808 = CARTESIAN_POINT('',(-3.472923590577E-02,4.953895674833));
#6809 = CARTESIAN_POINT('',(-3.011429831209E-02,5.067881032436));
#6810 = CARTESIAN_POINT('',(-2.747857819996E-02,5.133648353239));
#6811 = CARTESIAN_POINT('',(-2.488759212272E-02,5.199473310885));
#6812 = CARTESIAN_POINT('',(-2.236019055818E-02,5.265418900086));
#6813 = CARTESIAN_POINT('',(-1.991699511261E-02,5.331552740696));
#6814 = CARTESIAN_POINT('',(-1.529593921991E-02,5.462893605483));
#6815 = CARTESIAN_POINT('',(-1.311363609277E-02,5.528083341656));
#6816 = CARTESIAN_POINT('',(-1.105522591261E-02,5.593593523567));
#6817 = CARTESIAN_POINT('',(-9.144703696423E-03,5.65948066782));
#6818 = CARTESIAN_POINT('',(-7.408882097462E-03,5.725788929843));
#6819 = CARTESIAN_POINT('',(-4.024430450779E-03,5.872985085055));
#6820 = CARTESIAN_POINT('',(-2.466208169244E-03,5.954101705543));
#6821 = CARTESIAN_POINT('',(-1.247915185877E-03,6.035832310839));
#6822 = CARTESIAN_POINT('',(-4.157566244469E-04,6.118071325965));
#6823 = CARTESIAN_POINT('',(1.06581410364E-14,6.200639067737));
#6824 = CARTESIAN_POINT('',(1.06581410364E-14,6.28318530718));
#6825 = ( GEOMETRIC_REPRESENTATION_CONTEXT(2) 
PARAMETRIC_REPRESENTATION_CONTEXT() REPRESENTATION_CONTEXT('2D SPACE',''
  ) );
#6826 = PCURVE('',#2381,#6827);
#6827 = DEFINITIONAL_REPRESENTATION('',(#6828),#6866);
#6828 = B_SPLINE_CURVE_WITH_KNOTS('',8,(#6829,#6830,#6831,#6832,#6833,
    #6834,#6835,#6836,#6837,#6838,#6839,#6840,#6841,#6842,#6843,#6844,
    #6845,#6846,#6847,#6848,#6849,#6850,#6851,#6852,#6853,#6854,#6855,
    #6856,#6857,#6858,#6859,#6860,#6861,#6862,#6863,#6864,#6865),
  .UNSPECIFIED.,.F.,.F.,(9,7,7,7,7,9),(0.,0.25,0.5,0.625,0.75,1.),
  .UNSPECIFIED.);
#6829 = CARTESIAN_POINT('',(0.317991245844,1.570796326797));
#6830 = CARTESIAN_POINT('',(0.307505585059,1.61897875857));
#6831 = CARTESIAN_POINT('',(0.296694610697,1.667086915314));
#6832 = CARTESIAN_POINT('',(0.285571547093,1.715133800369));
#6833 = CARTESIAN_POINT('',(0.274152308445,1.763135085212));
#6834 = CARTESIAN_POINT('',(0.26245688309,1.811107418966));
#6835 = CARTESIAN_POINT('',(0.250510558397,1.85906796095));
#6836 = CARTESIAN_POINT('',(0.238344986296,1.907035136267));
#6837 = CARTESIAN_POINT('',(0.213653192549,2.003026092612));
#6838 = CARTESIAN_POINT('',(0.201126961188,2.051050003282));
#6839 = CARTESIAN_POINT('',(0.188460132385,2.099120743628));
#6840 = CARTESIAN_POINT('',(0.175697781316,2.147269064581));
#6841 = CARTESIAN_POINT('',(0.162901600141,2.19549620335));
#6842 = CARTESIAN_POINT('',(0.150131766131,2.243854426953));
#6843 = CARTESIAN_POINT('',(0.137474254182,2.292344881662));
#6844 = CARTESIAN_POINT('',(0.11879230439,2.365325376486));
#6845 = CARTESIAN_POINT('',(0.112615803923,2.389692678426));
#6846 = CARTESIAN_POINT('',(0.106501689726,2.414103245927));
#6847 = CARTESIAN_POINT('',(0.100462421392,2.4385596509));
#6848 = CARTESIAN_POINT('',(9.451128278822E-02,2.463064237824));
#6849 = CARTESIAN_POINT('',(8.866231689921E-02,2.48761911962));
#6850 = CARTESIAN_POINT('',(8.293026065176E-02,2.512226173533));
#6851 = CARTESIAN_POINT('',(7.173069884716E-02,2.561547900485));
#6852 = CARTESIAN_POINT('',(6.626315682018E-02,2.586262705847));
#6853 = CARTESIAN_POINT('',(6.094351283641E-02,2.611031378805));
#6854 = CARTESIAN_POINT('',(5.578609430642E-02,2.635864015244));
#6855 = CARTESIAN_POINT('',(5.081168730121E-02,2.660737020408));
#6856 = CARTESIAN_POINT('',(4.603002101775E-02,2.685690454882));
#6857 = CARTESIAN_POINT('',(4.146321812475E-02,2.710694026671));
#6858 = CARTESIAN_POINT('',(2.84525491298E-02,2.785878161155));
#6859 = CARTESIAN_POINT('',(2.069939161351E-02,2.836226529691));
#6860 = CARTESIAN_POINT('',(1.400081457653E-02,2.886784320215));
#6861 = CARTESIAN_POINT('',(8.485281707908E-03,2.937528517133));
#6862 = CARTESIAN_POINT('',(4.264116241339E-03,2.988428527891));
#6863 = CARTESIAN_POINT('',(1.420627409402E-03,3.039444166162));
#6864 = CARTESIAN_POINT('',(8.83083908399E-09,3.090522369802));
#6865 = CARTESIAN_POINT('',(8.83083917623E-09,3.14159265359));
#6866 = ( GEOMETRIC_REPRESENTATION_CONTEXT(2) 
PARAMETRIC_REPRESENTATION_CONTEXT() REPRESENTATION_CONTEXT('2D SPACE',''
  ) );
#6867 = ORIENTED_EDGE('',*,*,#2393,.T.);
#6868 = ORIENTED_EDGE('',*,*,#6573,.T.);
#6869 = ADVANCED_FACE('',(#6870),#2178,.T.);
#6870 = FACE_BOUND('',#6871,.F.);
#6871 = EDGE_LOOP('',(#6872,#6873,#6874,#6875));
#6872 = ORIENTED_EDGE('',*,*,#3796,.F.);
#6873 = ORIENTED_EDGE('',*,*,#6675,.F.);
#6874 = ORIENTED_EDGE('',*,*,#2161,.T.);
#6875 = ORIENTED_EDGE('',*,*,#6876,.T.);
#6876 = EDGE_CURVE('',#2162,#3776,#6877,.T.);
#6877 = SURFACE_CURVE('',#6878,(#6901,#6927),.PCURVE_S1.);
#6878 = B_SPLINE_CURVE_WITH_KNOTS('',6,(#6879,#6880,#6881,#6882,#6883,
    #6884,#6885,#6886,#6887,#6888,#6889,#6890,#6891,#6892,#6893,#6894,
    #6895,#6896,#6897,#6898,#6899,#6900),.UNSPECIFIED.,.F.,.F.,(7,5,5,5,
    7),(0.,0.188232710926,0.44367726502,0.693581784573,1.),
  .UNSPECIFIED.);
#6879 = CARTESIAN_POINT('',(-9.319209494933,10.447599455865,16.));
#6880 = CARTESIAN_POINT('',(-9.371832208921,10.465477821663,
    16.000000001502));
#6881 = CARTESIAN_POINT('',(-9.424656250694,10.482985019709,
    15.997192339318));
#6882 = CARTESIAN_POINT('',(-9.477488907176,10.500038456183,
    15.991594188703));
#6883 = CARTESIAN_POINT('',(-9.530137229669,10.516564866541,
    15.983235982708));
#6884 = CARTESIAN_POINT('',(-9.582407377451,10.532501347779,
    15.972159447198));
#6885 = CARTESIAN_POINT('',(-9.704259731683,10.568552801189,
    15.939764351854));
#6886 = CARTESIAN_POINT('',(-9.77335676313,10.588127307986,
    15.916201547649));
#6887 = CARTESIAN_POINT('',(-9.840910320677,10.606391763372,
    15.887854638668));
#6888 = CARTESIAN_POINT('',(-9.906421519292,10.623255024757,
    15.854883018506));
#6889 = CARTESIAN_POINT('',(-9.96937353732,10.638665119026,
    15.817476816926));
#6890 = CARTESIAN_POINT('',(-10.08778401345,10.66625523024,
    15.735137170783));
#6891 = CARTESIAN_POINT('',(-10.14337031084,10.678496700476,
    15.690388203513));
#6892 = CARTESIAN_POINT('',(-10.19548613564,10.689326456242,
    15.641813739797));
#6893 = CARTESIAN_POINT('',(-10.24359138057,10.69876498127,
    15.589660151185));
#6894 = CARTESIAN_POINT('',(-10.28711268453,10.706868064252,
    15.534230860553));
#6895 = CARTESIAN_POINT('',(-10.37256098866,10.722084883757,
    15.404402354568));
#6896 = CARTESIAN_POINT('',(-10.41192042467,10.728564373216,
    15.328519043627));
#6897 = CARTESIAN_POINT('',(-10.44249789263,10.733251941154,
    15.2490392102));
#6898 = CARTESIAN_POINT('',(-10.46331179696,10.736314359155,
    15.166944430393));
#6899 = CARTESIAN_POINT('',(-10.47371218532,10.737846760822,
    15.083461044965));
#6900 = CARTESIAN_POINT('',(-10.47371218532,10.737846760822,15.));
#6901 = PCURVE('',#2178,#6902);
#6902 = DEFINITIONAL_REPRESENTATION('',(#6903),#6926);
#6903 = B_SPLINE_CURVE_WITH_KNOTS('',6,(#6904,#6905,#6906,#6907,#6908,
    #6909,#6910,#6911,#6912,#6913,#6914,#6915,#6916,#6917,#6918,#6919,
    #6920,#6921,#6922,#6923,#6924,#6925),.UNSPECIFIED.,.F.,.F.,(7,5,5,5,
    7),(0.,0.188232710926,0.44367726502,0.693581784573,1.),
  .UNSPECIFIED.);
#6904 = CARTESIAN_POINT('',(-0.105057982453,4.71238898038));
#6905 = CARTESIAN_POINT('',(-0.107012925126,4.760759570162));
#6906 = CARTESIAN_POINT('',(-0.108980037611,4.809051341796));
#6907 = CARTESIAN_POINT('',(-0.110952845666,4.857280747726));
#6908 = CARTESIAN_POINT('',(-0.112924815815,4.905465978691));
#6909 = CARTESIAN_POINT('',(-0.114889254808,4.953627354292));
#6910 = CARTESIAN_POINT('',(-0.119485429294,5.067144587156));
#6911 = CARTESIAN_POINT('',(-0.12210487879,5.132497352116));
#6912 = CARTESIAN_POINT('',(-0.124680323741,5.197906423344));
#6913 = CARTESIAN_POINT('',(-0.127193279627,5.263433573057));
#6914 = CARTESIAN_POINT('',(-0.129623540857,5.329145119187));
#6915 = CARTESIAN_POINT('',(-0.134223452055,5.459654363257));
#6916 = CARTESIAN_POINT('',(-0.13639741895,5.5244352792));
#6917 = CARTESIAN_POINT('',(-0.138449788746,5.589530424857));
#6918 = CARTESIAN_POINT('',(-0.140357072366,5.654995654501));
#6919 = CARTESIAN_POINT('',(-0.142093030504,5.720875007434));
#6920 = CARTESIAN_POINT('',(-0.145518273894,5.868492362869));
#6921 = CARTESIAN_POINT('',(-0.147108961356,5.950480171725));
#6922 = CARTESIAN_POINT('',(-0.148353683276,6.033098639954));
#6923 = CARTESIAN_POINT('',(-0.149204423579,6.116241123199));
#6924 = CARTESIAN_POINT('',(-0.149629432653,6.199724262214));
#6925 = CARTESIAN_POINT('',(-0.149629432653,6.28318530718));
#6926 = ( GEOMETRIC_REPRESENTATION_CONTEXT(2) 
PARAMETRIC_REPRESENTATION_CONTEXT() REPRESENTATION_CONTEXT('2D SPACE',''
  ) );
#6927 = PCURVE('',#2207,#6928);
#6928 = DEFINITIONAL_REPRESENTATION('',(#6929),#6972);
#6929 = B_SPLINE_CURVE_WITH_KNOTS('',9,(#6930,#6931,#6932,#6933,#6934,
    #6935,#6936,#6937,#6938,#6939,#6940,#6941,#6942,#6943,#6944,#6945,
    #6946,#6947,#6948,#6949,#6950,#6951,#6952,#6953,#6954,#6955,#6956,
    #6957,#6958,#6959,#6960,#6961,#6962,#6963,#6964,#6965,#6966,#6967,
    #6968,#6969,#6970,#6971),.UNSPECIFIED.,.F.,.F.,(10,8,8,8,8,10),(0.,
    0.25,0.5,0.625,0.75,1.),.UNSPECIFIED.);
#6930 = CARTESIAN_POINT('',(2.089053378832,1.570796326795));
#6931 = CARTESIAN_POINT('',(2.098373941326,1.61362504009));
#6932 = CARTESIAN_POINT('',(2.107947525798,1.656395991173));
#6933 = CARTESIAN_POINT('',(2.117765311551,1.699117831163));
#6934 = CARTESIAN_POINT('',(2.127816990273,1.741800719565));
#6935 = CARTESIAN_POINT('',(2.138090144353,1.784455547647));
#6936 = CARTESIAN_POINT('',(2.148569681798,1.827093583304));
#6937 = CARTESIAN_POINT('',(2.159237327748,1.869726537375));
#6938 = CARTESIAN_POINT('',(2.170071172603,1.912367051452));
#6939 = CARTESIAN_POINT('',(2.192019380876,1.99769216284));
#6940 = CARTESIAN_POINT('',(2.203133725885,2.040376759271));
#6941 = CARTESIAN_POINT('',(2.214361904813,2.083095991904));
#6942 = CARTESIAN_POINT('',(2.225674285088,2.125868298586));
#6943 = CARTESIAN_POINT('',(2.237033601033,2.168701704941));
#6944 = CARTESIAN_POINT('',(2.248399242272,2.211614112802));
#6945 = CARTESIAN_POINT('',(2.259725182739,2.254628347847));
#6946 = CARTESIAN_POINT('',(2.270953728205,2.297748960716));
#6947 = CARTESIAN_POINT('',(2.287559876222,2.362620350576));
#6948 = CARTESIAN_POINT('',(2.293055737364,2.384275627597));
#6949 = CARTESIAN_POINT('',(2.29850436143,2.405964241413));
#6950 = CARTESIAN_POINT('',(2.303897539777,2.427687927573));
#6951 = CARTESIAN_POINT('',(2.309226599479,2.449448298566));
#6952 = CARTESIAN_POINT('',(2.314482432126,2.471246841575));
#6953 = CARTESIAN_POINT('',(2.31965552265,2.493084916269));
#6954 = CARTESIAN_POINT('',(2.32473597812,2.51496375256));
#6955 = CARTESIAN_POINT('',(2.334691135008,2.558805144201));
#6956 = CARTESIAN_POINT('',(2.339566014358,2.580768684055));
#6957 = CARTESIAN_POINT('',(2.344326683718,2.602768689984));
#6958 = CARTESIAN_POINT('',(2.348967075777,2.624832188832));
#6959 = CARTESIAN_POINT('',(2.353467228139,2.646906542946));
#6960 = CARTESIAN_POINT('',(2.357827321239,2.669058125222));
#6961 = CARTESIAN_POINT('',(2.362028877585,2.691243667373));
#6962 = CARTESIAN_POINT('',(2.366063002958,2.713477093914));
#6963 = CARTESIAN_POINT('',(2.377628191478,2.780308048496));
#6964 = CARTESIAN_POINT('',(2.384622216507,2.825037225203));
#6965 = CARTESIAN_POINT('',(2.390810855514,2.869930954034));
#6966 = CARTESIAN_POINT('',(2.396107895257,2.914974744172));
#6967 = CARTESIAN_POINT('',(2.400435336914,2.960149953874));
#6968 = CARTESIAN_POINT('',(2.403728300343,3.005433040038));
#6969 = CARTESIAN_POINT('',(2.405939690318,3.050794372296));
#6970 = CARTESIAN_POINT('',(2.407044624721,3.096196611643));
#6971 = CARTESIAN_POINT('',(2.407044624721,3.14159265359));
#6972 = ( GEOMETRIC_REPRESENTATION_CONTEXT(2) 
PARAMETRIC_REPRESENTATION_CONTEXT() REPRESENTATION_CONTEXT('2D SPACE',''
  ) );
#6973 = ADVANCED_FACE('',(#6974),#2381,.T.);
#6974 = FACE_BOUND('',#6975,.T.);
#6975 = EDGE_LOOP('',(#6976,#6977,#6978,#7076));
#6976 = ORIENTED_EDGE('',*,*,#6775,.F.);
#6977 = ORIENTED_EDGE('',*,*,#2364,.T.);
#6978 = ORIENTED_EDGE('',*,*,#6979,.T.);
#6979 = EDGE_CURVE('',#2336,#4112,#6980,.T.);
#6980 = SURFACE_CURVE('',#6981,(#7004,#7050),.PCURVE_S1.);
#6981 = B_SPLINE_CURVE_WITH_KNOTS('',6,(#6982,#6983,#6984,#6985,#6986,
    #6987,#6988,#6989,#6990,#6991,#6992,#6993,#6994,#6995,#6996,#6997,
    #6998,#6999,#7000,#7001,#7002,#7003),.UNSPECIFIED.,.F.,.F.,(7,5,5,5,
    7),(0.,0.188232710902,0.443677265004,0.693581784564,1.),
  .UNSPECIFIED.);
#6982 = CARTESIAN_POINT('',(-13.70749128491,-2.846872437834,16.));
#6983 = CARTESIAN_POINT('',(-13.7492857607,-2.883505862242,
    16.000000001499));
#6984 = CARTESIAN_POINT('',(-13.79085945997,-2.920499225156,
    15.997192339314));
#6985 = CARTESIAN_POINT('',(-13.83204449741,-2.957726929583,
    15.991594188699));
#6986 = CARTESIAN_POINT('',(-13.87268094978,-2.995058509229,
    15.983235982704));
#6987 = CARTESIAN_POINT('',(-13.9126174213,-3.0323575444,15.972159447195
    ));
#6988 = CARTESIAN_POINT('',(-14.0047650729,-3.119859051965,
    15.939764351854));
#6989 = CARTESIAN_POINT('',(-14.05626560878,-3.169911583126,
    15.916201547649));
#6990 = CARTESIAN_POINT('',(-14.1058598699,-3.219282452384,
    15.887854638668));
#6991 = CARTESIAN_POINT('',(-14.15321948196,-3.267585183925,
    15.854883018506));
#6992 = CARTESIAN_POINT('',(-14.19804102409,-3.314398183622,
    15.817476816926));
#6993 = CARTESIAN_POINT('',(-14.28113999936,-3.403149608425,
    15.735137170783));
#6994 = CARTESIAN_POINT('',(-14.31953457226,-3.445168018942,
    15.690388203513));
#6995 = CARTESIAN_POINT('',(-14.35497132827,-3.484886769283,
    15.641813739797));
#6996 = CARTESIAN_POINT('',(-14.38719795318,-3.521827870926,
    15.589660151185));
#6997 = CARTESIAN_POINT('',(-14.41597608087,-3.555466884271,
    15.534230860553));
#6998 = CARTESIAN_POINT('',(-14.4718783852,-3.621858876611,
    15.404402354568));
#6999 = CARTESIAN_POINT('',(-14.49716950568,-3.652705403343,
    15.328519043627));
#7000 = CARTESIAN_POINT('',(-14.51651779257,-3.676842483411,
    15.2490392102));
#7001 = CARTESIAN_POINT('',(-14.52957687652,-3.693336644311,
    15.166944430393));
#7002 = CARTESIAN_POINT('',(-14.53610416948,-3.70157744401,
    15.083461044965));
#7003 = CARTESIAN_POINT('',(-14.53610416948,-3.70157744401,15.));
#7004 = PCURVE('',#2381,#7005);
#7005 = DEFINITIONAL_REPRESENTATION('',(#7006),#7049);
#7006 = B_SPLINE_CURVE_WITH_KNOTS('',9,(#7007,#7008,#7009,#7010,#7011,
    #7012,#7013,#7014,#7015,#7016,#7017,#7018,#7019,#7020,#7021,#7022,
    #7023,#7024,#7025,#7026,#7027,#7028,#7029,#7030,#7031,#7032,#7033,
    #7034,#7035,#7036,#7037,#7038,#7039,#7040,#7041,#7042,#7043,#7044,
    #7045,#7046,#7047,#7048),.UNSPECIFIED.,.F.,.F.,(10,8,8,8,8,10),(0.,
    0.25,0.5,0.625,0.75,1.),.UNSPECIFIED.);
#7007 = CARTESIAN_POINT('',(2.089053378872,1.570796326795));
#7008 = CARTESIAN_POINT('',(2.098373941297,1.613625040196));
#7009 = CARTESIAN_POINT('',(2.107947525813,1.656395991209));
#7010 = CARTESIAN_POINT('',(2.117765311581,1.699117831174));
#7011 = CARTESIAN_POINT('',(2.127816990285,1.741800719602));
#7012 = CARTESIAN_POINT('',(2.13809014435,1.784455547707));
#7013 = CARTESIAN_POINT('',(2.148569681801,1.827093583352));
#7014 = CARTESIAN_POINT('',(2.159237327764,1.869726537402));
#7015 = CARTESIAN_POINT('',(2.170071172611,1.912367051487));
#7016 = CARTESIAN_POINT('',(2.192019380885,1.997692162873));
#7017 = CARTESIAN_POINT('',(2.203133725894,2.040376759302));
#7018 = CARTESIAN_POINT('',(2.214361904821,2.083095991935));
#7019 = CARTESIAN_POINT('',(2.225674285096,2.125868298615));
#7020 = CARTESIAN_POINT('',(2.23703360104,2.168701704969));
#7021 = CARTESIAN_POINT('',(2.24839924228,2.211614112828));
#7022 = CARTESIAN_POINT('',(2.259725182746,2.254628347873));
#7023 = CARTESIAN_POINT('',(2.270953728212,2.297748960741));
#7024 = CARTESIAN_POINT('',(2.287559876228,2.362620350599));
#7025 = CARTESIAN_POINT('',(2.293055737369,2.384275627619));
#7026 = CARTESIAN_POINT('',(2.298504361435,2.405964241434));
#7027 = CARTESIAN_POINT('',(2.303897539783,2.427687927594));
#7028 = CARTESIAN_POINT('',(2.309226599483,2.449448298586));
#7029 = CARTESIAN_POINT('',(2.314482432131,2.471246841595));
#7030 = CARTESIAN_POINT('',(2.319655522654,2.493084916288));
#7031 = CARTESIAN_POINT('',(2.324735978124,2.514963752578));
#7032 = CARTESIAN_POINT('',(2.334691135012,2.558805144218));
#7033 = CARTESIAN_POINT('',(2.339566014362,2.580768684071));
#7034 = CARTESIAN_POINT('',(2.344326683721,2.60276869));
#7035 = CARTESIAN_POINT('',(2.34896707578,2.624832188848));
#7036 = CARTESIAN_POINT('',(2.353467228142,2.64690654296));
#7037 = CARTESIAN_POINT('',(2.357827321242,2.669058125236));
#7038 = CARTESIAN_POINT('',(2.362028877588,2.691243667386));
#7039 = CARTESIAN_POINT('',(2.36606300296,2.713477093927));
#7040 = CARTESIAN_POINT('',(2.37762819148,2.780308048507));
#7041 = CARTESIAN_POINT('',(2.384622216508,2.825037225212));
#7042 = CARTESIAN_POINT('',(2.390810855515,2.869930954042));
#7043 = CARTESIAN_POINT('',(2.396107895258,2.914974744179));
#7044 = CARTESIAN_POINT('',(2.400435336914,2.96014995388));
#7045 = CARTESIAN_POINT('',(2.403728300344,3.005433040042));
#7046 = CARTESIAN_POINT('',(2.405939690318,3.050794372299));
#7047 = CARTESIAN_POINT('',(2.407044624721,3.096196611644));
#7048 = CARTESIAN_POINT('',(2.407044624721,3.14159265359));
#7049 = ( GEOMETRIC_REPRESENTATION_CONTEXT(2) 
PARAMETRIC_REPRESENTATION_CONTEXT() REPRESENTATION_CONTEXT('2D SPACE',''
  ) );
#7050 = PCURVE('',#2352,#7051);
#7051 = DEFINITIONAL_REPRESENTATION('',(#7052),#7075);
#7052 = B_SPLINE_CURVE_WITH_KNOTS('',6,(#7053,#7054,#7055,#7056,#7057,
    #7058,#7059,#7060,#7061,#7062,#7063,#7064,#7065,#7066,#7067,#7068,
    #7069,#7070,#7071,#7072,#7073,#7074),.UNSPECIFIED.,.F.,.F.,(7,5,5,5,
    7),(0.,0.188232710902,0.443677265004,0.693581784564,1.),
  .UNSPECIFIED.);
#7053 = CARTESIAN_POINT('',(-0.105057982449,4.712388980471));
#7054 = CARTESIAN_POINT('',(-0.107012925137,4.760759570133));
#7055 = CARTESIAN_POINT('',(-0.108980037608,4.809051341857));
#7056 = CARTESIAN_POINT('',(-0.110952845664,4.857280747776));
#7057 = CARTESIAN_POINT('',(-0.112924815819,4.905465978682));
#7058 = CARTESIAN_POINT('',(-0.114889254808,4.953627354299));
#7059 = CARTESIAN_POINT('',(-0.119485429295,5.067144587156));
#7060 = CARTESIAN_POINT('',(-0.12210487879,5.132497352116));
#7061 = CARTESIAN_POINT('',(-0.124680323741,5.197906423344));
#7062 = CARTESIAN_POINT('',(-0.127193279627,5.263433573057));
#7063 = CARTESIAN_POINT('',(-0.129623540857,5.329145119187));
#7064 = CARTESIAN_POINT('',(-0.134223452055,5.459654363257));
#7065 = CARTESIAN_POINT('',(-0.13639741895,5.5244352792));
#7066 = CARTESIAN_POINT('',(-0.138449788746,5.589530424857));
#7067 = CARTESIAN_POINT('',(-0.140357072366,5.654995654501));
#7068 = CARTESIAN_POINT('',(-0.142093030504,5.720875007434));
#7069 = CARTESIAN_POINT('',(-0.145518273894,5.868492362869));
#7070 = CARTESIAN_POINT('',(-0.147108961356,5.950480171725));
#7071 = CARTESIAN_POINT('',(-0.148353683276,6.033098639954));
#7072 = CARTESIAN_POINT('',(-0.149204423579,6.116241123199));
#7073 = CARTESIAN_POINT('',(-0.149629432653,6.199724262214));
#7074 = CARTESIAN_POINT('',(-0.149629432653,6.28318530718));
#7075 = ( GEOMETRIC_REPRESENTATION_CONTEXT(2) 
PARAMETRIC_REPRESENTATION_CONTEXT() REPRESENTATION_CONTEXT('2D SPACE',''
  ) );
#7076 = ORIENTED_EDGE('',*,*,#4132,.F.);
#7077 = ADVANCED_FACE('',(#7078),#2207,.T.);
#7078 = FACE_BOUND('',#7079,.T.);
#7079 = EDGE_LOOP('',(#7080,#7173,#7174,#7175));
#7080 = ORIENTED_EDGE('',*,*,#7081,.F.);
#7081 = EDGE_CURVE('',#2191,#3873,#7082,.T.);
#7082 = SURFACE_CURVE('',#7083,(#7106,#7147),.PCURVE_S1.);
#7083 = B_SPLINE_CURVE_WITH_KNOTS('',6,(#7084,#7085,#7086,#7087,#7088,
    #7089,#7090,#7091,#7092,#7093,#7094,#7095,#7096,#7097,#7098,#7099,
    #7100,#7101,#7102,#7103,#7104,#7105),.UNSPECIFIED.,.F.,.F.,(7,5,5,5,
    7),(0.,0.188441946211,0.445505773474,0.696938831201,1.),
  .UNSPECIFIED.);
#7084 = CARTESIAN_POINT('',(-11.90714069058,7.363423156021,16.));
#7085 = CARTESIAN_POINT('',(-11.93391508265,7.412196152464,
    16.000000001511));
#7086 = CARTESIAN_POINT('',(-11.96035816873,7.461232455952,
    15.997186078884));
#7087 = CARTESIAN_POINT('',(-11.98635476155,7.510356036931,
    15.991575465033));
#7088 = CARTESIAN_POINT('',(-12.0117988613,7.559389005212,
    15.983198709467));
#7089 = CARTESIAN_POINT('',(-12.03659456294,7.608150779404,
    15.972097702844));
#7090 = CARTESIAN_POINT('',(-12.09348178277,7.722354728158,
    15.939533843062));
#7091 = CARTESIAN_POINT('',(-12.12494093166,7.787402548202,
    15.915770410862));
#7092 = CARTESIAN_POINT('',(-12.1548201249,7.851136930812,
    15.887163336175));
#7093 = CARTESIAN_POINT('',(-12.18293992087,7.913073109526,
    15.853875316376));
#7094 = CARTESIAN_POINT('',(-12.20915722835,7.972701137521,
    15.816100596679));
#7095 = CARTESIAN_POINT('',(-12.25704610705,8.08501850782,
    15.732947689228));
#7096 = CARTESIAN_POINT('',(-12.2788023996,8.137826344939,
    15.687757925092));
#7097 = CARTESIAN_POINT('',(-12.29853845914,8.187404124453,
    15.638703950445));
#7098 = CARTESIAN_POINT('',(-12.3161800182,8.233205405809,
    15.586037988459));
#7099 = CARTESIAN_POINT('',(-12.33168245665,8.27464397684,15.53007136793
    ));
#7100 = CARTESIAN_POINT('',(-12.36108867105,8.35515986739,
    15.400240481996));
#7101 = CARTESIAN_POINT('',(-12.37401714416,8.392021723604,
    15.325033581623));
#7102 = CARTESIAN_POINT('',(-12.38372723014,8.420696272718,
    15.24633965041));
#7103 = CARTESIAN_POINT('',(-12.39021294629,8.440226635601,
    15.165114208954));
#7104 = CARTESIAN_POINT('',(-12.3934557751,8.449985440847,
    15.082546239443));
#7105 = CARTESIAN_POINT('',(-12.3934557751,8.449985440847,15.));
#7106 = PCURVE('',#2207,#7107);
#7107 = DEFINITIONAL_REPRESENTATION('',(#7108),#7146);
#7108 = B_SPLINE_CURVE_WITH_KNOTS('',8,(#7109,#7110,#7111,#7112,#7113,
    #7114,#7115,#7116,#7117,#7118,#7119,#7120,#7121,#7122,#7123,#7124,
    #7125,#7126,#7127,#7128,#7129,#7130,#7131,#7132,#7133,#7134,#7135,
    #7136,#7137,#7138,#7139,#7140,#7141,#7142,#7143,#7144,#7145),
  .UNSPECIFIED.,.F.,.F.,(9,7,7,7,7,9),(0.,0.25,0.5,0.625,0.75,1.),
  .UNSPECIFIED.);
#7109 = CARTESIAN_POINT('',(0.317991245839,1.570796326778));
#7110 = CARTESIAN_POINT('',(0.307505585071,1.618978758577));
#7111 = CARTESIAN_POINT('',(0.296694610695,1.667086915299));
#7112 = CARTESIAN_POINT('',(0.28557154709,1.715133800354));
#7113 = CARTESIAN_POINT('',(0.27415230845,1.763135085208));
#7114 = CARTESIAN_POINT('',(0.262456883095,1.811107418962));
#7115 = CARTESIAN_POINT('',(0.250510558398,1.859067960939));
#7116 = CARTESIAN_POINT('',(0.238344986298,1.907035136259));
#7117 = CARTESIAN_POINT('',(0.21365319255,2.003026092605));
#7118 = CARTESIAN_POINT('',(0.201126961189,2.051050003275));
#7119 = CARTESIAN_POINT('',(0.188460132386,2.099120743622));
#7120 = CARTESIAN_POINT('',(0.175697781318,2.147269064575));
#7121 = CARTESIAN_POINT('',(0.162901600143,2.195496203345));
#7122 = CARTESIAN_POINT('',(0.150131766133,2.243854426947));
#7123 = CARTESIAN_POINT('',(0.137474254183,2.292344881657));
#7124 = CARTESIAN_POINT('',(0.118792304391,2.365325376481));
#7125 = CARTESIAN_POINT('',(0.112615803924,2.389692678422));
#7126 = CARTESIAN_POINT('',(0.106501689728,2.414103245922));
#7127 = CARTESIAN_POINT('',(0.100462421393,2.438559650896));
#7128 = CARTESIAN_POINT('',(9.451128278914E-02,2.46306423782));
#7129 = CARTESIAN_POINT('',(8.866231690008E-02,2.487619119616));
#7130 = CARTESIAN_POINT('',(8.293026065258E-02,2.512226173529));
#7131 = CARTESIAN_POINT('',(7.173069884787E-02,2.561547900481));
#7132 = CARTESIAN_POINT('',(6.626315682083E-02,2.586262705844));
#7133 = CARTESIAN_POINT('',(6.094351283702E-02,2.611031378802));
#7134 = CARTESIAN_POINT('',(5.578609430697E-02,2.635864015241));
#7135 = CARTESIAN_POINT('',(5.081168730169E-02,2.660737020406));
#7136 = CARTESIAN_POINT('',(4.60300210182E-02,2.685690454879));
#7137 = CARTESIAN_POINT('',(4.146321812515E-02,2.710694026668));
#7138 = CARTESIAN_POINT('',(2.845254913008E-02,2.785878161152));
#7139 = CARTESIAN_POINT('',(2.06993916137E-02,2.836226529689));
#7140 = CARTESIAN_POINT('',(1.400081457664E-02,2.886784320214));
#7141 = CARTESIAN_POINT('',(8.485281707955E-03,2.937528517132));
#7142 = CARTESIAN_POINT('',(4.264116241337E-03,2.988428527891));
#7143 = CARTESIAN_POINT('',(1.42062740937E-03,3.039444166162));
#7144 = CARTESIAN_POINT('',(8.830791270696E-09,3.090522369802));
#7145 = CARTESIAN_POINT('',(8.830791205922E-09,3.14159265359));
#7146 = ( GEOMETRIC_REPRESENTATION_CONTEXT(2) 
PARAMETRIC_REPRESENTATION_CONTEXT() REPRESENTATION_CONTEXT('2D SPACE',''
  ) );
#7147 = PCURVE('',#2236,#7148);
#7148 = DEFINITIONAL_REPRESENTATION('',(#7149),#7172);
#7149 = B_SPLINE_CURVE_WITH_KNOTS('',6,(#7150,#7151,#7152,#7153,#7154,
    #7155,#7156,#7157,#7158,#7159,#7160,#7161,#7162,#7163,#7164,#7165,
    #7166,#7167,#7168,#7169,#7170,#7171),.UNSPECIFIED.,.F.,.F.,(7,5,5,5,
    7),(0.,0.188441946211,0.445505773474,0.696938831201,1.),
  .UNSPECIFIED.);
#7150 = CARTESIAN_POINT('',(-4.457145263009E-02,4.712388980385));
#7151 = CARTESIAN_POINT('',(-4.261433162712E-02,4.760813467598));
#7152 = CARTESIAN_POINT('',(-4.064501372188E-02,4.809158960359));
#7153 = CARTESIAN_POINT('',(-3.866999476241E-02,4.857441967002));
#7154 = CARTESIAN_POINT('',(-3.669583014757E-02,4.905680741181));
#7155 = CARTESIAN_POINT('',(-3.472923590584E-02,4.953895674831));
#7156 = CARTESIAN_POINT('',(-3.01142983121E-02,5.067881032436));
#7157 = CARTESIAN_POINT('',(-2.747857819997E-02,5.133648353239));
#7158 = CARTESIAN_POINT('',(-2.488759212273E-02,5.199473310885));
#7159 = CARTESIAN_POINT('',(-2.236019055819E-02,5.265418900086));
#7160 = CARTESIAN_POINT('',(-1.991699511262E-02,5.331552740696));
#7161 = CARTESIAN_POINT('',(-1.529593921992E-02,5.462893605483));
#7162 = CARTESIAN_POINT('',(-1.311363609278E-02,5.528083341656));
#7163 = CARTESIAN_POINT('',(-1.105522591262E-02,5.593593523567));
#7164 = CARTESIAN_POINT('',(-9.144703696435E-03,5.65948066782));
#7165 = CARTESIAN_POINT('',(-7.408882097474E-03,5.725788929843));
#7166 = CARTESIAN_POINT('',(-4.024430450788E-03,5.872985085055));
#7167 = CARTESIAN_POINT('',(-2.466208169261E-03,5.954101705543));
#7168 = CARTESIAN_POINT('',(-1.247915185882E-03,6.03583231084));
#7169 = CARTESIAN_POINT('',(-4.157566244594E-04,6.118071325965));
#7170 = CARTESIAN_POINT('',(0.,6.200639067737));
#7171 = CARTESIAN_POINT('',(0.,6.28318530718));
#7172 = ( GEOMETRIC_REPRESENTATION_CONTEXT(2) 
PARAMETRIC_REPRESENTATION_CONTEXT() REPRESENTATION_CONTEXT('2D SPACE',''
  ) );
#7173 = ORIENTED_EDGE('',*,*,#2190,.T.);
#7174 = ORIENTED_EDGE('',*,*,#6876,.T.);
#7175 = ORIENTED_EDGE('',*,*,#3872,.F.);
#7176 = ADVANCED_FACE('',(#7177),#2352,.T.);
#7177 = FACE_BOUND('',#7178,.F.);
#7178 = EDGE_LOOP('',(#7179,#7180,#7273,#7274));
#7179 = ORIENTED_EDGE('',*,*,#4208,.F.);
#7180 = ORIENTED_EDGE('',*,*,#7181,.F.);
#7181 = EDGE_CURVE('',#2307,#4209,#7182,.T.);
#7182 = SURFACE_CURVE('',#7183,(#7206,#7232),.PCURVE_S1.);
#7183 = B_SPLINE_CURVE_WITH_KNOTS('',6,(#7184,#7185,#7186,#7187,#7188,
    #7189,#7190,#7191,#7192,#7193,#7194,#7195,#7196,#7197,#7198,#7199,
    #7200,#7201,#7202,#7203,#7204,#7205),.UNSPECIFIED.,.F.,.F.,(7,5,5,5,
    7),(0.,0.188441946211,0.445505773474,0.696938831201,1.),
  .UNSPECIFIED.);
#7184 = CARTESIAN_POINT('',(-13.85451612902,-2.013053111699,16.));
#7185 = CARTESIAN_POINT('',(-13.90637718108,-1.992901076275,
    16.000000001511));
#7186 = CARTESIAN_POINT('',(-13.95815368855,-1.972334376576,
    15.997186078885));
#7187 = CARTESIAN_POINT('',(-14.00964426321,-1.951413818102,
    15.991575465033));
#7188 = CARTESIAN_POINT('',(-14.06065335891,-1.930207537274,
    15.983198709467));
#7189 = CARTESIAN_POINT('',(-14.11099143265,-1.908792220909,
    15.972097702844));
#7190 = CARTESIAN_POINT('',(-14.22797845452,-1.85787332064,
    15.939533843062));
#7191 = CARTESIAN_POINT('',(-14.29388949347,-1.828265350675,
    15.915770410862));
#7192 = CARTESIAN_POINT('',(-14.35774595487,-1.798647956242,
    15.887163336175));
#7193 = CARTESIAN_POINT('',(-14.41909877658,-1.769277147148,
    15.853875316376));
#7194 = CARTESIAN_POINT('',(-14.47751055687,-1.740451588053,
    15.816100596679));
#7195 = CARTESIAN_POINT('',(-14.58639178027,-1.685193868543,
    15.732947689228));
#7196 = CARTESIAN_POINT('',(-14.63700229068,-1.658725393647,
    15.687757925092));
#7197 = CARTESIAN_POINT('',(-14.6839889718,-1.633432705683,
    15.638703950444));
#7198 = CARTESIAN_POINT('',(-14.72694368625,-1.609686664191,
    15.586037988459));
#7199 = CARTESIAN_POINT('',(-14.7654554431,-1.587907652478,
    15.53007136793));
#7200 = CARTESIAN_POINT('',(-14.83973652707,-1.545130852208,
    15.400240481996));
#7201 = CARTESIAN_POINT('',(-14.8733346565,-1.525203294418,
    15.325033581623));
#7202 = CARTESIAN_POINT('',(-14.89920465878,-1.509478838364,
    15.246339650409));
#7203 = CARTESIAN_POINT('',(-14.91672688088,-1.498686650391,
    15.165114208954));
#7204 = CARTESIAN_POINT('',(-14.92548387096,-1.493295422039,
    15.082546239443));
#7205 = CARTESIAN_POINT('',(-14.92548387096,-1.493295422039,15.));
#7206 = PCURVE('',#2352,#7207);
#7207 = DEFINITIONAL_REPRESENTATION('',(#7208),#7231);
#7208 = B_SPLINE_CURVE_WITH_KNOTS('',6,(#7209,#7210,#7211,#7212,#7213,
    #7214,#7215,#7216,#7217,#7218,#7219,#7220,#7221,#7222,#7223,#7224,
    #7225,#7226,#7227,#7228,#7229,#7230),.UNSPECIFIED.,.F.,.F.,(7,5,5,5,
    7),(0.,0.188441946211,0.445505773474,0.696938831201,1.),
  .UNSPECIFIED.);
#7209 = CARTESIAN_POINT('',(-4.457145263015E-02,4.712388980385));
#7210 = CARTESIAN_POINT('',(-4.261433162711E-02,4.760813467598));
#7211 = CARTESIAN_POINT('',(-4.064501372193E-02,4.809158960359));
#7212 = CARTESIAN_POINT('',(-3.866999476245E-02,4.857441967002));
#7213 = CARTESIAN_POINT('',(-3.669583014758E-02,4.905680741181));
#7214 = CARTESIAN_POINT('',(-3.472923590587E-02,4.953895674831));
#7215 = CARTESIAN_POINT('',(-3.011429831213E-02,5.067881032436));
#7216 = CARTESIAN_POINT('',(-2.74785782E-02,5.133648353239));
#7217 = CARTESIAN_POINT('',(-2.488759212275E-02,5.199473310885));
#7218 = CARTESIAN_POINT('',(-2.236019055822E-02,5.265418900086));
#7219 = CARTESIAN_POINT('',(-1.991699511265E-02,5.331552740696));
#7220 = CARTESIAN_POINT('',(-1.529593921995E-02,5.462893605483));
#7221 = CARTESIAN_POINT('',(-1.311363609281E-02,5.528083341656));
#7222 = CARTESIAN_POINT('',(-1.105522591264E-02,5.593593523567));
#7223 = CARTESIAN_POINT('',(-9.144703696461E-03,5.65948066782));
#7224 = CARTESIAN_POINT('',(-7.408882097497E-03,5.725788929843));
#7225 = CARTESIAN_POINT('',(-4.024430450815E-03,5.872985085055));
#7226 = CARTESIAN_POINT('',(-2.466208169282E-03,5.954101705543));
#7227 = CARTESIAN_POINT('',(-1.247915185909E-03,6.035832310839));
#7228 = CARTESIAN_POINT('',(-4.157566244842E-04,6.118071325965));
#7229 = CARTESIAN_POINT('',(-2.48689957516E-14,6.200639067737));
#7230 = CARTESIAN_POINT('',(-2.48689957516E-14,6.28318530718));
#7231 = ( GEOMETRIC_REPRESENTATION_CONTEXT(2) 
PARAMETRIC_REPRESENTATION_CONTEXT() REPRESENTATION_CONTEXT('2D SPACE',''
  ) );
#7232 = PCURVE('',#2323,#7233);
#7233 = DEFINITIONAL_REPRESENTATION('',(#7234),#7272);
#7234 = B_SPLINE_CURVE_WITH_KNOTS('',8,(#7235,#7236,#7237,#7238,#7239,
    #7240,#7241,#7242,#7243,#7244,#7245,#7246,#7247,#7248,#7249,#7250,
    #7251,#7252,#7253,#7254,#7255,#7256,#7257,#7258,#7259,#7260,#7261,
    #7262,#7263,#7264,#7265,#7266,#7267,#7268,#7269,#7270,#7271),
  .UNSPECIFIED.,.F.,.F.,(9,7,7,7,7,9),(0.,0.25,0.5,0.625,0.75,1.),
  .UNSPECIFIED.);
#7235 = CARTESIAN_POINT('',(0.317991245839,1.570796326778));
#7236 = CARTESIAN_POINT('',(0.307505585071,1.618978758577));
#7237 = CARTESIAN_POINT('',(0.296694610695,1.667086915299));
#7238 = CARTESIAN_POINT('',(0.28557154709,1.715133800354));
#7239 = CARTESIAN_POINT('',(0.27415230845,1.763135085208));
#7240 = CARTESIAN_POINT('',(0.262456883095,1.811107418962));
#7241 = CARTESIAN_POINT('',(0.250510558398,1.859067960939));
#7242 = CARTESIAN_POINT('',(0.238344986298,1.907035136259));
#7243 = CARTESIAN_POINT('',(0.21365319255,2.003026092605));
#7244 = CARTESIAN_POINT('',(0.201126961189,2.051050003275));
#7245 = CARTESIAN_POINT('',(0.188460132386,2.099120743621));
#7246 = CARTESIAN_POINT('',(0.175697781318,2.147269064575));
#7247 = CARTESIAN_POINT('',(0.162901600143,2.195496203345));
#7248 = CARTESIAN_POINT('',(0.150131766132,2.243854426947));
#7249 = CARTESIAN_POINT('',(0.137474254183,2.292344881657));
#7250 = CARTESIAN_POINT('',(0.118792304391,2.365325376481));
#7251 = CARTESIAN_POINT('',(0.112615803924,2.389692678422));
#7252 = CARTESIAN_POINT('',(0.106501689727,2.414103245922));
#7253 = CARTESIAN_POINT('',(0.100462421392,2.438559650896));
#7254 = CARTESIAN_POINT('',(9.451128278903E-02,2.46306423782));
#7255 = CARTESIAN_POINT('',(8.866231689997E-02,2.487619119616));
#7256 = CARTESIAN_POINT('',(8.293026065247E-02,2.512226173529));
#7257 = CARTESIAN_POINT('',(7.173069884777E-02,2.561547900481));
#7258 = CARTESIAN_POINT('',(6.626315682073E-02,2.586262705844));
#7259 = CARTESIAN_POINT('',(6.094351283691E-02,2.611031378801));
#7260 = CARTESIAN_POINT('',(5.578609430686E-02,2.635864015242));
#7261 = CARTESIAN_POINT('',(5.08116873016E-02,2.660737020405));
#7262 = CARTESIAN_POINT('',(4.603002101811E-02,2.68569045488));
#7263 = CARTESIAN_POINT('',(4.146321812505E-02,2.710694026668));
#7264 = CARTESIAN_POINT('',(2.845254912997E-02,2.785878161153));
#7265 = CARTESIAN_POINT('',(2.06993916136E-02,2.836226529689));
#7266 = CARTESIAN_POINT('',(1.400081457653E-02,2.886784320214));
#7267 = CARTESIAN_POINT('',(8.485281707842E-03,2.937528517132));
#7268 = CARTESIAN_POINT('',(4.264116241223E-03,2.98842852789));
#7269 = CARTESIAN_POINT('',(1.420627409256E-03,3.039444166162));
#7270 = CARTESIAN_POINT('',(8.830674923506E-09,3.090522369802));
#7271 = CARTESIAN_POINT('',(8.830674858018E-09,3.14159265359));
#7272 = ( GEOMETRIC_REPRESENTATION_CONTEXT(2) 
PARAMETRIC_REPRESENTATION_CONTEXT() REPRESENTATION_CONTEXT('2D SPACE',''
  ) );
#7273 = ORIENTED_EDGE('',*,*,#2335,.T.);
#7274 = ORIENTED_EDGE('',*,*,#6979,.T.);
#7275 = ADVANCED_FACE('',(#7276),#2236,.T.);
#7276 = FACE_BOUND('',#7277,.F.);
#7277 = EDGE_LOOP('',(#7278,#7279,#7280,#7281));
#7278 = ORIENTED_EDGE('',*,*,#3988,.F.);
#7279 = ORIENTED_EDGE('',*,*,#7081,.F.);
#7280 = ORIENTED_EDGE('',*,*,#2219,.T.);
#7281 = ORIENTED_EDGE('',*,*,#7282,.T.);
#7282 = EDGE_CURVE('',#2220,#3968,#7283,.T.);
#7283 = SURFACE_CURVE('',#7284,(#7307,#7333),.PCURVE_S1.);
#7284 = B_SPLINE_CURVE_WITH_KNOTS('',6,(#7285,#7286,#7287,#7288,#7289,
    #7290,#7291,#7292,#7293,#7294,#7295,#7296,#7297,#7298,#7299,#7300,
    #7301,#7302,#7303,#7304,#7305,#7306),.UNSPECIFIED.,.F.,.F.,(7,5,5,5,
    7),(0.,0.188232710944,0.443677265033,0.69358178458,1.),
  .UNSPECIFIED.);
#7285 = CARTESIAN_POINT('',(-12.33048185721,6.630174746396,16.));
#7286 = CARTESIAN_POINT('',(-12.38604579446,6.628976886808,
    16.000000001503));
#7287 = CARTESIAN_POINT('',(-12.44167197111,6.627361385124,
    15.997192339321));
#7288 = CARTESIAN_POINT('',(-12.49715104734,6.625316540802,
    15.991594188706));
#7289 = CARTESIAN_POINT('',(-12.55227665273,6.622839499942,
    15.98323598271));
#7290 = CARTESIAN_POINT('',(-12.60684512249,6.619937450285,
    15.972159447199));
#7291 = CARTESIAN_POINT('',(-12.73367920386,6.612138775364,
    15.939764351854));
#7292 = CARTESIAN_POINT('',(-12.80530405004,6.606900218357,
    15.916201547649));
#7293 = CARTESIAN_POINT('',(-12.87503044123,6.600958514873,
    15.887854638668));
#7294 = CARTESIAN_POINT('',(-12.94235840622,6.594398647619,
    15.854883018506));
#7295 = CARTESIAN_POINT('',(-13.00678451568,6.58734854126,
    15.817476816926));
#7296 = CARTESIAN_POINT('',(-13.12749034012,6.572775997155,
    15.735137170783));
#7297 = CARTESIAN_POINT('',(-13.18391120299,6.565267583005,
    15.690388203513));
#7298 = CARTESIAN_POINT('',(-13.23658805361,6.557619562713,
    15.641813739797));
#7299 = CARTESIAN_POINT('',(-13.28502036297,6.55003591227,
    15.589660151185));
#7300 = CARTESIAN_POINT('',(-13.32868842875,6.542765156935,
    15.534230860553));
#7301 = CARTESIAN_POINT('',(-13.41418802839,6.527839248708,
    15.404402354568));
#7302 = CARTESIAN_POINT('',(-13.45338991588,6.520466257195,
    15.328519043626));
#7303 = CARTESIAN_POINT('',(-13.48372657954,6.514413020221,15.2490392102
    ));
#7304 = CARTESIAN_POINT('',(-13.50433266049,6.510171977277,
    15.166944430393));
#7305 = CARTESIAN_POINT('',(-13.51462994093,6.508054821497,
    15.083461044965));
#7306 = CARTESIAN_POINT('',(-13.51462994093,6.508054821497,15.));
#7307 = PCURVE('',#2236,#7308);
#7308 = DEFINITIONAL_REPRESENTATION('',(#7309),#7332);
#7309 = B_SPLINE_CURVE_WITH_KNOTS('',6,(#7310,#7311,#7312,#7313,#7314,
    #7315,#7316,#7317,#7318,#7319,#7320,#7321,#7322,#7323,#7324,#7325,
    #7326,#7327,#7328,#7329,#7330,#7331),.UNSPECIFIED.,.F.,.F.,(7,5,5,5,
    7),(0.,0.188232710944,0.443677265033,0.69358178458,1.),
  .UNSPECIFIED.);
#7310 = CARTESIAN_POINT('',(-0.105057982456,4.712388980312));
#7311 = CARTESIAN_POINT('',(-0.107012925118,4.760759570184));
#7312 = CARTESIAN_POINT('',(-0.108980037613,4.809051341749));
#7313 = CARTESIAN_POINT('',(-0.110952845668,4.857280747688));
#7314 = CARTESIAN_POINT('',(-0.112924815812,4.905465978698));
#7315 = CARTESIAN_POINT('',(-0.114889254807,4.953627354286));
#7316 = CARTESIAN_POINT('',(-0.119485429295,5.067144587156));
#7317 = CARTESIAN_POINT('',(-0.12210487879,5.132497352116));
#7318 = CARTESIAN_POINT('',(-0.124680323741,5.197906423344));
#7319 = CARTESIAN_POINT('',(-0.127193279627,5.263433573057));
#7320 = CARTESIAN_POINT('',(-0.129623540857,5.329145119187));
#7321 = CARTESIAN_POINT('',(-0.134223452055,5.459654363257));
#7322 = CARTESIAN_POINT('',(-0.13639741895,5.5244352792));
#7323 = CARTESIAN_POINT('',(-0.138449788746,5.589530424857));
#7324 = CARTESIAN_POINT('',(-0.140357072366,5.654995654501));
#7325 = CARTESIAN_POINT('',(-0.142093030504,5.720875007434));
#7326 = CARTESIAN_POINT('',(-0.145518273894,5.868492362869));
#7327 = CARTESIAN_POINT('',(-0.147108961356,5.950480171725));
#7328 = CARTESIAN_POINT('',(-0.148353683276,6.033098639953));
#7329 = CARTESIAN_POINT('',(-0.149204423579,6.116241123199));
#7330 = CARTESIAN_POINT('',(-0.149629432653,6.199724262214));
#7331 = CARTESIAN_POINT('',(-0.149629432653,6.28318530718));
#7332 = ( GEOMETRIC_REPRESENTATION_CONTEXT(2) 
PARAMETRIC_REPRESENTATION_CONTEXT() REPRESENTATION_CONTEXT('2D SPACE',''
  ) );
#7333 = PCURVE('',#2265,#7334);
#7334 = DEFINITIONAL_REPRESENTATION('',(#7335),#7378);
#7335 = B_SPLINE_CURVE_WITH_KNOTS('',9,(#7336,#7337,#7338,#7339,#7340,
    #7341,#7342,#7343,#7344,#7345,#7346,#7347,#7348,#7349,#7350,#7351,
    #7352,#7353,#7354,#7355,#7356,#7357,#7358,#7359,#7360,#7361,#7362,
    #7363,#7364,#7365,#7366,#7367,#7368,#7369,#7370,#7371,#7372,#7373,
    #7374,#7375,#7376,#7377),.UNSPECIFIED.,.F.,.F.,(10,8,8,8,8,10),(0.,
    0.25,0.5,0.625,0.75,1.),.UNSPECIFIED.);
#7336 = CARTESIAN_POINT('',(2.089053378801,1.570796326795));
#7337 = CARTESIAN_POINT('',(2.098373941348,1.613625040009));
#7338 = CARTESIAN_POINT('',(2.107947525787,1.656395991146));
#7339 = CARTESIAN_POINT('',(2.117765311528,1.699117831155));
#7340 = CARTESIAN_POINT('',(2.127816990264,1.741800719536));
#7341 = CARTESIAN_POINT('',(2.138090144356,1.784455547602));
#7342 = CARTESIAN_POINT('',(2.148569681796,1.827093583267));
#7343 = CARTESIAN_POINT('',(2.159237327737,1.869726537356));
#7344 = CARTESIAN_POINT('',(2.170071172596,1.912367051426));
#7345 = CARTESIAN_POINT('',(2.19201938087,1.997692162816));
#7346 = CARTESIAN_POINT('',(2.203133725879,2.040376759247));
#7347 = CARTESIAN_POINT('',(2.214361904807,2.083095991882));
#7348 = CARTESIAN_POINT('',(2.225674285082,2.125868298564));
#7349 = CARTESIAN_POINT('',(2.237033601027,2.16870170492));
#7350 = CARTESIAN_POINT('',(2.248399242267,2.211614112782));
#7351 = CARTESIAN_POINT('',(2.259725182734,2.254628347828));
#7352 = CARTESIAN_POINT('',(2.270953728201,2.297748960698));
#7353 = CARTESIAN_POINT('',(2.287559876218,2.362620350559));
#7354 = CARTESIAN_POINT('',(2.29305573736,2.384275627581));
#7355 = CARTESIAN_POINT('',(2.298504361426,2.405964241397));
#7356 = CARTESIAN_POINT('',(2.303897539774,2.427687927559));
#7357 = CARTESIAN_POINT('',(2.309226599475,2.44944829855));
#7358 = CARTESIAN_POINT('',(2.314482432123,2.471246841561));
#7359 = CARTESIAN_POINT('',(2.319655522646,2.493084916255));
#7360 = CARTESIAN_POINT('',(2.324735978117,2.514963752546));
#7361 = CARTESIAN_POINT('',(2.334691135005,2.558805144188));
#7362 = CARTESIAN_POINT('',(2.339566014356,2.580768684042));
#7363 = CARTESIAN_POINT('',(2.344326683716,2.602768689973));
#7364 = CARTESIAN_POINT('',(2.348967075775,2.624832188821));
#7365 = CARTESIAN_POINT('',(2.353467228137,2.646906542935));
#7366 = CARTESIAN_POINT('',(2.357827321238,2.669058125212));
#7367 = CARTESIAN_POINT('',(2.362028877584,2.691243667363));
#7368 = CARTESIAN_POINT('',(2.366063002956,2.713477093905));
#7369 = CARTESIAN_POINT('',(2.377628191477,2.780308048488));
#7370 = CARTESIAN_POINT('',(2.384622216506,2.825037225196));
#7371 = CARTESIAN_POINT('',(2.390810855513,2.869930954028));
#7372 = CARTESIAN_POINT('',(2.396107895257,2.914974744167));
#7373 = CARTESIAN_POINT('',(2.400435336913,2.96014995387));
#7374 = CARTESIAN_POINT('',(2.403728300343,3.005433040035));
#7375 = CARTESIAN_POINT('',(2.405939690318,3.050794372294));
#7376 = CARTESIAN_POINT('',(2.407044624722,3.096196611642));
#7377 = CARTESIAN_POINT('',(2.407044624721,3.14159265359));
#7378 = ( GEOMETRIC_REPRESENTATION_CONTEXT(2) 
PARAMETRIC_REPRESENTATION_CONTEXT() REPRESENTATION_CONTEXT('2D SPACE',''
  ) );
#7379 = ADVANCED_FACE('',(#7380),#2323,.T.);
#7380 = FACE_BOUND('',#7381,.T.);
#7381 = EDGE_LOOP('',(#7382,#7383,#7384,#7482));
#7382 = ORIENTED_EDGE('',*,*,#7181,.F.);
#7383 = ORIENTED_EDGE('',*,*,#2306,.T.);
#7384 = ORIENTED_EDGE('',*,*,#7385,.T.);
#7385 = EDGE_CURVE('',#2278,#4160,#7386,.T.);
#7386 = SURFACE_CURVE('',#7387,(#7410,#7456),.PCURVE_S1.);
#7387 = B_SPLINE_CURVE_WITH_KNOTS('',6,(#7388,#7389,#7390,#7391,#7392,
    #7393,#7394,#7395,#7396,#7397,#7398,#7399,#7400,#7401,#7402,#7403,
    #7404,#7405,#7406,#7407,#7408,#7409),.UNSPECIFIED.,.F.,.F.,(7,5,5,5,
    7),(0.,0.188232710892,0.443677264997,0.69358178456,1.),
  .UNSPECIFIED.);
#7388 = CARTESIAN_POINT('',(-13.85451612917,2.013053111778,16.));
#7389 = CARTESIAN_POINT('',(-13.90631945869,1.992923505693,
    16.000000001498));
#7390 = CARTESIAN_POINT('',(-13.95803843242,1.972380158215,
    15.997192339313));
#7391 = CARTESIAN_POINT('',(-14.00947233299,1.951483671481,
    15.991594188697));
#7392 = CARTESIAN_POINT('',(-14.06042625962,1.930301946787,
    15.983235982702));
#7393 = CARTESIAN_POINT('',(-14.11071128856,1.90891139641,
    15.972159447194));
#7394 = CARTESIAN_POINT('',(-14.22722903496,1.858203228455,
    15.939764351854));
#7395 = CARTESIAN_POINT('',(-14.29274268237,1.828783454933,
    15.916201547649));
#7396 = CARTESIAN_POINT('',(-14.35623187536,1.799352249707,
    15.887854638668));
#7397 = CARTESIAN_POINT('',(-14.4172558605,1.770160470618,
    15.854883018506));
#7398 = CARTESIAN_POINT('',(-14.47538532175,1.741500510507,
    15.817476816926));
#7399 = CARTESIAN_POINT('',(-14.58382759064,1.68652297497,
    15.735137170783));
#7400 = CARTESIAN_POINT('',(-14.63427783026,1.660170301994,
    15.690388203513));
#7401 = CARTESIAN_POINT('',(-14.68116210107,1.634966969763,
    15.641813739797));
#7402 = CARTESIAN_POINT('',(-14.72407982357,1.611275844015,
    15.589660151185));
#7403 = CARTESIAN_POINT('',(-14.76262763797,1.589508210763,
    15.534230860553));
#7404 = CARTESIAN_POINT('',(-14.83786601956,1.546239859619,
    15.404402354568));
#7405 = CARTESIAN_POINT('',(-14.87218203234,1.525903678722,
    15.328519043626));
#7406 = CARTESIAN_POINT('',(-14.89861884235,1.509839746553,15.2490392102
    ));
#7407 = CARTESIAN_POINT('',(-14.91653170245,1.498806775034,
    15.166944430393));
#7408 = CARTESIAN_POINT('',(-14.92548387096,1.493295422039,
    15.083461044965));
#7409 = CARTESIAN_POINT('',(-14.92548387096,1.493295422039,15.));
#7410 = PCURVE('',#2323,#7411);
#7411 = DEFINITIONAL_REPRESENTATION('',(#7412),#7455);
#7412 = B_SPLINE_CURVE_WITH_KNOTS('',9,(#7413,#7414,#7415,#7416,#7417,
    #7418,#7419,#7420,#7421,#7422,#7423,#7424,#7425,#7426,#7427,#7428,
    #7429,#7430,#7431,#7432,#7433,#7434,#7435,#7436,#7437,#7438,#7439,
    #7440,#7441,#7442,#7443,#7444,#7445,#7446,#7447,#7448,#7449,#7450,
    #7451,#7452,#7453,#7454),.UNSPECIFIED.,.F.,.F.,(10,8,8,8,8,10),(0.,
    0.25,0.5,0.625,0.75,1.),.UNSPECIFIED.);
#7413 = CARTESIAN_POINT('',(2.08905337889,1.570796326795));
#7414 = CARTESIAN_POINT('',(2.098373941284,1.613625040242));
#7415 = CARTESIAN_POINT('',(2.10794752582,1.656395991225));
#7416 = CARTESIAN_POINT('',(2.117765311594,1.699117831178));
#7417 = CARTESIAN_POINT('',(2.127816990291,1.741800719618));
#7418 = CARTESIAN_POINT('',(2.138090144348,1.784455547732));
#7419 = CARTESIAN_POINT('',(2.148569681802,1.827093583372));
#7420 = CARTESIAN_POINT('',(2.15923732777,1.869726537412));
#7421 = CARTESIAN_POINT('',(2.170071172615,1.912367051502));
#7422 = CARTESIAN_POINT('',(2.192019380888,1.997692162887));
#7423 = CARTESIAN_POINT('',(2.203133725897,2.040376759315));
#7424 = CARTESIAN_POINT('',(2.214361904824,2.083095991948));
#7425 = CARTESIAN_POINT('',(2.225674285099,2.125868298627));
#7426 = CARTESIAN_POINT('',(2.237033601043,2.16870170498));
#7427 = CARTESIAN_POINT('',(2.248399242282,2.21161411284));
#7428 = CARTESIAN_POINT('',(2.259725182748,2.254628347883));
#7429 = CARTESIAN_POINT('',(2.270953728214,2.297748960751));
#7430 = CARTESIAN_POINT('',(2.28755987623,2.362620350608));
#7431 = CARTESIAN_POINT('',(2.293055737371,2.384275627628));
#7432 = CARTESIAN_POINT('',(2.298504361437,2.405964241443));
#7433 = CARTESIAN_POINT('',(2.303897539785,2.427687927603));
#7434 = CARTESIAN_POINT('',(2.309226599485,2.449448298594));
#7435 = CARTESIAN_POINT('',(2.314482432133,2.471246841603));
#7436 = CARTESIAN_POINT('',(2.319655522656,2.493084916296));
#7437 = CARTESIAN_POINT('',(2.324735978125,2.514963752585));
#7438 = CARTESIAN_POINT('',(2.334691135013,2.558805144224));
#7439 = CARTESIAN_POINT('',(2.339566014363,2.580768684077));
#7440 = CARTESIAN_POINT('',(2.344326683723,2.602768690007));
#7441 = CARTESIAN_POINT('',(2.348967075781,2.624832188852));
#7442 = CARTESIAN_POINT('',(2.353467228143,2.646906542967));
#7443 = CARTESIAN_POINT('',(2.357827321243,2.669058125241));
#7444 = CARTESIAN_POINT('',(2.362028877588,2.691243667392));
#7445 = CARTESIAN_POINT('',(2.366063002961,2.713477093932));
#7446 = CARTESIAN_POINT('',(2.377628191481,2.780308048511));
#7447 = CARTESIAN_POINT('',(2.384622216508,2.825037225216));
#7448 = CARTESIAN_POINT('',(2.390810855515,2.869930954045));
#7449 = CARTESIAN_POINT('',(2.396107895258,2.914974744181));
#7450 = CARTESIAN_POINT('',(2.400435336914,2.960149953882));
#7451 = CARTESIAN_POINT('',(2.403728300343,3.005433040043));
#7452 = CARTESIAN_POINT('',(2.405939690317,3.0507943723));
#7453 = CARTESIAN_POINT('',(2.407044624721,3.096196611644));
#7454 = CARTESIAN_POINT('',(2.407044624721,3.14159265359));
#7455 = ( GEOMETRIC_REPRESENTATION_CONTEXT(2) 
PARAMETRIC_REPRESENTATION_CONTEXT() REPRESENTATION_CONTEXT('2D SPACE',''
  ) );
#7456 = PCURVE('',#2294,#7457);
#7457 = DEFINITIONAL_REPRESENTATION('',(#7458),#7481);
#7458 = B_SPLINE_CURVE_WITH_KNOTS('',6,(#7459,#7460,#7461,#7462,#7463,
    #7464,#7465,#7466,#7467,#7468,#7469,#7470,#7471,#7472,#7473,#7474,
    #7475,#7476,#7477,#7478,#7479,#7480),.UNSPECIFIED.,.F.,.F.,(7,5,5,5,
    7),(0.,0.188232710892,0.443677264997,0.69358178456,1.),
  .UNSPECIFIED.);
#7459 = CARTESIAN_POINT('',(-0.105057982447,4.71238898051));
#7460 = CARTESIAN_POINT('',(-0.107012925142,4.760759570121));
#7461 = CARTESIAN_POINT('',(-0.108980037607,4.809051341883));
#7462 = CARTESIAN_POINT('',(-0.110952845662,4.857280747797));
#7463 = CARTESIAN_POINT('',(-0.112924815821,4.905465978678));
#7464 = CARTESIAN_POINT('',(-0.114889254808,4.953627354302));
#7465 = CARTESIAN_POINT('',(-0.119485429294,5.067144587156));
#7466 = CARTESIAN_POINT('',(-0.12210487879,5.132497352116));
#7467 = CARTESIAN_POINT('',(-0.124680323741,5.197906423344));
#7468 = CARTESIAN_POINT('',(-0.127193279627,5.263433573057));
#7469 = CARTESIAN_POINT('',(-0.129623540857,5.329145119187));
#7470 = CARTESIAN_POINT('',(-0.134223452055,5.459654363257));
#7471 = CARTESIAN_POINT('',(-0.13639741895,5.5244352792));
#7472 = CARTESIAN_POINT('',(-0.138449788746,5.589530424857));
#7473 = CARTESIAN_POINT('',(-0.140357072366,5.654995654501));
#7474 = CARTESIAN_POINT('',(-0.142093030504,5.720875007434));
#7475 = CARTESIAN_POINT('',(-0.145518273894,5.868492362869));
#7476 = CARTESIAN_POINT('',(-0.147108961356,5.950480171725));
#7477 = CARTESIAN_POINT('',(-0.148353683276,6.033098639953));
#7478 = CARTESIAN_POINT('',(-0.149204423579,6.116241123199));
#7479 = CARTESIAN_POINT('',(-0.149629432653,6.199724262214));
#7480 = CARTESIAN_POINT('',(-0.149629432653,6.28318530718));
#7481 = ( GEOMETRIC_REPRESENTATION_CONTEXT(2) 
PARAMETRIC_REPRESENTATION_CONTEXT() REPRESENTATION_CONTEXT('2D SPACE',''
  ) );
#7482 = ORIENTED_EDGE('',*,*,#4256,.F.);
#7483 = ADVANCED_FACE('',(#7484),#2265,.T.);
#7484 = FACE_BOUND('',#7485,.T.);
#7485 = EDGE_LOOP('',(#7486,#7579,#7580,#7581));
#7486 = ORIENTED_EDGE('',*,*,#7487,.F.);
#7487 = EDGE_CURVE('',#2249,#4065,#7488,.T.);
#7488 = SURFACE_CURVE('',#7489,(#7512,#7553),.PCURVE_S1.);
#7489 = B_SPLINE_CURVE_WITH_KNOTS('',6,(#7490,#7491,#7492,#7493,#7494,
    #7495,#7496,#7497,#7498,#7499,#7500,#7501,#7502,#7503,#7504,#7505,
    #7506,#7507,#7508,#7509,#7510,#7511),.UNSPECIFIED.,.F.,.F.,(7,5,5,5,
    7),(0.,0.188441946205,0.445505773471,0.6969388312,1.),
  .UNSPECIFIED.);
#7490 = CARTESIAN_POINT('',(-13.70749128478,2.846872437871,16.));
#7491 = CARTESIAN_POINT('',(-13.7493323307,2.883546681263,
    16.000000001511));
#7492 = CARTESIAN_POINT('',(-13.79095210708,2.920581665748,
    15.997186078884));
#7493 = CARTESIAN_POINT('',(-13.83218216773,2.957851373893,
    15.991575465032));
#7494 = CARTESIAN_POINT('',(-13.87286206335,2.995224897698,
    15.983198709466));
#7495 = CARTESIAN_POINT('',(-13.91283991021,3.032565347662,
    15.972097702844));
#7496 = CARTESIAN_POINT('',(-14.00535646182,3.12042538049,
    15.939533843062));
#7497 = CARTESIAN_POINT('',(-14.05716605662,3.170790674372,
    15.915770410862));
#7498 = CARTESIAN_POINT('',(-14.10704175669,3.220462117446,
    15.887163336175));
#7499 = CARTESIAN_POINT('',(-14.15464914219,3.269045550895,
    15.853875316376));
#7500 = CARTESIAN_POINT('',(-14.19967933924,3.316110721533,
    15.816100596679));
#7501 = CARTESIAN_POINT('',(-14.28309496826,3.405275564431,
    15.732947689228));
#7502 = CARTESIAN_POINT('',(-14.32160053985,3.447457608996,
    15.687757925092));
#7503 = CARTESIAN_POINT('',(-14.35710296861,3.487295352649,
    15.638703950445));
#7504 = CARTESIAN_POINT('',(-14.38934557229,3.524300710204,
    15.586037988459));
#7505 = CARTESIAN_POINT('',(-14.41808592531,3.557938083396,
    15.53007136793));
#7506 = CARTESIAN_POINT('',(-14.47325678442,3.623540753937,
    15.400240481996));
#7507 = CARTESIAN_POINT('',(-14.49801307255,3.653757769984,
    15.325033581622));
#7508 = CARTESIAN_POINT('',(-14.51694484208,3.677381987194,
    15.24633965041));
#7509 = CARTESIAN_POINT('',(-14.52971919921,3.693516279507,
    15.165114208954));
#7510 = CARTESIAN_POINT('',(-14.53610416948,3.70157744401,
    15.082546239443));
#7511 = CARTESIAN_POINT('',(-14.53610416948,3.70157744401,15.));
#7512 = PCURVE('',#2265,#7513);
#7513 = DEFINITIONAL_REPRESENTATION('',(#7514),#7552);
#7514 = B_SPLINE_CURVE_WITH_KNOTS('',8,(#7515,#7516,#7517,#7518,#7519,
    #7520,#7521,#7522,#7523,#7524,#7525,#7526,#7527,#7528,#7529,#7530,
    #7531,#7532,#7533,#7534,#7535,#7536,#7537,#7538,#7539,#7540,#7541,
    #7542,#7543,#7544,#7545,#7546,#7547,#7548,#7549,#7550,#7551),
  .UNSPECIFIED.,.F.,.F.,(9,7,7,7,7,9),(0.,0.25,0.5,0.625,0.75,1.),
  .UNSPECIFIED.);
#7515 = CARTESIAN_POINT('',(0.317991245845,1.570796326801));
#7516 = CARTESIAN_POINT('',(0.307505585057,1.618978758568));
#7517 = CARTESIAN_POINT('',(0.296694610698,1.667086915317));
#7518 = CARTESIAN_POINT('',(0.285571547093,1.715133800372));
#7519 = CARTESIAN_POINT('',(0.274152308444,1.763135085212));
#7520 = CARTESIAN_POINT('',(0.262456883089,1.811107418966));
#7521 = CARTESIAN_POINT('',(0.250510558398,1.859067960951));
#7522 = CARTESIAN_POINT('',(0.238344986296,1.907035136268));
#7523 = CARTESIAN_POINT('',(0.213653192549,2.003026092613));
#7524 = CARTESIAN_POINT('',(0.201126961187,2.051050003282));
#7525 = CARTESIAN_POINT('',(0.188460132385,2.099120743628));
#7526 = CARTESIAN_POINT('',(0.175697781316,2.147269064582));
#7527 = CARTESIAN_POINT('',(0.162901600141,2.195496203351));
#7528 = CARTESIAN_POINT('',(0.150131766131,2.243854426953));
#7529 = CARTESIAN_POINT('',(0.137474254182,2.292344881662));
#7530 = CARTESIAN_POINT('',(0.11879230439,2.365325376486));
#7531 = CARTESIAN_POINT('',(0.112615803923,2.389692678426));
#7532 = CARTESIAN_POINT('',(0.106501689727,2.414103245927));
#7533 = CARTESIAN_POINT('',(0.100462421392,2.4385596509));
#7534 = CARTESIAN_POINT('',(9.45112827883E-02,2.463064237824));
#7535 = CARTESIAN_POINT('',(8.86623168993E-02,2.48761911962));
#7536 = CARTESIAN_POINT('',(8.293026065186E-02,2.512226173533));
#7537 = CARTESIAN_POINT('',(7.173069884727E-02,2.561547900484));
#7538 = CARTESIAN_POINT('',(6.62631568203E-02,2.586262705847));
#7539 = CARTESIAN_POINT('',(6.094351283652E-02,2.611031378804));
#7540 = CARTESIAN_POINT('',(5.578609430656E-02,2.635864015244));
#7541 = CARTESIAN_POINT('',(5.081168730134E-02,2.660737020408));
#7542 = CARTESIAN_POINT('',(4.603002101788E-02,2.685690454882));
#7543 = CARTESIAN_POINT('',(4.146321812486E-02,2.71069402667));
#7544 = CARTESIAN_POINT('',(2.84525491299E-02,2.785878161154));
#7545 = CARTESIAN_POINT('',(2.06993916136E-02,2.836226529691));
#7546 = CARTESIAN_POINT('',(1.400081457662E-02,2.886784320215));
#7547 = CARTESIAN_POINT('',(8.485281707989E-03,2.937528517133));
#7548 = CARTESIAN_POINT('',(4.264116241407E-03,2.988428527891));
#7549 = CARTESIAN_POINT('',(1.420627409461E-03,3.039444166162));
#7550 = CARTESIAN_POINT('',(8.830903063745E-09,3.090522369802));
#7551 = CARTESIAN_POINT('',(8.830903119872E-09,3.14159265359));
#7552 = ( GEOMETRIC_REPRESENTATION_CONTEXT(2) 
PARAMETRIC_REPRESENTATION_CONTEXT() REPRESENTATION_CONTEXT('2D SPACE',''
  ) );
#7553 = PCURVE('',#2294,#7554);
#7554 = DEFINITIONAL_REPRESENTATION('',(#7555),#7578);
#7555 = B_SPLINE_CURVE_WITH_KNOTS('',6,(#7556,#7557,#7558,#7559,#7560,
    #7561,#7562,#7563,#7564,#7565,#7566,#7567,#7568,#7569,#7570,#7571,
    #7572,#7573,#7574,#7575,#7576,#7577),.UNSPECIFIED.,.F.,.F.,(7,5,5,5,
    7),(0.,0.188441946205,0.445505773471,0.6969388312,1.),
  .UNSPECIFIED.);
#7556 = CARTESIAN_POINT('',(-4.457145262816E-02,4.712388980385));
#7557 = CARTESIAN_POINT('',(-4.261433162905E-02,4.760813467625));
#7558 = CARTESIAN_POINT('',(-4.064501372053E-02,4.809158960359));
#7559 = CARTESIAN_POINT('',(-3.866999476126E-02,4.857441967001));
#7560 = CARTESIAN_POINT('',(-3.669583014826E-02,4.905680741191));
#7561 = CARTESIAN_POINT('',(-3.472923590574E-02,4.953895674833));
#7562 = CARTESIAN_POINT('',(-3.011429831208E-02,5.067881032436));
#7563 = CARTESIAN_POINT('',(-2.747857819995E-02,5.133648353239));
#7564 = CARTESIAN_POINT('',(-2.488759212271E-02,5.199473310885));
#7565 = CARTESIAN_POINT('',(-2.236019055817E-02,5.265418900086));
#7566 = CARTESIAN_POINT('',(-1.99169951126E-02,5.331552740696));
#7567 = CARTESIAN_POINT('',(-1.52959392199E-02,5.462893605483));
#7568 = CARTESIAN_POINT('',(-1.311363609275E-02,5.528083341656));
#7569 = CARTESIAN_POINT('',(-1.10552259126E-02,5.593593523567));
#7570 = CARTESIAN_POINT('',(-9.144703696409E-03,5.65948066782));
#7571 = CARTESIAN_POINT('',(-7.408882097448E-03,5.725788929843));
#7572 = CARTESIAN_POINT('',(-4.024430450768E-03,5.872985085055));
#7573 = CARTESIAN_POINT('',(-2.466208169225E-03,5.954101705544));
#7574 = CARTESIAN_POINT('',(-1.247915185868E-03,6.035832310839));
#7575 = CARTESIAN_POINT('',(-4.157566244301E-04,6.118071325965));
#7576 = CARTESIAN_POINT('',(2.39808173319E-14,6.200639067737));
#7577 = CARTESIAN_POINT('',(2.39808173319E-14,6.28318530718));
#7578 = ( GEOMETRIC_REPRESENTATION_CONTEXT(2) 
PARAMETRIC_REPRESENTATION_CONTEXT() REPRESENTATION_CONTEXT('2D SPACE',''
  ) );
#7579 = ORIENTED_EDGE('',*,*,#2248,.T.);
#7580 = ORIENTED_EDGE('',*,*,#7282,.T.);
#7581 = ORIENTED_EDGE('',*,*,#4064,.F.);
#7582 = ADVANCED_FACE('',(#7583),#2294,.T.);
#7583 = FACE_BOUND('',#7584,.F.);
#7584 = EDGE_LOOP('',(#7585,#7586,#7587,#7588));
#7585 = ORIENTED_EDGE('',*,*,#4180,.F.);
#7586 = ORIENTED_EDGE('',*,*,#7487,.F.);
#7587 = ORIENTED_EDGE('',*,*,#2277,.T.);
#7588 = ORIENTED_EDGE('',*,*,#7385,.T.);
#7589 = ADVANCED_FACE('',(#7590),#4300,.F.);
#7590 = FACE_BOUND('',#7591,.F.);
#7591 = EDGE_LOOP('',(#7592));
#7592 = ORIENTED_EDGE('',*,*,#4283,.T.);
#7593 = ( GEOMETRIC_REPRESENTATION_CONTEXT(3) 
GLOBAL_UNCERTAINTY_ASSIGNED_CONTEXT((#7597)) 
GLOBAL_UNIT_ASSIGNED_CONTEXT((#7594,#7595,#7596)) REPRESENTATION_CONTEXT
('Context #1','3D Context with UNIT and UNCERTAINTY') );
#7594 = ( LENGTH_UNIT() NAMED_UNIT(*) SI_UNIT(.MILLI.,.METRE.) );
#7595 = ( NAMED_UNIT(*) PLANE_ANGLE_UNIT() SI_UNIT($,.RADIAN.) );
#7596 = ( NAMED_UNIT(*) SI_UNIT($,.STERADIAN.) SOLID_ANGLE_UNIT() );
#7597 = UNCERTAINTY_MEASURE_WITH_UNIT(LENGTH_MEASURE(2.E-07),#7594,
  'distance_accuracy_value','confusion accuracy');
#7598 = PRODUCT_RELATED_PRODUCT_CATEGORY('part',$,(#7));
ENDSEC;
END-ISO-10303-21;
