ISO-10303-21;
HEADER;
/* Generated by software containing ST-Developer
 * from STEP Tools, Inc. (www.steptools.com) 
 */
/* OPTION: using custom renumber hook */

FILE_DESCRIPTION(
/* description */ ('STEP AP242 Edition 2',
'CAx-IF Rec.Pracs.---Representation and Presentation of Product Manufa
cturing Information (PMI)---4.0---2014-10-13',
'CAx-IF Rec.Pracs.---3D Tessellated Geometry---0.4---2014-09-14','2;1',
'CAx-IF Rec.Pracs.---User Defined Attributes---1.5---2016-08-15'),
/* implementation_level */ '2;1');

FILE_NAME(
/* name */ 'Part Studio 1',
/* time_stamp */ '2026-09-11T02:14:39Z',
/* author */ (''),
/* organization */ (''),
/* preprocessor_version */ 'ST-DEVELOPER v20',
/* originating_system */ 'ONSHAPE BY PTC INC, 1.220',
/* authorisation */ '  ');

FILE_SCHEMA (('AP242_MANAGED_MODEL_BASED_3D_ENGINEERING_MIM_LF { 1 0 10303 442 3 1 4 }'));
ENDSEC;

DATA;
#10=LINE('',#5136,#122);
#11=LINE('',#5141,#123);
#12=LINE('',#5145,#124);
#13=LINE('',#5147,#125);
#14=LINE('',#5149,#126);
#15=LINE('',#5153,#127);
#16=LINE('',#5157,#128);
#17=LINE('',#5159,#129);
#18=LINE('',#5161,#130);
#19=LINE('',#5165,#131);
#20=LINE('',#5169,#132);
#21=LINE('',#5171,#133);
#22=LINE('',#5173,#134);
#23=LINE('',#5177,#135);
#24=LINE('',#5181,#136);
#25=LINE('',#5182,#137);
#26=LINE('',#5184,#138);
#27=LINE('',#5189,#139);
#28=LINE('',#5193,#140);
#29=LINE('',#5197,#141);
#30=LINE('',#5225,#142);
#31=LINE('',#5230,#143);
#32=LINE('',#5234,#144);
#33=LINE('',#5238,#145);
#34=LINE('',#5326,#146);
#35=LINE('',#5331,#147);
#36=LINE('',#5335,#148);
#37=LINE('',#5338,#149);
#38=LINE('',#5339,#150);
#39=LINE('',#5341,#151);
#40=LINE('',#5343,#152);
#41=LINE('',#5345,#153);
#42=LINE('',#5347,#154);
#43=LINE('',#5355,#155);
#44=LINE('',#5359,#156);
#45=LINE('',#5362,#157);
#46=LINE('',#5363,#158);
#47=LINE('',#5365,#159);
#48=LINE('',#5367,#160);
#49=LINE('',#5369,#161);
#50=LINE('',#5374,#162);
#51=LINE('',#5379,#163);
#52=LINE('',#5383,#164);
#53=LINE('',#5386,#165);
#54=LINE('',#5387,#166);
#55=LINE('',#5389,#167);
#56=LINE('',#5391,#168);
#57=LINE('',#5393,#169);
#58=LINE('',#5395,#170);
#59=LINE('',#5403,#171);
#60=LINE('',#5407,#172);
#61=LINE('',#5410,#173);
#62=LINE('',#5411,#174);
#63=LINE('',#5413,#175);
#64=LINE('',#5415,#176);
#65=LINE('',#5417,#177);
#66=LINE('',#5487,#178);
#67=LINE('',#5492,#179);
#68=LINE('',#5496,#180);
#69=LINE('',#5499,#181);
#70=LINE('',#5500,#182);
#71=LINE('',#5502,#183);
#72=LINE('',#5508,#184);
#73=LINE('',#5511,#185);
#74=LINE('',#5512,#186);
#75=LINE('',#5514,#187);
#76=LINE('',#5520,#188);
#77=LINE('',#5523,#189);
#78=LINE('',#5524,#190);
#79=LINE('',#5526,#191);
#80=LINE('',#5532,#192);
#81=LINE('',#5533,#193);
#82=LINE('',#5535,#194);
#83=LINE('',#5540,#195);
#84=LINE('',#5544,#196);
#85=LINE('',#5548,#197);
#86=LINE('',#5552,#198);
#87=LINE('',#5557,#199);
#88=LINE('',#5561,#200);
#89=LINE('',#5565,#201);
#90=LINE('',#5773,#202);
#91=LINE('',#5778,#203);
#92=LINE('',#5782,#204);
#93=LINE('',#5785,#205);
#94=LINE('',#5786,#206);
#95=LINE('',#5788,#207);
#96=LINE('',#5790,#208);
#97=LINE('',#5792,#209);
#98=LINE('',#5794,#210);
#99=LINE('',#5802,#211);
#100=LINE('',#5806,#212);
#101=LINE('',#5809,#213);
#102=LINE('',#5810,#214);
#103=LINE('',#5812,#215);
#104=LINE('',#5814,#216);
#105=LINE('',#5816,#217);
#106=LINE('',#5821,#218);
#107=LINE('',#5826,#219);
#108=LINE('',#5830,#220);
#109=LINE('',#5833,#221);
#110=LINE('',#5834,#222);
#111=LINE('',#5836,#223);
#112=LINE('',#5838,#224);
#113=LINE('',#5840,#225);
#114=LINE('',#5842,#226);
#115=LINE('',#5850,#227);
#116=LINE('',#5854,#228);
#117=LINE('',#5857,#229);
#118=LINE('',#5858,#230);
#119=LINE('',#5860,#231);
#120=LINE('',#5862,#232);
#121=LINE('',#5864,#233);
#122=VECTOR('',#3962,1.);
#123=VECTOR('',#3965,1.);
#124=VECTOR('',#3970,1.);
#125=VECTOR('',#3971,1.);
#126=VECTOR('',#3972,1.);
#127=VECTOR('',#3977,1.);
#128=VECTOR('',#3982,1.);
#129=VECTOR('',#3983,1.);
#130=VECTOR('',#3984,1.);
#131=VECTOR('',#3989,1.);
#132=VECTOR('',#3994,1.);
#133=VECTOR('',#3995,1.);
#134=VECTOR('',#3996,1.);
#135=VECTOR('',#4001,1.);
#136=VECTOR('',#4006,1.);
#137=VECTOR('',#4007,1.);
#138=VECTOR('',#4010,1.);
#139=VECTOR('',#4013,1.);
#140=VECTOR('',#4016,1.);
#141=VECTOR('',#4019,1.);
#142=VECTOR('',#4048,1.);
#143=VECTOR('',#4051,1.);
#144=VECTOR('',#4054,1.);
#145=VECTOR('',#4057,1.);
#146=VECTOR('',#4182,1.);
#147=VECTOR('',#4185,1.);
#148=VECTOR('',#4190,1.);
#149=VECTOR('',#4191,1.);
#150=VECTOR('',#4192,1.);
#151=VECTOR('',#4195,1.);
#152=VECTOR('',#4196,1.);
#153=VECTOR('',#4197,1.);
#154=VECTOR('',#4200,1.);
#155=VECTOR('',#4209,1.);
#156=VECTOR('',#4214,1.);
#157=VECTOR('',#4215,1.);
#158=VECTOR('',#4216,1.);
#159=VECTOR('',#4219,1.);
#160=VECTOR('',#4220,1.);
#161=VECTOR('',#4221,1.);
#162=VECTOR('',#4230,1.);
#163=VECTOR('',#4233,1.);
#164=VECTOR('',#4238,1.);
#165=VECTOR('',#4239,1.);
#166=VECTOR('',#4240,1.);
#167=VECTOR('',#4243,1.);
#168=VECTOR('',#4244,1.);
#169=VECTOR('',#4245,1.);
#170=VECTOR('',#4248,1.);
#171=VECTOR('',#4257,1.);
#172=VECTOR('',#4262,1.);
#173=VECTOR('',#4263,1.);
#174=VECTOR('',#4264,1.);
#175=VECTOR('',#4267,1.);
#176=VECTOR('',#4268,1.);
#177=VECTOR('',#4269,1.);
#178=VECTOR('',#4408,1.);
#179=VECTOR('',#4411,1.);
#180=VECTOR('',#4416,1.);
#181=VECTOR('',#4417,1.);
#182=VECTOR('',#4418,1.);
#183=VECTOR('',#4421,1.);
#184=VECTOR('',#4428,1.);
#185=VECTOR('',#4429,1.);
#186=VECTOR('',#4430,1.);
#187=VECTOR('',#4433,1.);
#188=VECTOR('',#4440,1.);
#189=VECTOR('',#4441,1.);
#190=VECTOR('',#4442,1.);
#191=VECTOR('',#4445,1.);
#192=VECTOR('',#4452,1.);
#193=VECTOR('',#4453,1.);
#194=VECTOR('',#4456,1.);
#195=VECTOR('',#4459,1.);
#196=VECTOR('',#4462,1.);
#197=VECTOR('',#4465,1.);
#198=VECTOR('',#4470,1.);
#199=VECTOR('',#4473,1.);
#200=VECTOR('',#4476,1.);
#201=VECTOR('',#4479,1.);
#202=VECTOR('',#4748,1.);
#203=VECTOR('',#4751,1.);
#204=VECTOR('',#4756,1.);
#205=VECTOR('',#4757,1.);
#206=VECTOR('',#4758,1.);
#207=VECTOR('',#4761,1.);
#208=VECTOR('',#4762,1.);
#209=VECTOR('',#4763,1.);
#210=VECTOR('',#4766,1.);
#211=VECTOR('',#4775,1.);
#212=VECTOR('',#4780,1.);
#213=VECTOR('',#4781,1.);
#214=VECTOR('',#4782,1.);
#215=VECTOR('',#4785,1.);
#216=VECTOR('',#4786,1.);
#217=VECTOR('',#4787,1.);
#218=VECTOR('',#4796,1.);
#219=VECTOR('',#4799,1.);
#220=VECTOR('',#4804,1.);
#221=VECTOR('',#4805,1.);
#222=VECTOR('',#4806,1.);
#223=VECTOR('',#4809,1.);
#224=VECTOR('',#4810,1.);
#225=VECTOR('',#4811,1.);
#226=VECTOR('',#4814,1.);
#227=VECTOR('',#4823,1.);
#228=VECTOR('',#4828,1.);
#229=VECTOR('',#4829,1.);
#230=VECTOR('',#4830,1.);
#231=VECTOR('',#4833,1.);
#232=VECTOR('',#4834,1.);
#233=VECTOR('',#4835,1.);
#234=SHAPE_REPRESENTATION_RELATIONSHIP('','',#3336,#238);
#235=SHAPE_REPRESENTATION_RELATIONSHIP('','',#3337,#239);
#236=SHAPE_REPRESENTATION_RELATIONSHIP('','',#3338,#240);
#237=SHAPE_REPRESENTATION_RELATIONSHIP('','',#3339,#241);
#238=ADVANCED_BREP_SHAPE_REPRESENTATION('',(#3328),#6010);
#239=ADVANCED_BREP_SHAPE_REPRESENTATION('',(#3329),#6011);
#240=ADVANCED_BREP_SHAPE_REPRESENTATION('',(#3330),#6012);
#241=ADVANCED_BREP_SHAPE_REPRESENTATION('',(#3331),#6013);
#242=TOROIDAL_SURFACE('',#3370,0.00455,0.001);
#243=TOROIDAL_SURFACE('',#3371,0.0130857864376269,0.001);
#244=TOROIDAL_SURFACE('',#3372,0.014,0.001);
#245=TOROIDAL_SURFACE('',#3373,0.014,0.001);
#246=TOROIDAL_SURFACE('',#3374,0.0130857864376269,0.001);
#247=TOROIDAL_SURFACE('',#3375,0.0099642135623731,0.001);
#248=TOROIDAL_SURFACE('',#3376,0.00905,0.001);
#249=TOROIDAL_SURFACE('',#3377,0.00705,0.001);
#250=TOROIDAL_SURFACE('',#3509,0.009,0.001);
#251=TOROIDAL_SURFACE('',#3516,0.009,0.001);
#252=TOROIDAL_SURFACE('',#3518,0.009,0.001);
#253=TOROIDAL_SURFACE('',#3524,0.009,0.001);
#254=TOROIDAL_SURFACE('',#3525,0.0080857864376269,0.001);
#255=TOROIDAL_SURFACE('',#3532,0.0080857864376269,0.001);
#256=TOROIDAL_SURFACE('',#3534,0.00808578643762691,0.001);
#257=TOROIDAL_SURFACE('',#3540,0.0080857864376269,0.001);
#258=TOROIDAL_SURFACE('',#3541,0.0080857864376269,0.001);
#259=TOROIDAL_SURFACE('',#3548,0.0080857864376269,0.001);
#260=TOROIDAL_SURFACE('',#3550,0.0080857864376269,0.001);
#261=TOROIDAL_SURFACE('',#3556,0.0080857864376269,0.001);
#262=TOROIDAL_SURFACE('',#3557,0.009,0.001);
#263=TOROIDAL_SURFACE('',#3564,0.009,0.001);
#264=TOROIDAL_SURFACE('',#3566,0.009,0.001);
#265=TOROIDAL_SURFACE('',#3572,0.009,0.001);
#266=TOROIDAL_SURFACE('',#3764,0.00375,0.001);
#267=TOROIDAL_SURFACE('',#3765,0.00375,0.001);
#268=TOROIDAL_SURFACE('',#3766,0.00375,0.001);
#269=TOROIDAL_SURFACE('',#3767,0.00375,0.001);
#270=TOROIDAL_SURFACE('',#3768,0.00375,0.001);
#271=TOROIDAL_SURFACE('',#3769,0.00375,0.001);
#272=TOROIDAL_SURFACE('',#3770,0.00375,0.001);
#273=TOROIDAL_SURFACE('',#3771,0.00375,0.001);
#274=TOROIDAL_SURFACE('',#3772,0.00375,0.001);
#275=TOROIDAL_SURFACE('',#3773,0.00375,0.001);
#276=TOROIDAL_SURFACE('',#3774,0.00375,0.001);
#277=TOROIDAL_SURFACE('',#3775,0.00375,0.001);
#278=TOROIDAL_SURFACE('',#3776,0.00808578643762691,0.001);
#279=TOROIDAL_SURFACE('',#3783,0.0080857864376269,0.001);
#280=TOROIDAL_SURFACE('',#3785,0.0080857864376269,0.001);
#281=TOROIDAL_SURFACE('',#3791,0.00808578643762691,0.001);
#282=TOROIDAL_SURFACE('',#3792,0.009,0.001);
#283=TOROIDAL_SURFACE('',#3799,0.009,0.001);
#284=TOROIDAL_SURFACE('',#3801,0.009,0.001);
#285=TOROIDAL_SURFACE('',#3807,0.009,0.001);
#286=TOROIDAL_SURFACE('',#3808,0.009,0.001);
#287=TOROIDAL_SURFACE('',#3815,0.009,0.001);
#288=TOROIDAL_SURFACE('',#3817,0.009,0.001);
#289=TOROIDAL_SURFACE('',#3823,0.009,0.001);
#290=TOROIDAL_SURFACE('',#3824,0.0080857864376269,0.001);
#291=TOROIDAL_SURFACE('',#3831,0.00808578643762691,0.001);
#292=TOROIDAL_SURFACE('',#3833,0.00808578643762691,0.001);
#293=TOROIDAL_SURFACE('',#3839,0.0080857864376269,0.001);
#294=TOROIDAL_SURFACE('',#3874,0.00375,0.001);
#295=TOROIDAL_SURFACE('',#3875,0.00705,0.001);
#296=TOROIDAL_SURFACE('',#3876,0.00905,0.001);
#297=TOROIDAL_SURFACE('',#3877,0.00996421356237309,0.001);
#298=TOROIDAL_SURFACE('',#3878,0.0130857864376269,0.001);
#299=TOROIDAL_SURFACE('',#3879,0.014,0.001);
#300=TOROIDAL_SURFACE('',#3880,0.014,0.001);
#301=TOROIDAL_SURFACE('',#3881,0.0130857864376269,0.001);
#302=CONICAL_SURFACE('',#3360,0.00555,0.463647609000806);
#303=CONICAL_SURFACE('',#3361,0.00805,0.785398163397449);
#304=CONICAL_SURFACE('',#3364,0.0135,0.785398163397448);
#305=CONICAL_SURFACE('',#3367,0.015,0.785398163397448);
#306=CONICAL_SURFACE('',#3465,0.00555,0.463647609000806);
#307=CONICAL_SURFACE('',#3466,0.00555,0.463647609000806);
#308=CONICAL_SURFACE('',#3467,0.00555,0.463647609000806);
#309=CONICAL_SURFACE('',#3468,0.00555,0.463647609000806);
#310=CONICAL_SURFACE('',#3469,0.00555,0.463647609000806);
#311=CONICAL_SURFACE('',#3470,0.00555,0.463647609000806);
#312=CONICAL_SURFACE('',#3471,0.00555,0.463647609000806);
#313=CONICAL_SURFACE('',#3472,0.00555,0.463647609000806);
#314=CONICAL_SURFACE('',#3473,0.00555,0.463647609000806);
#315=CONICAL_SURFACE('',#3474,0.00555,0.463647609000806);
#316=CONICAL_SURFACE('',#3475,0.00555,0.463647609000806);
#317=CONICAL_SURFACE('',#3476,0.00555,0.463647609000806);
#318=CONICAL_SURFACE('',#3477,0.0085,0.785398163397448);
#319=CONICAL_SURFACE('',#3482,0.0085,0.78539816339745);
#320=CONICAL_SURFACE('',#3485,0.0085,0.78539816339745);
#321=CONICAL_SURFACE('',#3490,0.0085,0.785398163397448);
#322=CONICAL_SURFACE('',#3493,0.01,0.785398163397448);
#323=CONICAL_SURFACE('',#3498,0.01,0.785398163397448);
#324=CONICAL_SURFACE('',#3501,0.01,0.785398163397449);
#325=CONICAL_SURFACE('',#3506,0.01,0.785398163397448);
#326=CONICAL_SURFACE('',#3720,0.00655,0.463647609000806);
#327=CONICAL_SURFACE('',#3721,0.00655,0.463647609000806);
#328=CONICAL_SURFACE('',#3722,0.00655,0.463647609000806);
#329=CONICAL_SURFACE('',#3723,0.00655,0.463647609000806);
#330=CONICAL_SURFACE('',#3724,0.00655,0.463647609000806);
#331=CONICAL_SURFACE('',#3725,0.00655,0.463647609000806);
#332=CONICAL_SURFACE('',#3726,0.00655,0.463647609000806);
#333=CONICAL_SURFACE('',#3727,0.00655,0.463647609000806);
#334=CONICAL_SURFACE('',#3728,0.00655,0.463647609000806);
#335=CONICAL_SURFACE('',#3729,0.00655,0.463647609000806);
#336=CONICAL_SURFACE('',#3730,0.00655,0.463647609000806);
#337=CONICAL_SURFACE('',#3731,0.00655,0.463647609000806);
#338=CONICAL_SURFACE('',#3732,0.0085,0.785398163397448);
#339=CONICAL_SURFACE('',#3737,0.0085,0.78539816339745);
#340=CONICAL_SURFACE('',#3740,0.0085,0.78539816339745);
#341=CONICAL_SURFACE('',#3745,0.0085,0.785398163397448);
#342=CONICAL_SURFACE('',#3748,0.01,0.785398163397448);
#343=CONICAL_SURFACE('',#3753,0.01,0.785398163397448);
#344=CONICAL_SURFACE('',#3756,0.01,0.785398163397449);
#345=CONICAL_SURFACE('',#3761,0.01,0.785398163397448);
#346=CONICAL_SURFACE('',#3864,0.00655,0.463647609000806);
#347=CONICAL_SURFACE('',#3865,0.00955,0.785398163397448);
#348=CONICAL_SURFACE('',#3868,0.015,0.785398163397448);
#349=CONICAL_SURFACE('',#3871,0.0135,0.785398163397448);
#350=PLANE('',#3344);
#351=PLANE('',#3347);
#352=PLANE('',#3352);
#353=PLANE('',#3358);
#354=PLANE('',#3382);
#355=PLANE('',#3386);
#356=PLANE('',#3390);
#357=PLANE('',#3394);
#358=PLANE('',#3395);
#359=PLANE('',#3412);
#360=PLANE('',#3420);
#361=PLANE('',#3424);
#362=PLANE('',#3428);
#363=PLANE('',#3432);
#364=PLANE('',#3436);
#365=PLANE('',#3440);
#366=PLANE('',#3444);
#367=PLANE('',#3448);
#368=PLANE('',#3452);
#369=PLANE('',#3456);
#370=PLANE('',#3460);
#371=PLANE('',#3464);
#372=PLANE('',#3480);
#373=PLANE('',#3481);
#374=PLANE('',#3488);
#375=PLANE('',#3489);
#376=PLANE('',#3496);
#377=PLANE('',#3497);
#378=PLANE('',#3504);
#379=PLANE('',#3505);
#380=PLANE('',#3577);
#381=PLANE('',#3581);
#382=PLANE('',#3585);
#383=PLANE('',#3589);
#384=PLANE('',#3590);
#385=PLANE('',#3595);
#386=PLANE('',#3615);
#387=PLANE('',#3620);
#388=PLANE('',#3625);
#389=PLANE('',#3630);
#390=PLANE('',#3635);
#391=PLANE('',#3640);
#392=PLANE('',#3645);
#393=PLANE('',#3650);
#394=PLANE('',#3655);
#395=PLANE('',#3660);
#396=PLANE('',#3665);
#397=PLANE('',#3670);
#398=PLANE('',#3674);
#399=PLANE('',#3678);
#400=PLANE('',#3682);
#401=PLANE('',#3686);
#402=PLANE('',#3690);
#403=PLANE('',#3694);
#404=PLANE('',#3698);
#405=PLANE('',#3702);
#406=PLANE('',#3706);
#407=PLANE('',#3710);
#408=PLANE('',#3714);
#409=PLANE('',#3718);
#410=PLANE('',#3735);
#411=PLANE('',#3736);
#412=PLANE('',#3743);
#413=PLANE('',#3744);
#414=PLANE('',#3751);
#415=PLANE('',#3752);
#416=PLANE('',#3759);
#417=PLANE('',#3760);
#418=PLANE('',#3844);
#419=PLANE('',#3847);
#420=PLANE('',#3852);
#421=PLANE('',#3858);
#422=PLANE('',#3862);
#423=ORIENTED_EDGE('',*,*,#1195,.T.);
#424=ORIENTED_EDGE('',*,*,#1196,.T.);
#425=ORIENTED_EDGE('',*,*,#1197,.T.);
#426=ORIENTED_EDGE('',*,*,#1198,.T.);
#427=ORIENTED_EDGE('',*,*,#1199,.T.);
#428=ORIENTED_EDGE('',*,*,#1200,.T.);
#429=ORIENTED_EDGE('',*,*,#1201,.T.);
#430=ORIENTED_EDGE('',*,*,#1202,.T.);
#431=ORIENTED_EDGE('',*,*,#1203,.T.);
#432=ORIENTED_EDGE('',*,*,#1204,.T.);
#433=ORIENTED_EDGE('',*,*,#1205,.T.);
#434=ORIENTED_EDGE('',*,*,#1206,.T.);
#435=ORIENTED_EDGE('',*,*,#1203,.F.);
#436=ORIENTED_EDGE('',*,*,#1205,.F.);
#437=ORIENTED_EDGE('',*,*,#1207,.T.);
#438=ORIENTED_EDGE('',*,*,#1208,.T.);
#439=ORIENTED_EDGE('',*,*,#1209,.T.);
#440=ORIENTED_EDGE('',*,*,#1210,.T.);
#441=ORIENTED_EDGE('',*,*,#1211,.T.);
#442=ORIENTED_EDGE('',*,*,#1212,.T.);
#443=ORIENTED_EDGE('',*,*,#1204,.F.);
#444=ORIENTED_EDGE('',*,*,#1206,.F.);
#445=ORIENTED_EDGE('',*,*,#1211,.F.);
#446=ORIENTED_EDGE('',*,*,#1199,.F.);
#447=ORIENTED_EDGE('',*,*,#1209,.F.);
#448=ORIENTED_EDGE('',*,*,#1195,.F.);
#449=ORIENTED_EDGE('',*,*,#1212,.F.);
#450=ORIENTED_EDGE('',*,*,#1196,.F.);
#451=ORIENTED_EDGE('',*,*,#1210,.F.);
#452=ORIENTED_EDGE('',*,*,#1197,.F.);
#453=ORIENTED_EDGE('',*,*,#1207,.F.);
#454=ORIENTED_EDGE('',*,*,#1198,.F.);
#455=ORIENTED_EDGE('',*,*,#1208,.F.);
#456=ORIENTED_EDGE('',*,*,#1200,.F.);
#457=ORIENTED_EDGE('',*,*,#1201,.F.);
#458=ORIENTED_EDGE('',*,*,#1202,.F.);
#459=ORIENTED_EDGE('',*,*,#1213,.T.);
#460=ORIENTED_EDGE('',*,*,#1214,.T.);
#461=ORIENTED_EDGE('',*,*,#1215,.F.);
#462=ORIENTED_EDGE('',*,*,#1216,.T.);
#463=ORIENTED_EDGE('',*,*,#1215,.T.);
#464=ORIENTED_EDGE('',*,*,#1217,.T.);
#465=ORIENTED_EDGE('',*,*,#1218,.F.);
#466=ORIENTED_EDGE('',*,*,#1219,.T.);
#467=ORIENTED_EDGE('',*,*,#1218,.T.);
#468=ORIENTED_EDGE('',*,*,#1220,.T.);
#469=ORIENTED_EDGE('',*,*,#1221,.F.);
#470=ORIENTED_EDGE('',*,*,#1222,.T.);
#471=ORIENTED_EDGE('',*,*,#1221,.T.);
#472=ORIENTED_EDGE('',*,*,#1223,.T.);
#473=ORIENTED_EDGE('',*,*,#1224,.F.);
#474=ORIENTED_EDGE('',*,*,#1225,.T.);
#475=ORIENTED_EDGE('',*,*,#1224,.T.);
#476=ORIENTED_EDGE('',*,*,#1226,.T.);
#477=ORIENTED_EDGE('',*,*,#1227,.F.);
#478=ORIENTED_EDGE('',*,*,#1228,.T.);
#479=ORIENTED_EDGE('',*,*,#1227,.T.);
#480=ORIENTED_EDGE('',*,*,#1229,.T.);
#481=ORIENTED_EDGE('',*,*,#1230,.F.);
#482=ORIENTED_EDGE('',*,*,#1231,.T.);
#483=ORIENTED_EDGE('',*,*,#1230,.T.);
#484=ORIENTED_EDGE('',*,*,#1232,.T.);
#485=ORIENTED_EDGE('',*,*,#1233,.F.);
#486=ORIENTED_EDGE('',*,*,#1234,.T.);
#487=ORIENTED_EDGE('',*,*,#1233,.T.);
#488=ORIENTED_EDGE('',*,*,#1235,.T.);
#489=ORIENTED_EDGE('',*,*,#1213,.F.);
#490=ORIENTED_EDGE('',*,*,#1236,.T.);
#491=ORIENTED_EDGE('',*,*,#1237,.T.);
#492=ORIENTED_EDGE('',*,*,#1238,.T.);
#493=ORIENTED_EDGE('',*,*,#1239,.T.);
#494=ORIENTED_EDGE('',*,*,#1240,.T.);
#495=ORIENTED_EDGE('',*,*,#1241,.T.);
#496=ORIENTED_EDGE('',*,*,#1242,.T.);
#497=ORIENTED_EDGE('',*,*,#1243,.T.);
#498=ORIENTED_EDGE('',*,*,#1244,.T.);
#499=ORIENTED_EDGE('',*,*,#1245,.T.);
#500=ORIENTED_EDGE('',*,*,#1246,.T.);
#501=ORIENTED_EDGE('',*,*,#1247,.T.);
#502=ORIENTED_EDGE('',*,*,#1248,.T.);
#503=ORIENTED_EDGE('',*,*,#1249,.T.);
#504=ORIENTED_EDGE('',*,*,#1250,.T.);
#505=ORIENTED_EDGE('',*,*,#1251,.T.);
#506=ORIENTED_EDGE('',*,*,#1252,.T.);
#507=ORIENTED_EDGE('',*,*,#1253,.T.);
#508=ORIENTED_EDGE('',*,*,#1254,.T.);
#509=ORIENTED_EDGE('',*,*,#1255,.T.);
#510=ORIENTED_EDGE('',*,*,#1256,.T.);
#511=ORIENTED_EDGE('',*,*,#1257,.T.);
#512=ORIENTED_EDGE('',*,*,#1258,.T.);
#513=ORIENTED_EDGE('',*,*,#1259,.T.);
#514=ORIENTED_EDGE('',*,*,#1260,.T.);
#515=ORIENTED_EDGE('',*,*,#1261,.T.);
#516=ORIENTED_EDGE('',*,*,#1262,.T.);
#517=ORIENTED_EDGE('',*,*,#1263,.T.);
#518=ORIENTED_EDGE('',*,*,#1264,.T.);
#519=ORIENTED_EDGE('',*,*,#1265,.T.);
#520=ORIENTED_EDGE('',*,*,#1266,.F.);
#521=ORIENTED_EDGE('',*,*,#1266,.T.);
#522=ORIENTED_EDGE('',*,*,#1267,.T.);
#523=ORIENTED_EDGE('',*,*,#1268,.F.);
#524=ORIENTED_EDGE('',*,*,#1268,.T.);
#525=ORIENTED_EDGE('',*,*,#1269,.T.);
#526=ORIENTED_EDGE('',*,*,#1270,.F.);
#527=ORIENTED_EDGE('',*,*,#1270,.T.);
#528=ORIENTED_EDGE('',*,*,#1271,.T.);
#529=ORIENTED_EDGE('',*,*,#1272,.F.);
#530=ORIENTED_EDGE('',*,*,#1272,.T.);
#531=ORIENTED_EDGE('',*,*,#1273,.T.);
#532=ORIENTED_EDGE('',*,*,#1274,.F.);
#533=ORIENTED_EDGE('',*,*,#1274,.T.);
#534=ORIENTED_EDGE('',*,*,#1275,.T.);
#535=ORIENTED_EDGE('',*,*,#1276,.F.);
#536=ORIENTED_EDGE('',*,*,#1276,.T.);
#537=ORIENTED_EDGE('',*,*,#1277,.T.);
#538=ORIENTED_EDGE('',*,*,#1278,.F.);
#539=ORIENTED_EDGE('',*,*,#1278,.T.);
#540=ORIENTED_EDGE('',*,*,#1279,.T.);
#541=ORIENTED_EDGE('',*,*,#1280,.F.);
#542=ORIENTED_EDGE('',*,*,#1280,.T.);
#543=ORIENTED_EDGE('',*,*,#1281,.T.);
#544=ORIENTED_EDGE('',*,*,#1282,.F.);
#545=ORIENTED_EDGE('',*,*,#1282,.T.);
#546=ORIENTED_EDGE('',*,*,#1283,.T.);
#547=ORIENTED_EDGE('',*,*,#1284,.F.);
#548=ORIENTED_EDGE('',*,*,#1284,.T.);
#549=ORIENTED_EDGE('',*,*,#1285,.T.);
#550=ORIENTED_EDGE('',*,*,#1286,.F.);
#551=ORIENTED_EDGE('',*,*,#1286,.T.);
#552=ORIENTED_EDGE('',*,*,#1287,.T.);
#553=ORIENTED_EDGE('',*,*,#1288,.F.);
#554=ORIENTED_EDGE('',*,*,#1288,.T.);
#555=ORIENTED_EDGE('',*,*,#1245,.F.);
#556=ORIENTED_EDGE('',*,*,#1269,.F.);
#557=ORIENTED_EDGE('',*,*,#1246,.F.);
#558=ORIENTED_EDGE('',*,*,#1271,.F.);
#559=ORIENTED_EDGE('',*,*,#1247,.F.);
#560=ORIENTED_EDGE('',*,*,#1281,.F.);
#561=ORIENTED_EDGE('',*,*,#1248,.F.);
#562=ORIENTED_EDGE('',*,*,#1267,.F.);
#563=ORIENTED_EDGE('',*,*,#1249,.F.);
#564=ORIENTED_EDGE('',*,*,#1285,.F.);
#565=ORIENTED_EDGE('',*,*,#1250,.F.);
#566=ORIENTED_EDGE('',*,*,#1283,.F.);
#567=ORIENTED_EDGE('',*,*,#1251,.F.);
#568=ORIENTED_EDGE('',*,*,#1287,.F.);
#569=ORIENTED_EDGE('',*,*,#1252,.F.);
#570=ORIENTED_EDGE('',*,*,#1279,.F.);
#571=ORIENTED_EDGE('',*,*,#1253,.F.);
#572=ORIENTED_EDGE('',*,*,#1275,.F.);
#573=ORIENTED_EDGE('',*,*,#1254,.F.);
#574=ORIENTED_EDGE('',*,*,#1277,.F.);
#575=ORIENTED_EDGE('',*,*,#1255,.F.);
#576=ORIENTED_EDGE('',*,*,#1273,.F.);
#577=ORIENTED_EDGE('',*,*,#1256,.F.);
#578=ORIENTED_EDGE('',*,*,#1265,.F.);
#579=ORIENTED_EDGE('',*,*,#1289,.F.);
#580=ORIENTED_EDGE('',*,*,#1290,.T.);
#581=ORIENTED_EDGE('',*,*,#1291,.F.);
#582=ORIENTED_EDGE('',*,*,#1292,.T.);
#583=ORIENTED_EDGE('',*,*,#1293,.F.);
#584=ORIENTED_EDGE('',*,*,#1294,.T.);
#585=ORIENTED_EDGE('',*,*,#1289,.T.);
#586=ORIENTED_EDGE('',*,*,#1295,.T.);
#587=ORIENTED_EDGE('',*,*,#1291,.T.);
#588=ORIENTED_EDGE('',*,*,#1296,.T.);
#589=ORIENTED_EDGE('',*,*,#1297,.F.);
#590=ORIENTED_EDGE('',*,*,#1298,.T.);
#591=ORIENTED_EDGE('',*,*,#1299,.F.);
#592=ORIENTED_EDGE('',*,*,#1300,.T.);
#593=ORIENTED_EDGE('',*,*,#1293,.T.);
#594=ORIENTED_EDGE('',*,*,#1301,.T.);
#595=ORIENTED_EDGE('',*,*,#1297,.T.);
#596=ORIENTED_EDGE('',*,*,#1302,.T.);
#597=ORIENTED_EDGE('',*,*,#1303,.F.);
#598=ORIENTED_EDGE('',*,*,#1304,.T.);
#599=ORIENTED_EDGE('',*,*,#1305,.F.);
#600=ORIENTED_EDGE('',*,*,#1306,.T.);
#601=ORIENTED_EDGE('',*,*,#1299,.T.);
#602=ORIENTED_EDGE('',*,*,#1307,.T.);
#603=ORIENTED_EDGE('',*,*,#1303,.T.);
#604=ORIENTED_EDGE('',*,*,#1308,.T.);
#605=ORIENTED_EDGE('',*,*,#1309,.F.);
#606=ORIENTED_EDGE('',*,*,#1310,.T.);
#607=ORIENTED_EDGE('',*,*,#1309,.T.);
#608=ORIENTED_EDGE('',*,*,#1311,.T.);
#609=ORIENTED_EDGE('',*,*,#1305,.T.);
#610=ORIENTED_EDGE('',*,*,#1312,.T.);
#611=ORIENTED_EDGE('',*,*,#1313,.F.);
#612=ORIENTED_EDGE('',*,*,#1314,.T.);
#613=ORIENTED_EDGE('',*,*,#1315,.F.);
#614=ORIENTED_EDGE('',*,*,#1316,.T.);
#615=ORIENTED_EDGE('',*,*,#1317,.F.);
#616=ORIENTED_EDGE('',*,*,#1318,.T.);
#617=ORIENTED_EDGE('',*,*,#1313,.T.);
#618=ORIENTED_EDGE('',*,*,#1319,.T.);
#619=ORIENTED_EDGE('',*,*,#1315,.T.);
#620=ORIENTED_EDGE('',*,*,#1320,.T.);
#621=ORIENTED_EDGE('',*,*,#1321,.F.);
#622=ORIENTED_EDGE('',*,*,#1322,.T.);
#623=ORIENTED_EDGE('',*,*,#1323,.F.);
#624=ORIENTED_EDGE('',*,*,#1324,.T.);
#625=ORIENTED_EDGE('',*,*,#1317,.T.);
#626=ORIENTED_EDGE('',*,*,#1325,.T.);
#627=ORIENTED_EDGE('',*,*,#1321,.T.);
#628=ORIENTED_EDGE('',*,*,#1326,.T.);
#629=ORIENTED_EDGE('',*,*,#1327,.F.);
#630=ORIENTED_EDGE('',*,*,#1328,.T.);
#631=ORIENTED_EDGE('',*,*,#1329,.F.);
#632=ORIENTED_EDGE('',*,*,#1330,.T.);
#633=ORIENTED_EDGE('',*,*,#1323,.T.);
#634=ORIENTED_EDGE('',*,*,#1331,.T.);
#635=ORIENTED_EDGE('',*,*,#1327,.T.);
#636=ORIENTED_EDGE('',*,*,#1332,.T.);
#637=ORIENTED_EDGE('',*,*,#1333,.F.);
#638=ORIENTED_EDGE('',*,*,#1334,.T.);
#639=ORIENTED_EDGE('',*,*,#1333,.T.);
#640=ORIENTED_EDGE('',*,*,#1335,.T.);
#641=ORIENTED_EDGE('',*,*,#1329,.T.);
#642=ORIENTED_EDGE('',*,*,#1336,.T.);
#643=ORIENTED_EDGE('',*,*,#1337,.F.);
#644=ORIENTED_EDGE('',*,*,#1326,.F.);
#645=ORIENTED_EDGE('',*,*,#1338,.F.);
#646=ORIENTED_EDGE('',*,*,#1226,.F.);
#647=ORIENTED_EDGE('',*,*,#1338,.T.);
#648=ORIENTED_EDGE('',*,*,#1320,.F.);
#649=ORIENTED_EDGE('',*,*,#1339,.F.);
#650=ORIENTED_EDGE('',*,*,#1229,.F.);
#651=ORIENTED_EDGE('',*,*,#1337,.T.);
#652=ORIENTED_EDGE('',*,*,#1223,.F.);
#653=ORIENTED_EDGE('',*,*,#1340,.F.);
#654=ORIENTED_EDGE('',*,*,#1332,.F.);
#655=ORIENTED_EDGE('',*,*,#1339,.T.);
#656=ORIENTED_EDGE('',*,*,#1314,.F.);
#657=ORIENTED_EDGE('',*,*,#1341,.F.);
#658=ORIENTED_EDGE('',*,*,#1232,.F.);
#659=ORIENTED_EDGE('',*,*,#1340,.T.);
#660=ORIENTED_EDGE('',*,*,#1220,.F.);
#661=ORIENTED_EDGE('',*,*,#1342,.F.);
#662=ORIENTED_EDGE('',*,*,#1335,.F.);
#663=ORIENTED_EDGE('',*,*,#1341,.T.);
#664=ORIENTED_EDGE('',*,*,#1318,.F.);
#665=ORIENTED_EDGE('',*,*,#1343,.F.);
#666=ORIENTED_EDGE('',*,*,#1235,.F.);
#667=ORIENTED_EDGE('',*,*,#1342,.T.);
#668=ORIENTED_EDGE('',*,*,#1217,.F.);
#669=ORIENTED_EDGE('',*,*,#1344,.F.);
#670=ORIENTED_EDGE('',*,*,#1330,.F.);
#671=ORIENTED_EDGE('',*,*,#1343,.T.);
#672=ORIENTED_EDGE('',*,*,#1324,.F.);
#673=ORIENTED_EDGE('',*,*,#1344,.T.);
#674=ORIENTED_EDGE('',*,*,#1214,.F.);
#675=ORIENTED_EDGE('',*,*,#1345,.F.);
#676=ORIENTED_EDGE('',*,*,#1316,.F.);
#677=ORIENTED_EDGE('',*,*,#1346,.F.);
#678=ORIENTED_EDGE('',*,*,#1262,.F.);
#679=ORIENTED_EDGE('',*,*,#1346,.T.);
#680=ORIENTED_EDGE('',*,*,#1322,.F.);
#681=ORIENTED_EDGE('',*,*,#1347,.F.);
#682=ORIENTED_EDGE('',*,*,#1263,.F.);
#683=ORIENTED_EDGE('',*,*,#1345,.T.);
#684=ORIENTED_EDGE('',*,*,#1261,.F.);
#685=ORIENTED_EDGE('',*,*,#1348,.F.);
#686=ORIENTED_EDGE('',*,*,#1319,.F.);
#687=ORIENTED_EDGE('',*,*,#1347,.T.);
#688=ORIENTED_EDGE('',*,*,#1328,.F.);
#689=ORIENTED_EDGE('',*,*,#1349,.F.);
#690=ORIENTED_EDGE('',*,*,#1264,.F.);
#691=ORIENTED_EDGE('',*,*,#1348,.T.);
#692=ORIENTED_EDGE('',*,*,#1260,.F.);
#693=ORIENTED_EDGE('',*,*,#1350,.F.);
#694=ORIENTED_EDGE('',*,*,#1325,.F.);
#695=ORIENTED_EDGE('',*,*,#1349,.T.);
#696=ORIENTED_EDGE('',*,*,#1334,.F.);
#697=ORIENTED_EDGE('',*,*,#1351,.F.);
#698=ORIENTED_EDGE('',*,*,#1257,.F.);
#699=ORIENTED_EDGE('',*,*,#1350,.T.);
#700=ORIENTED_EDGE('',*,*,#1259,.F.);
#701=ORIENTED_EDGE('',*,*,#1352,.F.);
#702=ORIENTED_EDGE('',*,*,#1331,.F.);
#703=ORIENTED_EDGE('',*,*,#1351,.T.);
#704=ORIENTED_EDGE('',*,*,#1336,.F.);
#705=ORIENTED_EDGE('',*,*,#1352,.T.);
#706=ORIENTED_EDGE('',*,*,#1258,.F.);
#707=ORIENTED_EDGE('',*,*,#1353,.F.);
#708=ORIENTED_EDGE('',*,*,#1302,.F.);
#709=ORIENTED_EDGE('',*,*,#1354,.F.);
#710=ORIENTED_EDGE('',*,*,#1242,.F.);
#711=ORIENTED_EDGE('',*,*,#1354,.T.);
#712=ORIENTED_EDGE('',*,*,#1296,.F.);
#713=ORIENTED_EDGE('',*,*,#1355,.F.);
#714=ORIENTED_EDGE('',*,*,#1243,.F.);
#715=ORIENTED_EDGE('',*,*,#1353,.T.);
#716=ORIENTED_EDGE('',*,*,#1241,.F.);
#717=ORIENTED_EDGE('',*,*,#1356,.F.);
#718=ORIENTED_EDGE('',*,*,#1308,.F.);
#719=ORIENTED_EDGE('',*,*,#1355,.T.);
#720=ORIENTED_EDGE('',*,*,#1290,.F.);
#721=ORIENTED_EDGE('',*,*,#1357,.F.);
#722=ORIENTED_EDGE('',*,*,#1244,.F.);
#723=ORIENTED_EDGE('',*,*,#1356,.T.);
#724=ORIENTED_EDGE('',*,*,#1240,.F.);
#725=ORIENTED_EDGE('',*,*,#1358,.F.);
#726=ORIENTED_EDGE('',*,*,#1311,.F.);
#727=ORIENTED_EDGE('',*,*,#1357,.T.);
#728=ORIENTED_EDGE('',*,*,#1294,.F.);
#729=ORIENTED_EDGE('',*,*,#1359,.F.);
#730=ORIENTED_EDGE('',*,*,#1237,.F.);
#731=ORIENTED_EDGE('',*,*,#1358,.T.);
#732=ORIENTED_EDGE('',*,*,#1239,.F.);
#733=ORIENTED_EDGE('',*,*,#1360,.F.);
#734=ORIENTED_EDGE('',*,*,#1306,.F.);
#735=ORIENTED_EDGE('',*,*,#1359,.T.);
#736=ORIENTED_EDGE('',*,*,#1300,.F.);
#737=ORIENTED_EDGE('',*,*,#1360,.T.);
#738=ORIENTED_EDGE('',*,*,#1238,.F.);
#739=ORIENTED_EDGE('',*,*,#1361,.F.);
#740=ORIENTED_EDGE('',*,*,#1292,.F.);
#741=ORIENTED_EDGE('',*,*,#1362,.F.);
#742=ORIENTED_EDGE('',*,*,#1234,.F.);
#743=ORIENTED_EDGE('',*,*,#1362,.T.);
#744=ORIENTED_EDGE('',*,*,#1298,.F.);
#745=ORIENTED_EDGE('',*,*,#1363,.F.);
#746=ORIENTED_EDGE('',*,*,#1231,.F.);
#747=ORIENTED_EDGE('',*,*,#1361,.T.);
#748=ORIENTED_EDGE('',*,*,#1236,.F.);
#749=ORIENTED_EDGE('',*,*,#1364,.F.);
#750=ORIENTED_EDGE('',*,*,#1295,.F.);
#751=ORIENTED_EDGE('',*,*,#1363,.T.);
#752=ORIENTED_EDGE('',*,*,#1304,.F.);
#753=ORIENTED_EDGE('',*,*,#1365,.F.);
#754=ORIENTED_EDGE('',*,*,#1228,.F.);
#755=ORIENTED_EDGE('',*,*,#1364,.T.);
#756=ORIENTED_EDGE('',*,*,#1216,.F.);
#757=ORIENTED_EDGE('',*,*,#1366,.F.);
#758=ORIENTED_EDGE('',*,*,#1301,.F.);
#759=ORIENTED_EDGE('',*,*,#1365,.T.);
#760=ORIENTED_EDGE('',*,*,#1310,.F.);
#761=ORIENTED_EDGE('',*,*,#1367,.F.);
#762=ORIENTED_EDGE('',*,*,#1225,.F.);
#763=ORIENTED_EDGE('',*,*,#1366,.T.);
#764=ORIENTED_EDGE('',*,*,#1219,.F.);
#765=ORIENTED_EDGE('',*,*,#1368,.F.);
#766=ORIENTED_EDGE('',*,*,#1307,.F.);
#767=ORIENTED_EDGE('',*,*,#1367,.T.);
#768=ORIENTED_EDGE('',*,*,#1312,.F.);
#769=ORIENTED_EDGE('',*,*,#1368,.T.);
#770=ORIENTED_EDGE('',*,*,#1222,.F.);
#771=ORIENTED_EDGE('',*,*,#1369,.F.);
#772=ORIENTED_EDGE('',*,*,#1370,.T.);
#773=ORIENTED_EDGE('',*,*,#1371,.T.);
#774=ORIENTED_EDGE('',*,*,#1372,.T.);
#775=ORIENTED_EDGE('',*,*,#1373,.F.);
#776=ORIENTED_EDGE('',*,*,#1374,.T.);
#777=ORIENTED_EDGE('',*,*,#1369,.T.);
#778=ORIENTED_EDGE('',*,*,#1375,.T.);
#779=ORIENTED_EDGE('',*,*,#1376,.F.);
#780=ORIENTED_EDGE('',*,*,#1377,.T.);
#781=ORIENTED_EDGE('',*,*,#1373,.T.);
#782=ORIENTED_EDGE('',*,*,#1378,.T.);
#783=ORIENTED_EDGE('',*,*,#1379,.F.);
#784=ORIENTED_EDGE('',*,*,#1380,.T.);
#785=ORIENTED_EDGE('',*,*,#1376,.T.);
#786=ORIENTED_EDGE('',*,*,#1381,.T.);
#787=ORIENTED_EDGE('',*,*,#1382,.F.);
#788=ORIENTED_EDGE('',*,*,#1383,.T.);
#789=ORIENTED_EDGE('',*,*,#1379,.T.);
#790=ORIENTED_EDGE('',*,*,#1384,.T.);
#791=ORIENTED_EDGE('',*,*,#1385,.F.);
#792=ORIENTED_EDGE('',*,*,#1386,.T.);
#793=ORIENTED_EDGE('',*,*,#1382,.T.);
#794=ORIENTED_EDGE('',*,*,#1387,.T.);
#795=ORIENTED_EDGE('',*,*,#1388,.F.);
#796=ORIENTED_EDGE('',*,*,#1389,.T.);
#797=ORIENTED_EDGE('',*,*,#1385,.T.);
#798=ORIENTED_EDGE('',*,*,#1390,.T.);
#799=ORIENTED_EDGE('',*,*,#1371,.F.);
#800=ORIENTED_EDGE('',*,*,#1391,.T.);
#801=ORIENTED_EDGE('',*,*,#1388,.T.);
#802=ORIENTED_EDGE('',*,*,#1392,.T.);
#803=ORIENTED_EDGE('',*,*,#1393,.T.);
#804=ORIENTED_EDGE('',*,*,#1394,.T.);
#805=ORIENTED_EDGE('',*,*,#1395,.T.);
#806=ORIENTED_EDGE('',*,*,#1396,.T.);
#807=ORIENTED_EDGE('',*,*,#1397,.T.);
#808=ORIENTED_EDGE('',*,*,#1398,.T.);
#809=ORIENTED_EDGE('',*,*,#1399,.T.);
#810=ORIENTED_EDGE('',*,*,#1400,.T.);
#811=ORIENTED_EDGE('',*,*,#1401,.T.);
#812=ORIENTED_EDGE('',*,*,#1402,.T.);
#813=ORIENTED_EDGE('',*,*,#1403,.T.);
#814=ORIENTED_EDGE('',*,*,#1404,.T.);
#815=ORIENTED_EDGE('',*,*,#1405,.T.);
#816=ORIENTED_EDGE('',*,*,#1406,.T.);
#817=ORIENTED_EDGE('',*,*,#1407,.T.);
#818=ORIENTED_EDGE('',*,*,#1408,.T.);
#819=ORIENTED_EDGE('',*,*,#1409,.T.);
#820=ORIENTED_EDGE('',*,*,#1410,.T.);
#821=ORIENTED_EDGE('',*,*,#1411,.T.);
#822=ORIENTED_EDGE('',*,*,#1412,.T.);
#823=ORIENTED_EDGE('',*,*,#1413,.T.);
#824=ORIENTED_EDGE('',*,*,#1414,.T.);
#825=ORIENTED_EDGE('',*,*,#1415,.T.);
#826=ORIENTED_EDGE('',*,*,#1416,.T.);
#827=ORIENTED_EDGE('',*,*,#1417,.T.);
#828=ORIENTED_EDGE('',*,*,#1418,.T.);
#829=ORIENTED_EDGE('',*,*,#1419,.T.);
#830=ORIENTED_EDGE('',*,*,#1420,.T.);
#831=ORIENTED_EDGE('',*,*,#1421,.T.);
#832=ORIENTED_EDGE('',*,*,#1422,.T.);
#833=ORIENTED_EDGE('',*,*,#1423,.T.);
#834=ORIENTED_EDGE('',*,*,#1422,.F.);
#835=ORIENTED_EDGE('',*,*,#1424,.T.);
#836=ORIENTED_EDGE('',*,*,#1425,.T.);
#837=ORIENTED_EDGE('',*,*,#1426,.T.);
#838=ORIENTED_EDGE('',*,*,#1425,.F.);
#839=ORIENTED_EDGE('',*,*,#1427,.T.);
#840=ORIENTED_EDGE('',*,*,#1428,.T.);
#841=ORIENTED_EDGE('',*,*,#1429,.T.);
#842=ORIENTED_EDGE('',*,*,#1428,.F.);
#843=ORIENTED_EDGE('',*,*,#1430,.T.);
#844=ORIENTED_EDGE('',*,*,#1431,.T.);
#845=ORIENTED_EDGE('',*,*,#1432,.T.);
#846=ORIENTED_EDGE('',*,*,#1431,.F.);
#847=ORIENTED_EDGE('',*,*,#1433,.T.);
#848=ORIENTED_EDGE('',*,*,#1434,.T.);
#849=ORIENTED_EDGE('',*,*,#1435,.T.);
#850=ORIENTED_EDGE('',*,*,#1434,.F.);
#851=ORIENTED_EDGE('',*,*,#1436,.T.);
#852=ORIENTED_EDGE('',*,*,#1437,.T.);
#853=ORIENTED_EDGE('',*,*,#1438,.T.);
#854=ORIENTED_EDGE('',*,*,#1437,.F.);
#855=ORIENTED_EDGE('',*,*,#1439,.T.);
#856=ORIENTED_EDGE('',*,*,#1440,.T.);
#857=ORIENTED_EDGE('',*,*,#1441,.T.);
#858=ORIENTED_EDGE('',*,*,#1440,.F.);
#859=ORIENTED_EDGE('',*,*,#1442,.T.);
#860=ORIENTED_EDGE('',*,*,#1443,.T.);
#861=ORIENTED_EDGE('',*,*,#1444,.T.);
#862=ORIENTED_EDGE('',*,*,#1443,.F.);
#863=ORIENTED_EDGE('',*,*,#1445,.T.);
#864=ORIENTED_EDGE('',*,*,#1446,.T.);
#865=ORIENTED_EDGE('',*,*,#1447,.T.);
#866=ORIENTED_EDGE('',*,*,#1446,.F.);
#867=ORIENTED_EDGE('',*,*,#1448,.T.);
#868=ORIENTED_EDGE('',*,*,#1449,.T.);
#869=ORIENTED_EDGE('',*,*,#1450,.T.);
#870=ORIENTED_EDGE('',*,*,#1449,.F.);
#871=ORIENTED_EDGE('',*,*,#1451,.T.);
#872=ORIENTED_EDGE('',*,*,#1452,.T.);
#873=ORIENTED_EDGE('',*,*,#1453,.T.);
#874=ORIENTED_EDGE('',*,*,#1452,.F.);
#875=ORIENTED_EDGE('',*,*,#1454,.T.);
#876=ORIENTED_EDGE('',*,*,#1455,.T.);
#877=ORIENTED_EDGE('',*,*,#1456,.T.);
#878=ORIENTED_EDGE('',*,*,#1455,.F.);
#879=ORIENTED_EDGE('',*,*,#1457,.T.);
#880=ORIENTED_EDGE('',*,*,#1456,.F.);
#881=ORIENTED_EDGE('',*,*,#1458,.T.);
#882=ORIENTED_EDGE('',*,*,#1459,.T.);
#883=ORIENTED_EDGE('',*,*,#1453,.F.);
#884=ORIENTED_EDGE('',*,*,#1460,.T.);
#885=ORIENTED_EDGE('',*,*,#1461,.T.);
#886=ORIENTED_EDGE('',*,*,#1450,.F.);
#887=ORIENTED_EDGE('',*,*,#1462,.T.);
#888=ORIENTED_EDGE('',*,*,#1463,.T.);
#889=ORIENTED_EDGE('',*,*,#1447,.F.);
#890=ORIENTED_EDGE('',*,*,#1464,.T.);
#891=ORIENTED_EDGE('',*,*,#1465,.T.);
#892=ORIENTED_EDGE('',*,*,#1444,.F.);
#893=ORIENTED_EDGE('',*,*,#1466,.T.);
#894=ORIENTED_EDGE('',*,*,#1467,.T.);
#895=ORIENTED_EDGE('',*,*,#1441,.F.);
#896=ORIENTED_EDGE('',*,*,#1468,.T.);
#897=ORIENTED_EDGE('',*,*,#1469,.T.);
#898=ORIENTED_EDGE('',*,*,#1438,.F.);
#899=ORIENTED_EDGE('',*,*,#1470,.T.);
#900=ORIENTED_EDGE('',*,*,#1471,.T.);
#901=ORIENTED_EDGE('',*,*,#1435,.F.);
#902=ORIENTED_EDGE('',*,*,#1472,.T.);
#903=ORIENTED_EDGE('',*,*,#1473,.T.);
#904=ORIENTED_EDGE('',*,*,#1432,.F.);
#905=ORIENTED_EDGE('',*,*,#1474,.T.);
#906=ORIENTED_EDGE('',*,*,#1475,.T.);
#907=ORIENTED_EDGE('',*,*,#1429,.F.);
#908=ORIENTED_EDGE('',*,*,#1476,.T.);
#909=ORIENTED_EDGE('',*,*,#1477,.T.);
#910=ORIENTED_EDGE('',*,*,#1426,.F.);
#911=ORIENTED_EDGE('',*,*,#1478,.T.);
#912=ORIENTED_EDGE('',*,*,#1479,.T.);
#913=ORIENTED_EDGE('',*,*,#1423,.F.);
#914=ORIENTED_EDGE('',*,*,#1480,.T.);
#915=ORIENTED_EDGE('',*,*,#1430,.F.);
#916=ORIENTED_EDGE('',*,*,#1409,.F.);
#917=ORIENTED_EDGE('',*,*,#1427,.F.);
#918=ORIENTED_EDGE('',*,*,#1410,.F.);
#919=ORIENTED_EDGE('',*,*,#1424,.F.);
#920=ORIENTED_EDGE('',*,*,#1411,.F.);
#921=ORIENTED_EDGE('',*,*,#1445,.F.);
#922=ORIENTED_EDGE('',*,*,#1412,.F.);
#923=ORIENTED_EDGE('',*,*,#1448,.F.);
#924=ORIENTED_EDGE('',*,*,#1413,.F.);
#925=ORIENTED_EDGE('',*,*,#1451,.F.);
#926=ORIENTED_EDGE('',*,*,#1414,.F.);
#927=ORIENTED_EDGE('',*,*,#1454,.F.);
#928=ORIENTED_EDGE('',*,*,#1415,.F.);
#929=ORIENTED_EDGE('',*,*,#1433,.F.);
#930=ORIENTED_EDGE('',*,*,#1416,.F.);
#931=ORIENTED_EDGE('',*,*,#1436,.F.);
#932=ORIENTED_EDGE('',*,*,#1417,.F.);
#933=ORIENTED_EDGE('',*,*,#1439,.F.);
#934=ORIENTED_EDGE('',*,*,#1418,.F.);
#935=ORIENTED_EDGE('',*,*,#1421,.F.);
#936=ORIENTED_EDGE('',*,*,#1419,.F.);
#937=ORIENTED_EDGE('',*,*,#1442,.F.);
#938=ORIENTED_EDGE('',*,*,#1420,.F.);
#939=ORIENTED_EDGE('',*,*,#1481,.F.);
#940=ORIENTED_EDGE('',*,*,#1482,.T.);
#941=ORIENTED_EDGE('',*,*,#1483,.F.);
#942=ORIENTED_EDGE('',*,*,#1484,.T.);
#943=ORIENTED_EDGE('',*,*,#1485,.F.);
#944=ORIENTED_EDGE('',*,*,#1486,.T.);
#945=ORIENTED_EDGE('',*,*,#1481,.T.);
#946=ORIENTED_EDGE('',*,*,#1487,.T.);
#947=ORIENTED_EDGE('',*,*,#1483,.T.);
#948=ORIENTED_EDGE('',*,*,#1488,.T.);
#949=ORIENTED_EDGE('',*,*,#1489,.F.);
#950=ORIENTED_EDGE('',*,*,#1490,.T.);
#951=ORIENTED_EDGE('',*,*,#1491,.F.);
#952=ORIENTED_EDGE('',*,*,#1492,.T.);
#953=ORIENTED_EDGE('',*,*,#1485,.T.);
#954=ORIENTED_EDGE('',*,*,#1493,.T.);
#955=ORIENTED_EDGE('',*,*,#1489,.T.);
#956=ORIENTED_EDGE('',*,*,#1494,.T.);
#957=ORIENTED_EDGE('',*,*,#1495,.F.);
#958=ORIENTED_EDGE('',*,*,#1496,.T.);
#959=ORIENTED_EDGE('',*,*,#1497,.F.);
#960=ORIENTED_EDGE('',*,*,#1498,.T.);
#961=ORIENTED_EDGE('',*,*,#1491,.T.);
#962=ORIENTED_EDGE('',*,*,#1499,.T.);
#963=ORIENTED_EDGE('',*,*,#1495,.T.);
#964=ORIENTED_EDGE('',*,*,#1500,.T.);
#965=ORIENTED_EDGE('',*,*,#1501,.F.);
#966=ORIENTED_EDGE('',*,*,#1502,.T.);
#967=ORIENTED_EDGE('',*,*,#1501,.T.);
#968=ORIENTED_EDGE('',*,*,#1503,.T.);
#969=ORIENTED_EDGE('',*,*,#1497,.T.);
#970=ORIENTED_EDGE('',*,*,#1504,.T.);
#971=ORIENTED_EDGE('',*,*,#1505,.F.);
#972=ORIENTED_EDGE('',*,*,#1506,.T.);
#973=ORIENTED_EDGE('',*,*,#1507,.F.);
#974=ORIENTED_EDGE('',*,*,#1508,.T.);
#975=ORIENTED_EDGE('',*,*,#1509,.F.);
#976=ORIENTED_EDGE('',*,*,#1510,.T.);
#977=ORIENTED_EDGE('',*,*,#1505,.T.);
#978=ORIENTED_EDGE('',*,*,#1511,.T.);
#979=ORIENTED_EDGE('',*,*,#1507,.T.);
#980=ORIENTED_EDGE('',*,*,#1512,.T.);
#981=ORIENTED_EDGE('',*,*,#1513,.F.);
#982=ORIENTED_EDGE('',*,*,#1514,.T.);
#983=ORIENTED_EDGE('',*,*,#1515,.F.);
#984=ORIENTED_EDGE('',*,*,#1516,.T.);
#985=ORIENTED_EDGE('',*,*,#1509,.T.);
#986=ORIENTED_EDGE('',*,*,#1517,.T.);
#987=ORIENTED_EDGE('',*,*,#1513,.T.);
#988=ORIENTED_EDGE('',*,*,#1518,.T.);
#989=ORIENTED_EDGE('',*,*,#1519,.F.);
#990=ORIENTED_EDGE('',*,*,#1520,.T.);
#991=ORIENTED_EDGE('',*,*,#1521,.F.);
#992=ORIENTED_EDGE('',*,*,#1522,.T.);
#993=ORIENTED_EDGE('',*,*,#1515,.T.);
#994=ORIENTED_EDGE('',*,*,#1523,.T.);
#995=ORIENTED_EDGE('',*,*,#1519,.T.);
#996=ORIENTED_EDGE('',*,*,#1524,.T.);
#997=ORIENTED_EDGE('',*,*,#1525,.F.);
#998=ORIENTED_EDGE('',*,*,#1526,.T.);
#999=ORIENTED_EDGE('',*,*,#1525,.T.);
#1000=ORIENTED_EDGE('',*,*,#1527,.T.);
#1001=ORIENTED_EDGE('',*,*,#1521,.T.);
#1002=ORIENTED_EDGE('',*,*,#1528,.T.);
#1003=ORIENTED_EDGE('',*,*,#1476,.F.);
#1004=ORIENTED_EDGE('',*,*,#1475,.F.);
#1005=ORIENTED_EDGE('',*,*,#1474,.F.);
#1006=ORIENTED_EDGE('',*,*,#1473,.F.);
#1007=ORIENTED_EDGE('',*,*,#1464,.F.);
#1008=ORIENTED_EDGE('',*,*,#1463,.F.);
#1009=ORIENTED_EDGE('',*,*,#1478,.F.);
#1010=ORIENTED_EDGE('',*,*,#1477,.F.);
#1011=ORIENTED_EDGE('',*,*,#1460,.F.);
#1012=ORIENTED_EDGE('',*,*,#1459,.F.);
#1013=ORIENTED_EDGE('',*,*,#1462,.F.);
#1014=ORIENTED_EDGE('',*,*,#1461,.F.);
#1015=ORIENTED_EDGE('',*,*,#1472,.F.);
#1016=ORIENTED_EDGE('',*,*,#1471,.F.);
#1017=ORIENTED_EDGE('',*,*,#1468,.F.);
#1018=ORIENTED_EDGE('',*,*,#1467,.F.);
#1019=ORIENTED_EDGE('',*,*,#1458,.F.);
#1020=ORIENTED_EDGE('',*,*,#1457,.F.);
#1021=ORIENTED_EDGE('',*,*,#1470,.F.);
#1022=ORIENTED_EDGE('',*,*,#1469,.F.);
#1023=ORIENTED_EDGE('',*,*,#1480,.F.);
#1024=ORIENTED_EDGE('',*,*,#1479,.F.);
#1025=ORIENTED_EDGE('',*,*,#1466,.F.);
#1026=ORIENTED_EDGE('',*,*,#1465,.F.);
#1027=ORIENTED_EDGE('',*,*,#1529,.F.);
#1028=ORIENTED_EDGE('',*,*,#1494,.F.);
#1029=ORIENTED_EDGE('',*,*,#1530,.F.);
#1030=ORIENTED_EDGE('',*,*,#1398,.F.);
#1031=ORIENTED_EDGE('',*,*,#1530,.T.);
#1032=ORIENTED_EDGE('',*,*,#1488,.F.);
#1033=ORIENTED_EDGE('',*,*,#1531,.F.);
#1034=ORIENTED_EDGE('',*,*,#1399,.F.);
#1035=ORIENTED_EDGE('',*,*,#1529,.T.);
#1036=ORIENTED_EDGE('',*,*,#1397,.F.);
#1037=ORIENTED_EDGE('',*,*,#1532,.F.);
#1038=ORIENTED_EDGE('',*,*,#1500,.F.);
#1039=ORIENTED_EDGE('',*,*,#1531,.T.);
#1040=ORIENTED_EDGE('',*,*,#1482,.F.);
#1041=ORIENTED_EDGE('',*,*,#1533,.F.);
#1042=ORIENTED_EDGE('',*,*,#1400,.F.);
#1043=ORIENTED_EDGE('',*,*,#1532,.T.);
#1044=ORIENTED_EDGE('',*,*,#1396,.F.);
#1045=ORIENTED_EDGE('',*,*,#1534,.F.);
#1046=ORIENTED_EDGE('',*,*,#1503,.F.);
#1047=ORIENTED_EDGE('',*,*,#1533,.T.);
#1048=ORIENTED_EDGE('',*,*,#1486,.F.);
#1049=ORIENTED_EDGE('',*,*,#1535,.F.);
#1050=ORIENTED_EDGE('',*,*,#1393,.F.);
#1051=ORIENTED_EDGE('',*,*,#1534,.T.);
#1052=ORIENTED_EDGE('',*,*,#1395,.F.);
#1053=ORIENTED_EDGE('',*,*,#1536,.F.);
#1054=ORIENTED_EDGE('',*,*,#1498,.F.);
#1055=ORIENTED_EDGE('',*,*,#1535,.T.);
#1056=ORIENTED_EDGE('',*,*,#1492,.F.);
#1057=ORIENTED_EDGE('',*,*,#1536,.T.);
#1058=ORIENTED_EDGE('',*,*,#1394,.F.);
#1059=ORIENTED_EDGE('',*,*,#1537,.F.);
#1060=ORIENTED_EDGE('',*,*,#1484,.F.);
#1061=ORIENTED_EDGE('',*,*,#1538,.F.);
#1062=ORIENTED_EDGE('',*,*,#1389,.F.);
#1063=ORIENTED_EDGE('',*,*,#1538,.T.);
#1064=ORIENTED_EDGE('',*,*,#1490,.F.);
#1065=ORIENTED_EDGE('',*,*,#1539,.F.);
#1066=ORIENTED_EDGE('',*,*,#1386,.F.);
#1067=ORIENTED_EDGE('',*,*,#1537,.T.);
#1068=ORIENTED_EDGE('',*,*,#1391,.F.);
#1069=ORIENTED_EDGE('',*,*,#1540,.F.);
#1070=ORIENTED_EDGE('',*,*,#1487,.F.);
#1071=ORIENTED_EDGE('',*,*,#1539,.T.);
#1072=ORIENTED_EDGE('',*,*,#1496,.F.);
#1073=ORIENTED_EDGE('',*,*,#1541,.F.);
#1074=ORIENTED_EDGE('',*,*,#1383,.F.);
#1075=ORIENTED_EDGE('',*,*,#1540,.T.);
#1076=ORIENTED_EDGE('',*,*,#1370,.F.);
#1077=ORIENTED_EDGE('',*,*,#1542,.F.);
#1078=ORIENTED_EDGE('',*,*,#1493,.F.);
#1079=ORIENTED_EDGE('',*,*,#1541,.T.);
#1080=ORIENTED_EDGE('',*,*,#1502,.F.);
#1081=ORIENTED_EDGE('',*,*,#1543,.F.);
#1082=ORIENTED_EDGE('',*,*,#1380,.F.);
#1083=ORIENTED_EDGE('',*,*,#1542,.T.);
#1084=ORIENTED_EDGE('',*,*,#1374,.F.);
#1085=ORIENTED_EDGE('',*,*,#1544,.F.);
#1086=ORIENTED_EDGE('',*,*,#1499,.F.);
#1087=ORIENTED_EDGE('',*,*,#1543,.T.);
#1088=ORIENTED_EDGE('',*,*,#1504,.F.);
#1089=ORIENTED_EDGE('',*,*,#1544,.T.);
#1090=ORIENTED_EDGE('',*,*,#1377,.F.);
#1091=ORIENTED_EDGE('',*,*,#1545,.F.);
#1092=ORIENTED_EDGE('',*,*,#1518,.F.);
#1093=ORIENTED_EDGE('',*,*,#1546,.F.);
#1094=ORIENTED_EDGE('',*,*,#1384,.F.);
#1095=ORIENTED_EDGE('',*,*,#1546,.T.);
#1096=ORIENTED_EDGE('',*,*,#1512,.F.);
#1097=ORIENTED_EDGE('',*,*,#1547,.F.);
#1098=ORIENTED_EDGE('',*,*,#1387,.F.);
#1099=ORIENTED_EDGE('',*,*,#1545,.T.);
#1100=ORIENTED_EDGE('',*,*,#1381,.F.);
#1101=ORIENTED_EDGE('',*,*,#1548,.F.);
#1102=ORIENTED_EDGE('',*,*,#1524,.F.);
#1103=ORIENTED_EDGE('',*,*,#1547,.T.);
#1104=ORIENTED_EDGE('',*,*,#1506,.F.);
#1105=ORIENTED_EDGE('',*,*,#1549,.F.);
#1106=ORIENTED_EDGE('',*,*,#1390,.F.);
#1107=ORIENTED_EDGE('',*,*,#1548,.T.);
#1108=ORIENTED_EDGE('',*,*,#1378,.F.);
#1109=ORIENTED_EDGE('',*,*,#1550,.F.);
#1110=ORIENTED_EDGE('',*,*,#1527,.F.);
#1111=ORIENTED_EDGE('',*,*,#1549,.T.);
#1112=ORIENTED_EDGE('',*,*,#1510,.F.);
#1113=ORIENTED_EDGE('',*,*,#1551,.F.);
#1114=ORIENTED_EDGE('',*,*,#1392,.F.);
#1115=ORIENTED_EDGE('',*,*,#1550,.T.);
#1116=ORIENTED_EDGE('',*,*,#1375,.F.);
#1117=ORIENTED_EDGE('',*,*,#1552,.F.);
#1118=ORIENTED_EDGE('',*,*,#1522,.F.);
#1119=ORIENTED_EDGE('',*,*,#1551,.T.);
#1120=ORIENTED_EDGE('',*,*,#1516,.F.);
#1121=ORIENTED_EDGE('',*,*,#1552,.T.);
#1122=ORIENTED_EDGE('',*,*,#1372,.F.);
#1123=ORIENTED_EDGE('',*,*,#1553,.F.);
#1124=ORIENTED_EDGE('',*,*,#1508,.F.);
#1125=ORIENTED_EDGE('',*,*,#1554,.F.);
#1126=ORIENTED_EDGE('',*,*,#1406,.F.);
#1127=ORIENTED_EDGE('',*,*,#1554,.T.);
#1128=ORIENTED_EDGE('',*,*,#1514,.F.);
#1129=ORIENTED_EDGE('',*,*,#1555,.F.);
#1130=ORIENTED_EDGE('',*,*,#1407,.F.);
#1131=ORIENTED_EDGE('',*,*,#1553,.T.);
#1132=ORIENTED_EDGE('',*,*,#1405,.F.);
#1133=ORIENTED_EDGE('',*,*,#1556,.F.);
#1134=ORIENTED_EDGE('',*,*,#1511,.F.);
#1135=ORIENTED_EDGE('',*,*,#1555,.T.);
#1136=ORIENTED_EDGE('',*,*,#1520,.F.);
#1137=ORIENTED_EDGE('',*,*,#1557,.F.);
#1138=ORIENTED_EDGE('',*,*,#1408,.F.);
#1139=ORIENTED_EDGE('',*,*,#1556,.T.);
#1140=ORIENTED_EDGE('',*,*,#1404,.F.);
#1141=ORIENTED_EDGE('',*,*,#1558,.F.);
#1142=ORIENTED_EDGE('',*,*,#1517,.F.);
#1143=ORIENTED_EDGE('',*,*,#1557,.T.);
#1144=ORIENTED_EDGE('',*,*,#1526,.F.);
#1145=ORIENTED_EDGE('',*,*,#1559,.F.);
#1146=ORIENTED_EDGE('',*,*,#1401,.F.);
#1147=ORIENTED_EDGE('',*,*,#1558,.T.);
#1148=ORIENTED_EDGE('',*,*,#1403,.F.);
#1149=ORIENTED_EDGE('',*,*,#1560,.F.);
#1150=ORIENTED_EDGE('',*,*,#1523,.F.);
#1151=ORIENTED_EDGE('',*,*,#1559,.T.);
#1152=ORIENTED_EDGE('',*,*,#1528,.F.);
#1153=ORIENTED_EDGE('',*,*,#1560,.T.);
#1154=ORIENTED_EDGE('',*,*,#1402,.F.);
#1155=ORIENTED_EDGE('',*,*,#1561,.T.);
#1156=ORIENTED_EDGE('',*,*,#1562,.T.);
#1157=ORIENTED_EDGE('',*,*,#1563,.T.);
#1158=ORIENTED_EDGE('',*,*,#1564,.T.);
#1159=ORIENTED_EDGE('',*,*,#1565,.T.);
#1160=ORIENTED_EDGE('',*,*,#1566,.T.);
#1161=ORIENTED_EDGE('',*,*,#1567,.T.);
#1162=ORIENTED_EDGE('',*,*,#1568,.T.);
#1163=ORIENTED_EDGE('',*,*,#1569,.T.);
#1164=ORIENTED_EDGE('',*,*,#1570,.T.);
#1165=ORIENTED_EDGE('',*,*,#1571,.T.);
#1166=ORIENTED_EDGE('',*,*,#1572,.T.);
#1167=ORIENTED_EDGE('',*,*,#1571,.F.);
#1168=ORIENTED_EDGE('',*,*,#1573,.T.);
#1169=ORIENTED_EDGE('',*,*,#1572,.F.);
#1170=ORIENTED_EDGE('',*,*,#1574,.T.);
#1171=ORIENTED_EDGE('',*,*,#1570,.F.);
#1172=ORIENTED_EDGE('',*,*,#1569,.F.);
#1173=ORIENTED_EDGE('',*,*,#1575,.T.);
#1174=ORIENTED_EDGE('',*,*,#1576,.T.);
#1175=ORIENTED_EDGE('',*,*,#1577,.T.);
#1176=ORIENTED_EDGE('',*,*,#1578,.T.);
#1177=ORIENTED_EDGE('',*,*,#1579,.T.);
#1178=ORIENTED_EDGE('',*,*,#1580,.T.);
#1179=ORIENTED_EDGE('',*,*,#1574,.F.);
#1180=ORIENTED_EDGE('',*,*,#1573,.F.);
#1181=ORIENTED_EDGE('',*,*,#1568,.F.);
#1182=ORIENTED_EDGE('',*,*,#1566,.F.);
#1183=ORIENTED_EDGE('',*,*,#1575,.F.);
#1184=ORIENTED_EDGE('',*,*,#1567,.F.);
#1185=ORIENTED_EDGE('',*,*,#1576,.F.);
#1186=ORIENTED_EDGE('',*,*,#1563,.F.);
#1187=ORIENTED_EDGE('',*,*,#1577,.F.);
#1188=ORIENTED_EDGE('',*,*,#1564,.F.);
#1189=ORIENTED_EDGE('',*,*,#1578,.F.);
#1190=ORIENTED_EDGE('',*,*,#1561,.F.);
#1191=ORIENTED_EDGE('',*,*,#1579,.F.);
#1192=ORIENTED_EDGE('',*,*,#1562,.F.);
#1193=ORIENTED_EDGE('',*,*,#1580,.F.);
#1194=ORIENTED_EDGE('',*,*,#1565,.F.);
#1195=EDGE_CURVE('',#1581,#1581,#1855,.F.);
#1196=EDGE_CURVE('',#1582,#1582,#1856,.F.);
#1197=EDGE_CURVE('',#1583,#1583,#1857,.T.);
#1198=EDGE_CURVE('',#1584,#1584,#1858,.F.);
#1199=EDGE_CURVE('',#1585,#1585,#1859,.F.);
#1200=EDGE_CURVE('',#1586,#1586,#1860,.T.);
#1201=EDGE_CURVE('',#1587,#1587,#1861,.F.);
#1202=EDGE_CURVE('',#1588,#1588,#1862,.T.);
#1203=EDGE_CURVE('',#1589,#1589,#1863,.F.);
#1204=EDGE_CURVE('',#1590,#1590,#1864,.F.);
#1205=EDGE_CURVE('',#1591,#1591,#1865,.T.);
#1206=EDGE_CURVE('',#1592,#1592,#1866,.T.);
#1207=EDGE_CURVE('',#1593,#1593,#1867,.T.);
#1208=EDGE_CURVE('',#1594,#1594,#1868,.T.);
#1209=EDGE_CURVE('',#1595,#1595,#1869,.F.);
#1210=EDGE_CURVE('',#1596,#1596,#1870,.F.);
#1211=EDGE_CURVE('',#1597,#1597,#1871,.T.);
#1212=EDGE_CURVE('',#1598,#1598,#1872,.F.);
#1213=EDGE_CURVE('',#1599,#1600,#10,.T.);
#1214=EDGE_CURVE('',#1600,#1601,#1873,.F.);
#1215=EDGE_CURVE('',#1602,#1601,#11,.T.);
#1216=EDGE_CURVE('',#1602,#1599,#1874,.F.);
#1217=EDGE_CURVE('',#1601,#1603,#12,.F.);
#1218=EDGE_CURVE('',#1604,#1603,#13,.T.);
#1219=EDGE_CURVE('',#1604,#1602,#14,.T.);
#1220=EDGE_CURVE('',#1603,#1605,#1875,.F.);
#1221=EDGE_CURVE('',#1606,#1605,#15,.T.);
#1222=EDGE_CURVE('',#1606,#1604,#1876,.F.);
#1223=EDGE_CURVE('',#1605,#1607,#16,.T.);
#1224=EDGE_CURVE('',#1608,#1607,#17,.T.);
#1225=EDGE_CURVE('',#1608,#1606,#18,.F.);
#1226=EDGE_CURVE('',#1607,#1609,#1877,.F.);
#1227=EDGE_CURVE('',#1610,#1609,#19,.T.);
#1228=EDGE_CURVE('',#1610,#1608,#1878,.F.);
#1229=EDGE_CURVE('',#1609,#1611,#20,.T.);
#1230=EDGE_CURVE('',#1612,#1611,#21,.T.);
#1231=EDGE_CURVE('',#1612,#1610,#22,.F.);
#1232=EDGE_CURVE('',#1611,#1613,#1879,.F.);
#1233=EDGE_CURVE('',#1614,#1613,#23,.T.);
#1234=EDGE_CURVE('',#1614,#1612,#1880,.F.);
#1235=EDGE_CURVE('',#1613,#1600,#24,.F.);
#1236=EDGE_CURVE('',#1599,#1614,#25,.T.);
#1237=EDGE_CURVE('',#1615,#1616,#26,.T.);
#1238=EDGE_CURVE('',#1616,#1617,#1881,.T.);
#1239=EDGE_CURVE('',#1617,#1618,#27,.T.);
#1240=EDGE_CURVE('',#1618,#1619,#1882,.T.);
#1241=EDGE_CURVE('',#1619,#1620,#28,.F.);
#1242=EDGE_CURVE('',#1620,#1621,#1883,.T.);
#1243=EDGE_CURVE('',#1621,#1622,#29,.F.);
#1244=EDGE_CURVE('',#1622,#1615,#1884,.T.);
#1245=EDGE_CURVE('',#1623,#1623,#1885,.F.);
#1246=EDGE_CURVE('',#1624,#1624,#1886,.F.);
#1247=EDGE_CURVE('',#1625,#1625,#1887,.F.);
#1248=EDGE_CURVE('',#1626,#1626,#1888,.F.);
#1249=EDGE_CURVE('',#1627,#1627,#1889,.F.);
#1250=EDGE_CURVE('',#1628,#1628,#1890,.F.);
#1251=EDGE_CURVE('',#1629,#1629,#1891,.F.);
#1252=EDGE_CURVE('',#1630,#1630,#1892,.F.);
#1253=EDGE_CURVE('',#1631,#1631,#1893,.F.);
#1254=EDGE_CURVE('',#1632,#1632,#1894,.F.);
#1255=EDGE_CURVE('',#1633,#1633,#1895,.F.);
#1256=EDGE_CURVE('',#1634,#1634,#1896,.F.);
#1257=EDGE_CURVE('',#1635,#1636,#30,.T.);
#1258=EDGE_CURVE('',#1636,#1637,#1897,.F.);
#1259=EDGE_CURVE('',#1637,#1638,#31,.F.);
#1260=EDGE_CURVE('',#1638,#1639,#1898,.F.);
#1261=EDGE_CURVE('',#1639,#1640,#32,.F.);
#1262=EDGE_CURVE('',#1640,#1641,#1899,.F.);
#1263=EDGE_CURVE('',#1641,#1642,#33,.T.);
#1264=EDGE_CURVE('',#1642,#1635,#1900,.F.);
#1265=EDGE_CURVE('',#1643,#1643,#1901,.T.);
#1266=EDGE_CURVE('',#1644,#1644,#1902,.T.);
#1267=EDGE_CURVE('',#1645,#1645,#1903,.T.);
#1268=EDGE_CURVE('',#1646,#1646,#1904,.T.);
#1269=EDGE_CURVE('',#1647,#1647,#1905,.T.);
#1270=EDGE_CURVE('',#1648,#1648,#1906,.T.);
#1271=EDGE_CURVE('',#1649,#1649,#1907,.T.);
#1272=EDGE_CURVE('',#1650,#1650,#1908,.T.);
#1273=EDGE_CURVE('',#1651,#1651,#1909,.T.);
#1274=EDGE_CURVE('',#1652,#1652,#1910,.T.);
#1275=EDGE_CURVE('',#1653,#1653,#1911,.T.);
#1276=EDGE_CURVE('',#1654,#1654,#1912,.T.);
#1277=EDGE_CURVE('',#1655,#1655,#1913,.T.);
#1278=EDGE_CURVE('',#1656,#1656,#1914,.T.);
#1279=EDGE_CURVE('',#1657,#1657,#1915,.T.);
#1280=EDGE_CURVE('',#1658,#1658,#1916,.T.);
#1281=EDGE_CURVE('',#1659,#1659,#1917,.T.);
#1282=EDGE_CURVE('',#1660,#1660,#1918,.T.);
#1283=EDGE_CURVE('',#1661,#1661,#1919,.T.);
#1284=EDGE_CURVE('',#1662,#1662,#1920,.T.);
#1285=EDGE_CURVE('',#1663,#1663,#1921,.T.);
#1286=EDGE_CURVE('',#1664,#1664,#1922,.T.);
#1287=EDGE_CURVE('',#1665,#1665,#1923,.T.);
#1288=EDGE_CURVE('',#1666,#1666,#1924,.T.);
#1289=EDGE_CURVE('',#1667,#1668,#34,.T.);
#1290=EDGE_CURVE('',#1667,#1669,#1925,.F.);
#1291=EDGE_CURVE('',#1670,#1669,#35,.T.);
#1292=EDGE_CURVE('',#1670,#1668,#1926,.F.);
#1293=EDGE_CURVE('',#1671,#1672,#36,.T.);
#1294=EDGE_CURVE('',#1671,#1667,#37,.F.);
#1295=EDGE_CURVE('',#1668,#1672,#38,.F.);
#1296=EDGE_CURVE('',#1669,#1673,#39,.F.);
#1297=EDGE_CURVE('',#1674,#1673,#40,.T.);
#1298=EDGE_CURVE('',#1674,#1670,#41,.F.);
#1299=EDGE_CURVE('',#1675,#1676,#42,.T.);
#1300=EDGE_CURVE('',#1675,#1671,#1927,.F.);
#1301=EDGE_CURVE('',#1672,#1676,#1928,.F.);
#1302=EDGE_CURVE('',#1673,#1677,#1929,.F.);
#1303=EDGE_CURVE('',#1678,#1677,#43,.T.);
#1304=EDGE_CURVE('',#1678,#1674,#1930,.F.);
#1305=EDGE_CURVE('',#1679,#1680,#44,.T.);
#1306=EDGE_CURVE('',#1679,#1675,#45,.F.);
#1307=EDGE_CURVE('',#1676,#1680,#46,.F.);
#1308=EDGE_CURVE('',#1677,#1681,#47,.F.);
#1309=EDGE_CURVE('',#1682,#1681,#48,.T.);
#1310=EDGE_CURVE('',#1682,#1678,#49,.F.);
#1311=EDGE_CURVE('',#1681,#1679,#1931,.F.);
#1312=EDGE_CURVE('',#1680,#1682,#1932,.F.);
#1313=EDGE_CURVE('',#1683,#1684,#50,.T.);
#1314=EDGE_CURVE('',#1683,#1685,#1933,.F.);
#1315=EDGE_CURVE('',#1686,#1685,#51,.T.);
#1316=EDGE_CURVE('',#1686,#1684,#1934,.T.);
#1317=EDGE_CURVE('',#1687,#1688,#52,.T.);
#1318=EDGE_CURVE('',#1687,#1683,#53,.F.);
#1319=EDGE_CURVE('',#1684,#1688,#54,.F.);
#1320=EDGE_CURVE('',#1685,#1689,#55,.F.);
#1321=EDGE_CURVE('',#1690,#1689,#56,.T.);
#1322=EDGE_CURVE('',#1690,#1686,#57,.F.);
#1323=EDGE_CURVE('',#1691,#1692,#58,.T.);
#1324=EDGE_CURVE('',#1691,#1687,#1935,.F.);
#1325=EDGE_CURVE('',#1688,#1692,#1936,.T.);
#1326=EDGE_CURVE('',#1689,#1693,#1937,.F.);
#1327=EDGE_CURVE('',#1694,#1693,#59,.T.);
#1328=EDGE_CURVE('',#1694,#1690,#1938,.T.);
#1329=EDGE_CURVE('',#1695,#1696,#60,.T.);
#1330=EDGE_CURVE('',#1695,#1691,#61,.F.);
#1331=EDGE_CURVE('',#1692,#1696,#62,.F.);
#1332=EDGE_CURVE('',#1693,#1697,#63,.F.);
#1333=EDGE_CURVE('',#1698,#1697,#64,.T.);
#1334=EDGE_CURVE('',#1698,#1694,#65,.F.);
#1335=EDGE_CURVE('',#1697,#1695,#1939,.F.);
#1336=EDGE_CURVE('',#1696,#1698,#1940,.T.);
#1337=EDGE_CURVE('',#1693,#1607,#1941,.T.);
#1338=EDGE_CURVE('',#1609,#1689,#1942,.T.);
#1339=EDGE_CURVE('',#1611,#1685,#1943,.T.);
#1340=EDGE_CURVE('',#1697,#1605,#1944,.T.);
#1341=EDGE_CURVE('',#1613,#1683,#1945,.T.);
#1342=EDGE_CURVE('',#1695,#1603,#1946,.T.);
#1343=EDGE_CURVE('',#1600,#1687,#1947,.T.);
#1344=EDGE_CURVE('',#1691,#1601,#1948,.T.);
#1345=EDGE_CURVE('',#1684,#1640,#1949,.T.);
#1346=EDGE_CURVE('',#1641,#1686,#1950,.T.);
#1347=EDGE_CURVE('',#1642,#1690,#1951,.T.);
#1348=EDGE_CURVE('',#1688,#1639,#1952,.T.);
#1349=EDGE_CURVE('',#1635,#1694,#1953,.T.);
#1350=EDGE_CURVE('',#1692,#1638,#1954,.T.);
#1351=EDGE_CURVE('',#1636,#1698,#1955,.T.);
#1352=EDGE_CURVE('',#1696,#1637,#1956,.T.);
#1353=EDGE_CURVE('',#1677,#1620,#1957,.T.);
#1354=EDGE_CURVE('',#1621,#1673,#1958,.T.);
#1355=EDGE_CURVE('',#1622,#1669,#1959,.T.);
#1356=EDGE_CURVE('',#1681,#1619,#1960,.T.);
#1357=EDGE_CURVE('',#1615,#1667,#1961,.T.);
#1358=EDGE_CURVE('',#1679,#1618,#1962,.T.);
#1359=EDGE_CURVE('',#1616,#1671,#1963,.T.);
#1360=EDGE_CURVE('',#1675,#1617,#1964,.T.);
#1361=EDGE_CURVE('',#1668,#1614,#1965,.T.);
#1362=EDGE_CURVE('',#1612,#1670,#1966,.T.);
#1363=EDGE_CURVE('',#1610,#1674,#1967,.T.);
#1364=EDGE_CURVE('',#1672,#1599,#1968,.T.);
#1365=EDGE_CURVE('',#1608,#1678,#1969,.T.);
#1366=EDGE_CURVE('',#1676,#1602,#1970,.T.);
#1367=EDGE_CURVE('',#1606,#1682,#1971,.T.);
#1368=EDGE_CURVE('',#1680,#1604,#1972,.T.);
#1369=EDGE_CURVE('',#1699,#1700,#66,.T.);
#1370=EDGE_CURVE('',#1699,#1701,#1973,.F.);
#1371=EDGE_CURVE('',#1701,#1702,#67,.T.);
#1372=EDGE_CURVE('',#1702,#1700,#1974,.F.);
#1373=EDGE_CURVE('',#1703,#1704,#68,.T.);
#1374=EDGE_CURVE('',#1703,#1699,#69,.T.);
#1375=EDGE_CURVE('',#1700,#1704,#70,.F.);
#1376=EDGE_CURVE('',#1705,#1706,#71,.T.);
#1377=EDGE_CURVE('',#1705,#1703,#1975,.F.);
#1378=EDGE_CURVE('',#1704,#1706,#1976,.F.);
#1379=EDGE_CURVE('',#1707,#1708,#72,.T.);
#1380=EDGE_CURVE('',#1707,#1705,#73,.F.);
#1381=EDGE_CURVE('',#1706,#1708,#74,.T.);
#1382=EDGE_CURVE('',#1709,#1710,#75,.T.);
#1383=EDGE_CURVE('',#1709,#1707,#1977,.F.);
#1384=EDGE_CURVE('',#1708,#1710,#1978,.F.);
#1385=EDGE_CURVE('',#1711,#1712,#76,.T.);
#1386=EDGE_CURVE('',#1711,#1709,#77,.F.);
#1387=EDGE_CURVE('',#1710,#1712,#78,.T.);
#1388=EDGE_CURVE('',#1713,#1714,#79,.T.);
#1389=EDGE_CURVE('',#1713,#1711,#1979,.F.);
#1390=EDGE_CURVE('',#1712,#1714,#1980,.F.);
#1391=EDGE_CURVE('',#1701,#1713,#80,.T.);
#1392=EDGE_CURVE('',#1714,#1702,#81,.F.);
#1393=EDGE_CURVE('',#1715,#1716,#82,.T.);
#1394=EDGE_CURVE('',#1716,#1717,#1981,.T.);
#1395=EDGE_CURVE('',#1717,#1718,#83,.T.);
#1396=EDGE_CURVE('',#1718,#1719,#1982,.T.);
#1397=EDGE_CURVE('',#1719,#1720,#84,.F.);
#1398=EDGE_CURVE('',#1720,#1721,#1983,.T.);
#1399=EDGE_CURVE('',#1721,#1722,#85,.F.);
#1400=EDGE_CURVE('',#1722,#1715,#1984,.T.);
#1401=EDGE_CURVE('',#1723,#1724,#86,.T.);
#1402=EDGE_CURVE('',#1724,#1725,#1985,.F.);
#1403=EDGE_CURVE('',#1725,#1726,#87,.F.);
#1404=EDGE_CURVE('',#1726,#1727,#1986,.F.);
#1405=EDGE_CURVE('',#1727,#1728,#88,.F.);
#1406=EDGE_CURVE('',#1728,#1729,#1987,.F.);
#1407=EDGE_CURVE('',#1729,#1730,#89,.T.);
#1408=EDGE_CURVE('',#1730,#1723,#1988,.F.);
#1409=EDGE_CURVE('',#1731,#1731,#1989,.T.);
#1410=EDGE_CURVE('',#1732,#1732,#1990,.T.);
#1411=EDGE_CURVE('',#1733,#1733,#1991,.T.);
#1412=EDGE_CURVE('',#1734,#1734,#1992,.T.);
#1413=EDGE_CURVE('',#1735,#1735,#1993,.T.);
#1414=EDGE_CURVE('',#1736,#1736,#1994,.T.);
#1415=EDGE_CURVE('',#1737,#1737,#1995,.T.);
#1416=EDGE_CURVE('',#1738,#1738,#1996,.T.);
#1417=EDGE_CURVE('',#1739,#1739,#1997,.T.);
#1418=EDGE_CURVE('',#1740,#1740,#1998,.T.);
#1419=EDGE_CURVE('',#1741,#1741,#1999,.T.);
#1420=EDGE_CURVE('',#1742,#1742,#2000,.T.);
#1421=EDGE_CURVE('',#1743,#1743,#2001,.F.);
#1422=EDGE_CURVE('',#1744,#1744,#2002,.T.);
#1423=EDGE_CURVE('',#1745,#1745,#2003,.T.);
#1424=EDGE_CURVE('',#1746,#1746,#2004,.F.);
#1425=EDGE_CURVE('',#1747,#1747,#2005,.T.);
#1426=EDGE_CURVE('',#1748,#1748,#2006,.T.);
#1427=EDGE_CURVE('',#1749,#1749,#2007,.F.);
#1428=EDGE_CURVE('',#1750,#1750,#2008,.T.);
#1429=EDGE_CURVE('',#1751,#1751,#2009,.T.);
#1430=EDGE_CURVE('',#1752,#1752,#2010,.F.);
#1431=EDGE_CURVE('',#1753,#1753,#2011,.T.);
#1432=EDGE_CURVE('',#1754,#1754,#2012,.T.);
#1433=EDGE_CURVE('',#1755,#1755,#2013,.F.);
#1434=EDGE_CURVE('',#1756,#1756,#2014,.T.);
#1435=EDGE_CURVE('',#1757,#1757,#2015,.T.);
#1436=EDGE_CURVE('',#1758,#1758,#2016,.F.);
#1437=EDGE_CURVE('',#1759,#1759,#2017,.T.);
#1438=EDGE_CURVE('',#1760,#1760,#2018,.T.);
#1439=EDGE_CURVE('',#1761,#1761,#2019,.F.);
#1440=EDGE_CURVE('',#1762,#1762,#2020,.T.);
#1441=EDGE_CURVE('',#1763,#1763,#2021,.T.);
#1442=EDGE_CURVE('',#1764,#1764,#2022,.F.);
#1443=EDGE_CURVE('',#1765,#1765,#2023,.T.);
#1444=EDGE_CURVE('',#1766,#1766,#2024,.T.);
#1445=EDGE_CURVE('',#1767,#1767,#2025,.F.);
#1446=EDGE_CURVE('',#1768,#1768,#2026,.T.);
#1447=EDGE_CURVE('',#1769,#1769,#2027,.T.);
#1448=EDGE_CURVE('',#1770,#1770,#2028,.F.);
#1449=EDGE_CURVE('',#1771,#1771,#2029,.T.);
#1450=EDGE_CURVE('',#1772,#1772,#2030,.T.);
#1451=EDGE_CURVE('',#1773,#1773,#2031,.F.);
#1452=EDGE_CURVE('',#1774,#1774,#2032,.T.);
#1453=EDGE_CURVE('',#1775,#1775,#2033,.T.);
#1454=EDGE_CURVE('',#1776,#1776,#2034,.F.);
#1455=EDGE_CURVE('',#1777,#1777,#2035,.T.);
#1456=EDGE_CURVE('',#1778,#1778,#2036,.T.);
#1457=EDGE_CURVE('',#1779,#1779,#2037,.T.);
#1458=EDGE_CURVE('',#1780,#1780,#2038,.F.);
#1459=EDGE_CURVE('',#1781,#1781,#2039,.T.);
#1460=EDGE_CURVE('',#1782,#1782,#2040,.F.);
#1461=EDGE_CURVE('',#1783,#1783,#2041,.T.);
#1462=EDGE_CURVE('',#1784,#1784,#2042,.F.);
#1463=EDGE_CURVE('',#1785,#1785,#2043,.T.);
#1464=EDGE_CURVE('',#1786,#1786,#2044,.F.);
#1465=EDGE_CURVE('',#1787,#1787,#2045,.T.);
#1466=EDGE_CURVE('',#1788,#1788,#2046,.F.);
#1467=EDGE_CURVE('',#1789,#1789,#2047,.T.);
#1468=EDGE_CURVE('',#1790,#1790,#2048,.F.);
#1469=EDGE_CURVE('',#1791,#1791,#2049,.T.);
#1470=EDGE_CURVE('',#1792,#1792,#2050,.F.);
#1471=EDGE_CURVE('',#1793,#1793,#2051,.T.);
#1472=EDGE_CURVE('',#1794,#1794,#2052,.F.);
#1473=EDGE_CURVE('',#1795,#1795,#2053,.T.);
#1474=EDGE_CURVE('',#1796,#1796,#2054,.F.);
#1475=EDGE_CURVE('',#1797,#1797,#2055,.T.);
#1476=EDGE_CURVE('',#1798,#1798,#2056,.F.);
#1477=EDGE_CURVE('',#1799,#1799,#2057,.T.);
#1478=EDGE_CURVE('',#1800,#1800,#2058,.F.);
#1479=EDGE_CURVE('',#1801,#1801,#2059,.T.);
#1480=EDGE_CURVE('',#1802,#1802,#2060,.F.);
#1481=EDGE_CURVE('',#1803,#1804,#90,.T.);
#1482=EDGE_CURVE('',#1803,#1805,#2061,.F.);
#1483=EDGE_CURVE('',#1806,#1805,#91,.T.);
#1484=EDGE_CURVE('',#1806,#1804,#2062,.F.);
#1485=EDGE_CURVE('',#1807,#1808,#92,.T.);
#1486=EDGE_CURVE('',#1807,#1803,#93,.F.);
#1487=EDGE_CURVE('',#1804,#1808,#94,.F.);
#1488=EDGE_CURVE('',#1805,#1809,#95,.F.);
#1489=EDGE_CURVE('',#1810,#1809,#96,.T.);
#1490=EDGE_CURVE('',#1810,#1806,#97,.F.);
#1491=EDGE_CURVE('',#1811,#1812,#98,.T.);
#1492=EDGE_CURVE('',#1811,#1807,#2063,.F.);
#1493=EDGE_CURVE('',#1808,#1812,#2064,.F.);
#1494=EDGE_CURVE('',#1809,#1813,#2065,.F.);
#1495=EDGE_CURVE('',#1814,#1813,#99,.T.);
#1496=EDGE_CURVE('',#1814,#1810,#2066,.F.);
#1497=EDGE_CURVE('',#1815,#1816,#100,.T.);
#1498=EDGE_CURVE('',#1815,#1811,#101,.F.);
#1499=EDGE_CURVE('',#1812,#1816,#102,.F.);
#1500=EDGE_CURVE('',#1813,#1817,#103,.F.);
#1501=EDGE_CURVE('',#1818,#1817,#104,.T.);
#1502=EDGE_CURVE('',#1818,#1814,#105,.F.);
#1503=EDGE_CURVE('',#1817,#1815,#2067,.F.);
#1504=EDGE_CURVE('',#1816,#1818,#2068,.F.);
#1505=EDGE_CURVE('',#1819,#1820,#106,.T.);
#1506=EDGE_CURVE('',#1819,#1821,#2069,.F.);
#1507=EDGE_CURVE('',#1822,#1821,#107,.T.);
#1508=EDGE_CURVE('',#1822,#1820,#2070,.T.);
#1509=EDGE_CURVE('',#1823,#1824,#108,.T.);
#1510=EDGE_CURVE('',#1823,#1819,#109,.F.);
#1511=EDGE_CURVE('',#1820,#1824,#110,.F.);
#1512=EDGE_CURVE('',#1821,#1825,#111,.F.);
#1513=EDGE_CURVE('',#1826,#1825,#112,.T.);
#1514=EDGE_CURVE('',#1826,#1822,#113,.F.);
#1515=EDGE_CURVE('',#1827,#1828,#114,.T.);
#1516=EDGE_CURVE('',#1827,#1823,#2071,.F.);
#1517=EDGE_CURVE('',#1824,#1828,#2072,.T.);
#1518=EDGE_CURVE('',#1825,#1829,#2073,.F.);
#1519=EDGE_CURVE('',#1830,#1829,#115,.T.);
#1520=EDGE_CURVE('',#1830,#1826,#2074,.T.);
#1521=EDGE_CURVE('',#1831,#1832,#116,.T.);
#1522=EDGE_CURVE('',#1831,#1827,#117,.F.);
#1523=EDGE_CURVE('',#1828,#1832,#118,.F.);
#1524=EDGE_CURVE('',#1829,#1833,#119,.F.);
#1525=EDGE_CURVE('',#1834,#1833,#120,.T.);
#1526=EDGE_CURVE('',#1834,#1830,#121,.F.);
#1527=EDGE_CURVE('',#1833,#1831,#2075,.F.);
#1528=EDGE_CURVE('',#1832,#1834,#2076,.T.);
#1529=EDGE_CURVE('',#1813,#1720,#2077,.T.);
#1530=EDGE_CURVE('',#1721,#1809,#2078,.T.);
#1531=EDGE_CURVE('',#1722,#1805,#2079,.T.);
#1532=EDGE_CURVE('',#1817,#1719,#2080,.T.);
#1533=EDGE_CURVE('',#1715,#1803,#2081,.T.);
#1534=EDGE_CURVE('',#1815,#1718,#2082,.T.);
#1535=EDGE_CURVE('',#1716,#1807,#2083,.T.);
#1536=EDGE_CURVE('',#1811,#1717,#2084,.T.);
#1537=EDGE_CURVE('',#1804,#1713,#2085,.T.);
#1538=EDGE_CURVE('',#1711,#1806,#2086,.T.);
#1539=EDGE_CURVE('',#1709,#1810,#2087,.T.);
#1540=EDGE_CURVE('',#1808,#1701,#2088,.T.);
#1541=EDGE_CURVE('',#1707,#1814,#2089,.T.);
#1542=EDGE_CURVE('',#1812,#1699,#2090,.T.);
#1543=EDGE_CURVE('',#1705,#1818,#2091,.T.);
#1544=EDGE_CURVE('',#1816,#1703,#2092,.T.);
#1545=EDGE_CURVE('',#1829,#1708,#2093,.T.);
#1546=EDGE_CURVE('',#1710,#1825,#2094,.T.);
#1547=EDGE_CURVE('',#1712,#1821,#2095,.T.);
#1548=EDGE_CURVE('',#1833,#1706,#2096,.T.);
#1549=EDGE_CURVE('',#1714,#1819,#2097,.T.);
#1550=EDGE_CURVE('',#1831,#1704,#2098,.T.);
#1551=EDGE_CURVE('',#1702,#1823,#2099,.T.);
#1552=EDGE_CURVE('',#1827,#1700,#2100,.T.);
#1553=EDGE_CURVE('',#1820,#1728,#2101,.T.);
#1554=EDGE_CURVE('',#1729,#1822,#2102,.T.);
#1555=EDGE_CURVE('',#1730,#1826,#2103,.T.);
#1556=EDGE_CURVE('',#1824,#1727,#2104,.T.);
#1557=EDGE_CURVE('',#1723,#1830,#2105,.T.);
#1558=EDGE_CURVE('',#1828,#1726,#2106,.T.);
#1559=EDGE_CURVE('',#1724,#1834,#2107,.T.);
#1560=EDGE_CURVE('',#1832,#1725,#2108,.T.);
#1561=EDGE_CURVE('',#1835,#1835,#2109,.F.);
#1562=EDGE_CURVE('',#1836,#1836,#2110,.F.);
#1563=EDGE_CURVE('',#1837,#1837,#2111,.T.);
#1564=EDGE_CURVE('',#1838,#1838,#2112,.F.);
#1565=EDGE_CURVE('',#1839,#1839,#2113,.T.);
#1566=EDGE_CURVE('',#1840,#1840,#2114,.T.);
#1567=EDGE_CURVE('',#1841,#1841,#2115,.T.);
#1568=EDGE_CURVE('',#1842,#1842,#2116,.F.);
#1569=EDGE_CURVE('',#1843,#1843,#2117,.T.);
#1570=EDGE_CURVE('',#1844,#1844,#2118,.F.);
#1571=EDGE_CURVE('',#1845,#1845,#2119,.T.);
#1572=EDGE_CURVE('',#1846,#1846,#2120,.T.);
#1573=EDGE_CURVE('',#1847,#1847,#2121,.T.);
#1574=EDGE_CURVE('',#1848,#1848,#2122,.F.);
#1575=EDGE_CURVE('',#1849,#1849,#2123,.T.);
#1576=EDGE_CURVE('',#1850,#1850,#2124,.F.);
#1577=EDGE_CURVE('',#1851,#1851,#2125,.T.);
#1578=EDGE_CURVE('',#1852,#1852,#2126,.T.);
#1579=EDGE_CURVE('',#1853,#1853,#2127,.T.);
#1580=EDGE_CURVE('',#1854,#1854,#2128,.F.);
#1581=VERTEX_POINT('',#5081);
#1582=VERTEX_POINT('',#5083);
#1583=VERTEX_POINT('',#5086);
#1584=VERTEX_POINT('',#5088);
#1585=VERTEX_POINT('',#5091);
#1586=VERTEX_POINT('',#5094);
#1587=VERTEX_POINT('',#5096);
#1588=VERTEX_POINT('',#5099);
#1589=VERTEX_POINT('',#5101);
#1590=VERTEX_POINT('',#5104);
#1591=VERTEX_POINT('',#5106);
#1592=VERTEX_POINT('',#5109);
#1593=VERTEX_POINT('',#5113);
#1594=VERTEX_POINT('',#5115);
#1595=VERTEX_POINT('',#5118);
#1596=VERTEX_POINT('',#5120);
#1597=VERTEX_POINT('',#5123);
#1598=VERTEX_POINT('',#5125);
#1599=VERTEX_POINT('',#5137);
#1600=VERTEX_POINT('',#5138);
#1601=VERTEX_POINT('',#5140);
#1602=VERTEX_POINT('',#5142);
#1603=VERTEX_POINT('',#5146);
#1604=VERTEX_POINT('',#5148);
#1605=VERTEX_POINT('',#5152);
#1606=VERTEX_POINT('',#5154);
#1607=VERTEX_POINT('',#5158);
#1608=VERTEX_POINT('',#5160);
#1609=VERTEX_POINT('',#5164);
#1610=VERTEX_POINT('',#5166);
#1611=VERTEX_POINT('',#5170);
#1612=VERTEX_POINT('',#5172);
#1613=VERTEX_POINT('',#5176);
#1614=VERTEX_POINT('',#5178);
#1615=VERTEX_POINT('',#5185);
#1616=VERTEX_POINT('',#5186);
#1617=VERTEX_POINT('',#5188);
#1618=VERTEX_POINT('',#5190);
#1619=VERTEX_POINT('',#5192);
#1620=VERTEX_POINT('',#5194);
#1621=VERTEX_POINT('',#5196);
#1622=VERTEX_POINT('',#5198);
#1623=VERTEX_POINT('',#5201);
#1624=VERTEX_POINT('',#5203);
#1625=VERTEX_POINT('',#5205);
#1626=VERTEX_POINT('',#5207);
#1627=VERTEX_POINT('',#5209);
#1628=VERTEX_POINT('',#5211);
#1629=VERTEX_POINT('',#5213);
#1630=VERTEX_POINT('',#5215);
#1631=VERTEX_POINT('',#5217);
#1632=VERTEX_POINT('',#5219);
#1633=VERTEX_POINT('',#5221);
#1634=VERTEX_POINT('',#5223);
#1635=VERTEX_POINT('',#5226);
#1636=VERTEX_POINT('',#5227);
#1637=VERTEX_POINT('',#5229);
#1638=VERTEX_POINT('',#5231);
#1639=VERTEX_POINT('',#5233);
#1640=VERTEX_POINT('',#5235);
#1641=VERTEX_POINT('',#5237);
#1642=VERTEX_POINT('',#5239);
#1643=VERTEX_POINT('',#5243);
#1644=VERTEX_POINT('',#5245);
#1645=VERTEX_POINT('',#5249);
#1646=VERTEX_POINT('',#5251);
#1647=VERTEX_POINT('',#5255);
#1648=VERTEX_POINT('',#5257);
#1649=VERTEX_POINT('',#5261);
#1650=VERTEX_POINT('',#5263);
#1651=VERTEX_POINT('',#5267);
#1652=VERTEX_POINT('',#5269);
#1653=VERTEX_POINT('',#5273);
#1654=VERTEX_POINT('',#5275);
#1655=VERTEX_POINT('',#5279);
#1656=VERTEX_POINT('',#5281);
#1657=VERTEX_POINT('',#5285);
#1658=VERTEX_POINT('',#5287);
#1659=VERTEX_POINT('',#5291);
#1660=VERTEX_POINT('',#5293);
#1661=VERTEX_POINT('',#5297);
#1662=VERTEX_POINT('',#5299);
#1663=VERTEX_POINT('',#5303);
#1664=VERTEX_POINT('',#5305);
#1665=VERTEX_POINT('',#5309);
#1666=VERTEX_POINT('',#5311);
#1667=VERTEX_POINT('',#5327);
#1668=VERTEX_POINT('',#5328);
#1669=VERTEX_POINT('',#5330);
#1670=VERTEX_POINT('',#5332);
#1671=VERTEX_POINT('',#5336);
#1672=VERTEX_POINT('',#5337);
#1673=VERTEX_POINT('',#5342);
#1674=VERTEX_POINT('',#5344);
#1675=VERTEX_POINT('',#5348);
#1676=VERTEX_POINT('',#5349);
#1677=VERTEX_POINT('',#5354);
#1678=VERTEX_POINT('',#5356);
#1679=VERTEX_POINT('',#5360);
#1680=VERTEX_POINT('',#5361);
#1681=VERTEX_POINT('',#5366);
#1682=VERTEX_POINT('',#5368);
#1683=VERTEX_POINT('',#5375);
#1684=VERTEX_POINT('',#5376);
#1685=VERTEX_POINT('',#5378);
#1686=VERTEX_POINT('',#5380);
#1687=VERTEX_POINT('',#5384);
#1688=VERTEX_POINT('',#5385);
#1689=VERTEX_POINT('',#5390);
#1690=VERTEX_POINT('',#5392);
#1691=VERTEX_POINT('',#5396);
#1692=VERTEX_POINT('',#5397);
#1693=VERTEX_POINT('',#5402);
#1694=VERTEX_POINT('',#5404);
#1695=VERTEX_POINT('',#5408);
#1696=VERTEX_POINT('',#5409);
#1697=VERTEX_POINT('',#5414);
#1698=VERTEX_POINT('',#5416);
#1699=VERTEX_POINT('',#5488);
#1700=VERTEX_POINT('',#5489);
#1701=VERTEX_POINT('',#5491);
#1702=VERTEX_POINT('',#5493);
#1703=VERTEX_POINT('',#5497);
#1704=VERTEX_POINT('',#5498);
#1705=VERTEX_POINT('',#5503);
#1706=VERTEX_POINT('',#5504);
#1707=VERTEX_POINT('',#5509);
#1708=VERTEX_POINT('',#5510);
#1709=VERTEX_POINT('',#5515);
#1710=VERTEX_POINT('',#5516);
#1711=VERTEX_POINT('',#5521);
#1712=VERTEX_POINT('',#5522);
#1713=VERTEX_POINT('',#5527);
#1714=VERTEX_POINT('',#5528);
#1715=VERTEX_POINT('',#5536);
#1716=VERTEX_POINT('',#5537);
#1717=VERTEX_POINT('',#5539);
#1718=VERTEX_POINT('',#5541);
#1719=VERTEX_POINT('',#5543);
#1720=VERTEX_POINT('',#5545);
#1721=VERTEX_POINT('',#5547);
#1722=VERTEX_POINT('',#5549);
#1723=VERTEX_POINT('',#5553);
#1724=VERTEX_POINT('',#5554);
#1725=VERTEX_POINT('',#5556);
#1726=VERTEX_POINT('',#5558);
#1727=VERTEX_POINT('',#5560);
#1728=VERTEX_POINT('',#5562);
#1729=VERTEX_POINT('',#5564);
#1730=VERTEX_POINT('',#5566);
#1731=VERTEX_POINT('',#5569);
#1732=VERTEX_POINT('',#5571);
#1733=VERTEX_POINT('',#5573);
#1734=VERTEX_POINT('',#5575);
#1735=VERTEX_POINT('',#5577);
#1736=VERTEX_POINT('',#5579);
#1737=VERTEX_POINT('',#5581);
#1738=VERTEX_POINT('',#5583);
#1739=VERTEX_POINT('',#5585);
#1740=VERTEX_POINT('',#5587);
#1741=VERTEX_POINT('',#5589);
#1742=VERTEX_POINT('',#5591);
#1743=VERTEX_POINT('',#5594);
#1744=VERTEX_POINT('',#5596);
#1745=VERTEX_POINT('',#5599);
#1746=VERTEX_POINT('',#5602);
#1747=VERTEX_POINT('',#5604);
#1748=VERTEX_POINT('',#5607);
#1749=VERTEX_POINT('',#5610);
#1750=VERTEX_POINT('',#5612);
#1751=VERTEX_POINT('',#5615);
#1752=VERTEX_POINT('',#5618);
#1753=VERTEX_POINT('',#5620);
#1754=VERTEX_POINT('',#5623);
#1755=VERTEX_POINT('',#5626);
#1756=VERTEX_POINT('',#5628);
#1757=VERTEX_POINT('',#5631);
#1758=VERTEX_POINT('',#5634);
#1759=VERTEX_POINT('',#5636);
#1760=VERTEX_POINT('',#5639);
#1761=VERTEX_POINT('',#5642);
#1762=VERTEX_POINT('',#5644);
#1763=VERTEX_POINT('',#5647);
#1764=VERTEX_POINT('',#5650);
#1765=VERTEX_POINT('',#5652);
#1766=VERTEX_POINT('',#5655);
#1767=VERTEX_POINT('',#5658);
#1768=VERTEX_POINT('',#5660);
#1769=VERTEX_POINT('',#5663);
#1770=VERTEX_POINT('',#5666);
#1771=VERTEX_POINT('',#5668);
#1772=VERTEX_POINT('',#5671);
#1773=VERTEX_POINT('',#5674);
#1774=VERTEX_POINT('',#5676);
#1775=VERTEX_POINT('',#5679);
#1776=VERTEX_POINT('',#5682);
#1777=VERTEX_POINT('',#5684);
#1778=VERTEX_POINT('',#5687);
#1779=VERTEX_POINT('',#5690);
#1780=VERTEX_POINT('',#5693);
#1781=VERTEX_POINT('',#5696);
#1782=VERTEX_POINT('',#5699);
#1783=VERTEX_POINT('',#5702);
#1784=VERTEX_POINT('',#5705);
#1785=VERTEX_POINT('',#5708);
#1786=VERTEX_POINT('',#5711);
#1787=VERTEX_POINT('',#5714);
#1788=VERTEX_POINT('',#5717);
#1789=VERTEX_POINT('',#5720);
#1790=VERTEX_POINT('',#5723);
#1791=VERTEX_POINT('',#5726);
#1792=VERTEX_POINT('',#5729);
#1793=VERTEX_POINT('',#5732);
#1794=VERTEX_POINT('',#5735);
#1795=VERTEX_POINT('',#5738);
#1796=VERTEX_POINT('',#5741);
#1797=VERTEX_POINT('',#5744);
#1798=VERTEX_POINT('',#5747);
#1799=VERTEX_POINT('',#5750);
#1800=VERTEX_POINT('',#5753);
#1801=VERTEX_POINT('',#5756);
#1802=VERTEX_POINT('',#5759);
#1803=VERTEX_POINT('',#5774);
#1804=VERTEX_POINT('',#5775);
#1805=VERTEX_POINT('',#5777);
#1806=VERTEX_POINT('',#5779);
#1807=VERTEX_POINT('',#5783);
#1808=VERTEX_POINT('',#5784);
#1809=VERTEX_POINT('',#5789);
#1810=VERTEX_POINT('',#5791);
#1811=VERTEX_POINT('',#5795);
#1812=VERTEX_POINT('',#5796);
#1813=VERTEX_POINT('',#5801);
#1814=VERTEX_POINT('',#5803);
#1815=VERTEX_POINT('',#5807);
#1816=VERTEX_POINT('',#5808);
#1817=VERTEX_POINT('',#5813);
#1818=VERTEX_POINT('',#5815);
#1819=VERTEX_POINT('',#5822);
#1820=VERTEX_POINT('',#5823);
#1821=VERTEX_POINT('',#5825);
#1822=VERTEX_POINT('',#5827);
#1823=VERTEX_POINT('',#5831);
#1824=VERTEX_POINT('',#5832);
#1825=VERTEX_POINT('',#5837);
#1826=VERTEX_POINT('',#5839);
#1827=VERTEX_POINT('',#5843);
#1828=VERTEX_POINT('',#5844);
#1829=VERTEX_POINT('',#5849);
#1830=VERTEX_POINT('',#5851);
#1831=VERTEX_POINT('',#5855);
#1832=VERTEX_POINT('',#5856);
#1833=VERTEX_POINT('',#5861);
#1834=VERTEX_POINT('',#5863);
#1835=VERTEX_POINT('',#5947);
#1836=VERTEX_POINT('',#5949);
#1837=VERTEX_POINT('',#5952);
#1838=VERTEX_POINT('',#5954);
#1839=VERTEX_POINT('',#5957);
#1840=VERTEX_POINT('',#5960);
#1841=VERTEX_POINT('',#5962);
#1842=VERTEX_POINT('',#5965);
#1843=VERTEX_POINT('',#5967);
#1844=VERTEX_POINT('',#5970);
#1845=VERTEX_POINT('',#5972);
#1846=VERTEX_POINT('',#5975);
#1847=VERTEX_POINT('',#5978);
#1848=VERTEX_POINT('',#5981);
#1849=VERTEX_POINT('',#5985);
#1850=VERTEX_POINT('',#5987);
#1851=VERTEX_POINT('',#5990);
#1852=VERTEX_POINT('',#5992);
#1853=VERTEX_POINT('',#5995);
#1854=VERTEX_POINT('',#5997);
#1855=CIRCLE('',#3342,0.015);
#1856=CIRCLE('',#3343,0.015);
#1857=CIRCLE('',#3345,0.0130857864376269);
#1858=CIRCLE('',#3346,0.0099642135623731);
#1859=CIRCLE('',#3348,0.0130857864376269);
#1860=CIRCLE('',#3350,0.00805);
#1861=CIRCLE('',#3351,0.00805);
#1862=CIRCLE('',#3353,0.00705);
#1863=CIRCLE('',#3354,0.00655);
#1864=CIRCLE('',#3356,0.00555);
#1865=CIRCLE('',#3357,0.00555);
#1866=CIRCLE('',#3359,0.00455);
#1867=CIRCLE('',#3362,0.00925710678118655);
#1868=CIRCLE('',#3363,0.00834289321881346);
#1869=CIRCLE('',#3365,0.0147071067811865);
#1870=CIRCLE('',#3366,0.0137928932188134);
#1871=CIRCLE('',#3368,0.0137928932188134);
#1872=CIRCLE('',#3369,0.0147071067811865);
#1873=CIRCLE('',#3380,0.01);
#1874=CIRCLE('',#3381,0.01);
#1875=CIRCLE('',#3384,0.01);
#1876=CIRCLE('',#3385,0.01);
#1877=CIRCLE('',#3388,0.01);
#1878=CIRCLE('',#3389,0.01);
#1879=CIRCLE('',#3392,0.01);
#1880=CIRCLE('',#3393,0.01);
#1881=CIRCLE('',#3396,0.0080857864376269);
#1882=CIRCLE('',#3397,0.0080857864376269);
#1883=CIRCLE('',#3398,0.0080857864376269);
#1884=CIRCLE('',#3399,0.0080857864376269);
#1885=CIRCLE('',#3400,0.00655);
#1886=CIRCLE('',#3401,0.00655);
#1887=CIRCLE('',#3402,0.00655);
#1888=CIRCLE('',#3403,0.00655);
#1889=CIRCLE('',#3404,0.00655);
#1890=CIRCLE('',#3405,0.00655);
#1891=CIRCLE('',#3406,0.00655);
#1892=CIRCLE('',#3407,0.00655);
#1893=CIRCLE('',#3408,0.00655);
#1894=CIRCLE('',#3409,0.00655);
#1895=CIRCLE('',#3410,0.00655);
#1896=CIRCLE('',#3411,0.00655);
#1897=CIRCLE('',#3413,0.0080857864376269);
#1898=CIRCLE('',#3414,0.00808578643762691);
#1899=CIRCLE('',#3415,0.0080857864376269);
#1900=CIRCLE('',#3416,0.0080857864376269);
#1901=CIRCLE('',#3418,0.00555);
#1902=CIRCLE('',#3419,0.00555);
#1903=CIRCLE('',#3422,0.00555);
#1904=CIRCLE('',#3423,0.00555);
#1905=CIRCLE('',#3426,0.00555);
#1906=CIRCLE('',#3427,0.00555);
#1907=CIRCLE('',#3430,0.00555);
#1908=CIRCLE('',#3431,0.00555);
#1909=CIRCLE('',#3434,0.00555);
#1910=CIRCLE('',#3435,0.00555);
#1911=CIRCLE('',#3438,0.00555);
#1912=CIRCLE('',#3439,0.00555);
#1913=CIRCLE('',#3442,0.00555);
#1914=CIRCLE('',#3443,0.00555);
#1915=CIRCLE('',#3446,0.00555);
#1916=CIRCLE('',#3447,0.00555);
#1917=CIRCLE('',#3450,0.00555);
#1918=CIRCLE('',#3451,0.00555);
#1919=CIRCLE('',#3454,0.00555);
#1920=CIRCLE('',#3455,0.00555);
#1921=CIRCLE('',#3458,0.00555);
#1922=CIRCLE('',#3459,0.00555);
#1923=CIRCLE('',#3462,0.00555);
#1924=CIRCLE('',#3463,0.00555);
#1925=CIRCLE('',#3478,0.00879289321881345);
#1926=CIRCLE('',#3479,0.00970710678118655);
#1927=CIRCLE('',#3483,0.00879289321881345);
#1928=CIRCLE('',#3484,0.00970710678118656);
#1929=CIRCLE('',#3486,0.00879289321881345);
#1930=CIRCLE('',#3487,0.00970710678118655);
#1931=CIRCLE('',#3491,0.00879289321881345);
#1932=CIRCLE('',#3492,0.00970710678118655);
#1933=CIRCLE('',#3494,0.00970710678118655);
#1934=CIRCLE('',#3495,0.00879289321881345);
#1935=CIRCLE('',#3499,0.00970710678118656);
#1936=CIRCLE('',#3500,0.00879289321881346);
#1937=CIRCLE('',#3502,0.00970710678118655);
#1938=CIRCLE('',#3503,0.00879289321881345);
#1939=CIRCLE('',#3507,0.00970710678118655);
#1940=CIRCLE('',#3508,0.00879289321881345);
#1941=CIRCLE('',#3510,0.001);
#1942=CIRCLE('',#3511,0.001);
#1943=CIRCLE('',#3513,0.001);
#1944=CIRCLE('',#3515,0.001);
#1945=CIRCLE('',#3517,0.001);
#1946=CIRCLE('',#3519,0.001);
#1947=CIRCLE('',#3521,0.001);
#1948=CIRCLE('',#3523,0.001);
#1949=CIRCLE('',#3526,0.001);
#1950=CIRCLE('',#3527,0.001);
#1951=CIRCLE('',#3529,0.001);
#1952=CIRCLE('',#3531,0.001);
#1953=CIRCLE('',#3533,0.001);
#1954=CIRCLE('',#3535,0.001);
#1955=CIRCLE('',#3537,0.001);
#1956=CIRCLE('',#3539,0.001);
#1957=CIRCLE('',#3542,0.001);
#1958=CIRCLE('',#3543,0.001);
#1959=CIRCLE('',#3545,0.001);
#1960=CIRCLE('',#3547,0.001);
#1961=CIRCLE('',#3549,0.001);
#1962=CIRCLE('',#3551,0.001);
#1963=CIRCLE('',#3553,0.001);
#1964=CIRCLE('',#3555,0.001);
#1965=CIRCLE('',#3558,0.001);
#1966=CIRCLE('',#3559,0.001);
#1967=CIRCLE('',#3561,0.001);
#1968=CIRCLE('',#3563,0.001);
#1969=CIRCLE('',#3565,0.001);
#1970=CIRCLE('',#3567,0.001);
#1971=CIRCLE('',#3569,0.001);
#1972=CIRCLE('',#3571,0.001);
#1973=CIRCLE('',#3575,0.01);
#1974=CIRCLE('',#3576,0.01);
#1975=CIRCLE('',#3579,0.01);
#1976=CIRCLE('',#3580,0.01);
#1977=CIRCLE('',#3583,0.01);
#1978=CIRCLE('',#3584,0.01);
#1979=CIRCLE('',#3587,0.01);
#1980=CIRCLE('',#3588,0.01);
#1981=CIRCLE('',#3591,0.00808578643762691);
#1982=CIRCLE('',#3592,0.0080857864376269);
#1983=CIRCLE('',#3593,0.00808578643762691);
#1984=CIRCLE('',#3594,0.0080857864376269);
#1985=CIRCLE('',#3596,0.0080857864376269);
#1986=CIRCLE('',#3597,0.00808578643762691);
#1987=CIRCLE('',#3598,0.0080857864376269);
#1988=CIRCLE('',#3599,0.00808578643762691);
#1989=CIRCLE('',#3600,0.00655);
#1990=CIRCLE('',#3601,0.00655);
#1991=CIRCLE('',#3602,0.00655);
#1992=CIRCLE('',#3603,0.00655);
#1993=CIRCLE('',#3604,0.00655);
#1994=CIRCLE('',#3605,0.00655);
#1995=CIRCLE('',#3606,0.00655);
#1996=CIRCLE('',#3607,0.00655);
#1997=CIRCLE('',#3608,0.00655);
#1998=CIRCLE('',#3609,0.00655);
#1999=CIRCLE('',#3610,0.00655);
#2000=CIRCLE('',#3611,0.00655);
#2001=CIRCLE('',#3613,0.00555);
#2002=CIRCLE('',#3614,0.00555);
#2003=CIRCLE('',#3616,0.00475);
#2004=CIRCLE('',#3618,0.00555);
#2005=CIRCLE('',#3619,0.00555);
#2006=CIRCLE('',#3621,0.00475);
#2007=CIRCLE('',#3623,0.00555);
#2008=CIRCLE('',#3624,0.00555);
#2009=CIRCLE('',#3626,0.00475);
#2010=CIRCLE('',#3628,0.00555);
#2011=CIRCLE('',#3629,0.00555);
#2012=CIRCLE('',#3631,0.00475);
#2013=CIRCLE('',#3633,0.00555);
#2014=CIRCLE('',#3634,0.00555);
#2015=CIRCLE('',#3636,0.00475);
#2016=CIRCLE('',#3638,0.00555);
#2017=CIRCLE('',#3639,0.00555);
#2018=CIRCLE('',#3641,0.00475);
#2019=CIRCLE('',#3643,0.00555);
#2020=CIRCLE('',#3644,0.00555);
#2021=CIRCLE('',#3646,0.00475);
#2022=CIRCLE('',#3648,0.00555);
#2023=CIRCLE('',#3649,0.00555);
#2024=CIRCLE('',#3651,0.00475);
#2025=CIRCLE('',#3653,0.00555);
#2026=CIRCLE('',#3654,0.00555);
#2027=CIRCLE('',#3656,0.00475);
#2028=CIRCLE('',#3658,0.00555);
#2029=CIRCLE('',#3659,0.00555);
#2030=CIRCLE('',#3661,0.00475);
#2031=CIRCLE('',#3663,0.00555);
#2032=CIRCLE('',#3664,0.00555);
#2033=CIRCLE('',#3666,0.00475);
#2034=CIRCLE('',#3668,0.00555);
#2035=CIRCLE('',#3669,0.00555);
#2036=CIRCLE('',#3671,0.00475);
#2037=CIRCLE('',#3673,0.00475);
#2038=CIRCLE('',#3675,0.00375);
#2039=CIRCLE('',#3677,0.00475);
#2040=CIRCLE('',#3679,0.00375);
#2041=CIRCLE('',#3681,0.00475);
#2042=CIRCLE('',#3683,0.00375);
#2043=CIRCLE('',#3685,0.00475);
#2044=CIRCLE('',#3687,0.00375);
#2045=CIRCLE('',#3689,0.00475);
#2046=CIRCLE('',#3691,0.00375);
#2047=CIRCLE('',#3693,0.00475);
#2048=CIRCLE('',#3695,0.00375);
#2049=CIRCLE('',#3697,0.00475);
#2050=CIRCLE('',#3699,0.00375);
#2051=CIRCLE('',#3701,0.00475);
#2052=CIRCLE('',#3703,0.00375);
#2053=CIRCLE('',#3705,0.00475);
#2054=CIRCLE('',#3707,0.00375);
#2055=CIRCLE('',#3709,0.00475);
#2056=CIRCLE('',#3711,0.00375);
#2057=CIRCLE('',#3713,0.00475);
#2058=CIRCLE('',#3715,0.00375);
#2059=CIRCLE('',#3717,0.00475);
#2060=CIRCLE('',#3719,0.00375);
#2061=CIRCLE('',#3733,0.00879289321881345);
#2062=CIRCLE('',#3734,0.00970710678118654);
#2063=CIRCLE('',#3738,0.00879289321881345);
#2064=CIRCLE('',#3739,0.00970710678118655);
#2065=CIRCLE('',#3741,0.00879289321881345);
#2066=CIRCLE('',#3742,0.00970710678118655);
#2067=CIRCLE('',#3746,0.00879289321881345);
#2068=CIRCLE('',#3747,0.00970710678118655);
#2069=CIRCLE('',#3749,0.00970710678118655);
#2070=CIRCLE('',#3750,0.00879289321881345);
#2071=CIRCLE('',#3754,0.00970710678118655);
#2072=CIRCLE('',#3755,0.00879289321881346);
#2073=CIRCLE('',#3757,0.00970710678118656);
#2074=CIRCLE('',#3758,0.00879289321881345);
#2075=CIRCLE('',#3762,0.00970710678118655);
#2076=CIRCLE('',#3763,0.00879289321881345);
#2077=CIRCLE('',#3777,0.001);
#2078=CIRCLE('',#3778,0.001);
#2079=CIRCLE('',#3780,0.001);
#2080=CIRCLE('',#3782,0.001);
#2081=CIRCLE('',#3784,0.001);
#2082=CIRCLE('',#3786,0.001);
#2083=CIRCLE('',#3788,0.001);
#2084=CIRCLE('',#3790,0.001);
#2085=CIRCLE('',#3793,0.001);
#2086=CIRCLE('',#3794,0.001);
#2087=CIRCLE('',#3796,0.001);
#2088=CIRCLE('',#3798,0.001);
#2089=CIRCLE('',#3800,0.001);
#2090=CIRCLE('',#3802,0.001);
#2091=CIRCLE('',#3804,0.001);
#2092=CIRCLE('',#3806,0.001);
#2093=CIRCLE('',#3809,0.001);
#2094=CIRCLE('',#3810,0.001);
#2095=CIRCLE('',#3812,0.001);
#2096=CIRCLE('',#3814,0.001);
#2097=CIRCLE('',#3816,0.001);
#2098=CIRCLE('',#3818,0.001);
#2099=CIRCLE('',#3820,0.001);
#2100=CIRCLE('',#3822,0.001);
#2101=CIRCLE('',#3825,0.001);
#2102=CIRCLE('',#3826,0.001);
#2103=CIRCLE('',#3828,0.001);
#2104=CIRCLE('',#3830,0.001);
#2105=CIRCLE('',#3832,0.001);
#2106=CIRCLE('',#3834,0.001);
#2107=CIRCLE('',#3836,0.001);
#2108=CIRCLE('',#3838,0.001);
#2109=CIRCLE('',#3842,0.015);
#2110=CIRCLE('',#3843,0.015);
#2111=CIRCLE('',#3845,0.00996421356237309);
#2112=CIRCLE('',#3846,0.0130857864376269);
#2113=CIRCLE('',#3848,0.0130857864376269);
#2114=CIRCLE('',#3850,0.00805);
#2115=CIRCLE('',#3851,0.00805);
#2116=CIRCLE('',#3853,0.00705);
#2117=CIRCLE('',#3854,0.00655);
#2118=CIRCLE('',#3856,0.00555);
#2119=CIRCLE('',#3857,0.00555);
#2120=CIRCLE('',#3859,0.00475);
#2121=CIRCLE('',#3861,0.00475);
#2122=CIRCLE('',#3863,0.00375);
#2123=CIRCLE('',#3866,0.00834289321881345);
#2124=CIRCLE('',#3867,0.00925710678118655);
#2125=CIRCLE('',#3869,0.0137928932188134);
#2126=CIRCLE('',#3870,0.0147071067811865);
#2127=CIRCLE('',#3872,0.0147071067811865);
#2128=CIRCLE('',#3873,0.0137928932188134);
#2129=EDGE_LOOP('',(#423));
#2130=EDGE_LOOP('',(#424));
#2131=EDGE_LOOP('',(#425));
#2132=EDGE_LOOP('',(#426));
#2133=EDGE_LOOP('',(#427));
#2134=EDGE_LOOP('',(#428));
#2135=EDGE_LOOP('',(#429));
#2136=EDGE_LOOP('',(#430));
#2137=EDGE_LOOP('',(#431));
#2138=EDGE_LOOP('',(#432));
#2139=EDGE_LOOP('',(#433));
#2140=EDGE_LOOP('',(#434));
#2141=EDGE_LOOP('',(#435));
#2142=EDGE_LOOP('',(#436));
#2143=EDGE_LOOP('',(#437));
#2144=EDGE_LOOP('',(#438));
#2145=EDGE_LOOP('',(#439));
#2146=EDGE_LOOP('',(#440));
#2147=EDGE_LOOP('',(#441));
#2148=EDGE_LOOP('',(#442));
#2149=EDGE_LOOP('',(#443));
#2150=EDGE_LOOP('',(#444));
#2151=EDGE_LOOP('',(#445));
#2152=EDGE_LOOP('',(#446));
#2153=EDGE_LOOP('',(#447));
#2154=EDGE_LOOP('',(#448));
#2155=EDGE_LOOP('',(#449));
#2156=EDGE_LOOP('',(#450));
#2157=EDGE_LOOP('',(#451));
#2158=EDGE_LOOP('',(#452));
#2159=EDGE_LOOP('',(#453));
#2160=EDGE_LOOP('',(#454));
#2161=EDGE_LOOP('',(#455));
#2162=EDGE_LOOP('',(#456));
#2163=EDGE_LOOP('',(#457));
#2164=EDGE_LOOP('',(#458));
#2165=EDGE_LOOP('',(#459,#460,#461,#462));
#2166=EDGE_LOOP('',(#463,#464,#465,#466));
#2167=EDGE_LOOP('',(#467,#468,#469,#470));
#2168=EDGE_LOOP('',(#471,#472,#473,#474));
#2169=EDGE_LOOP('',(#475,#476,#477,#478));
#2170=EDGE_LOOP('',(#479,#480,#481,#482));
#2171=EDGE_LOOP('',(#483,#484,#485,#486));
#2172=EDGE_LOOP('',(#487,#488,#489,#490));
#2173=EDGE_LOOP('',(#491,#492,#493,#494,#495,#496,#497,#498));
#2174=EDGE_LOOP('',(#499));
#2175=EDGE_LOOP('',(#500));
#2176=EDGE_LOOP('',(#501));
#2177=EDGE_LOOP('',(#502));
#2178=EDGE_LOOP('',(#503));
#2179=EDGE_LOOP('',(#504));
#2180=EDGE_LOOP('',(#505));
#2181=EDGE_LOOP('',(#506));
#2182=EDGE_LOOP('',(#507));
#2183=EDGE_LOOP('',(#508));
#2184=EDGE_LOOP('',(#509));
#2185=EDGE_LOOP('',(#510));
#2186=EDGE_LOOP('',(#511,#512,#513,#514,#515,#516,#517,#518));
#2187=EDGE_LOOP('',(#519));
#2188=EDGE_LOOP('',(#520));
#2189=EDGE_LOOP('',(#521));
#2190=EDGE_LOOP('',(#522));
#2191=EDGE_LOOP('',(#523));
#2192=EDGE_LOOP('',(#524));
#2193=EDGE_LOOP('',(#525));
#2194=EDGE_LOOP('',(#526));
#2195=EDGE_LOOP('',(#527));
#2196=EDGE_LOOP('',(#528));
#2197=EDGE_LOOP('',(#529));
#2198=EDGE_LOOP('',(#530));
#2199=EDGE_LOOP('',(#531));
#2200=EDGE_LOOP('',(#532));
#2201=EDGE_LOOP('',(#533));
#2202=EDGE_LOOP('',(#534));
#2203=EDGE_LOOP('',(#535));
#2204=EDGE_LOOP('',(#536));
#2205=EDGE_LOOP('',(#537));
#2206=EDGE_LOOP('',(#538));
#2207=EDGE_LOOP('',(#539));
#2208=EDGE_LOOP('',(#540));
#2209=EDGE_LOOP('',(#541));
#2210=EDGE_LOOP('',(#542));
#2211=EDGE_LOOP('',(#543));
#2212=EDGE_LOOP('',(#544));
#2213=EDGE_LOOP('',(#545));
#2214=EDGE_LOOP('',(#546));
#2215=EDGE_LOOP('',(#547));
#2216=EDGE_LOOP('',(#548));
#2217=EDGE_LOOP('',(#549));
#2218=EDGE_LOOP('',(#550));
#2219=EDGE_LOOP('',(#551));
#2220=EDGE_LOOP('',(#552));
#2221=EDGE_LOOP('',(#553));
#2222=EDGE_LOOP('',(#554));
#2223=EDGE_LOOP('',(#555));
#2224=EDGE_LOOP('',(#556));
#2225=EDGE_LOOP('',(#557));
#2226=EDGE_LOOP('',(#558));
#2227=EDGE_LOOP('',(#559));
#2228=EDGE_LOOP('',(#560));
#2229=EDGE_LOOP('',(#561));
#2230=EDGE_LOOP('',(#562));
#2231=EDGE_LOOP('',(#563));
#2232=EDGE_LOOP('',(#564));
#2233=EDGE_LOOP('',(#565));
#2234=EDGE_LOOP('',(#566));
#2235=EDGE_LOOP('',(#567));
#2236=EDGE_LOOP('',(#568));
#2237=EDGE_LOOP('',(#569));
#2238=EDGE_LOOP('',(#570));
#2239=EDGE_LOOP('',(#571));
#2240=EDGE_LOOP('',(#572));
#2241=EDGE_LOOP('',(#573));
#2242=EDGE_LOOP('',(#574));
#2243=EDGE_LOOP('',(#575));
#2244=EDGE_LOOP('',(#576));
#2245=EDGE_LOOP('',(#577));
#2246=EDGE_LOOP('',(#578));
#2247=EDGE_LOOP('',(#579,#580,#581,#582));
#2248=EDGE_LOOP('',(#583,#584,#585,#586));
#2249=EDGE_LOOP('',(#587,#588,#589,#590));
#2250=EDGE_LOOP('',(#591,#592,#593,#594));
#2251=EDGE_LOOP('',(#595,#596,#597,#598));
#2252=EDGE_LOOP('',(#599,#600,#601,#602));
#2253=EDGE_LOOP('',(#603,#604,#605,#606));
#2254=EDGE_LOOP('',(#607,#608,#609,#610));
#2255=EDGE_LOOP('',(#611,#612,#613,#614));
#2256=EDGE_LOOP('',(#615,#616,#617,#618));
#2257=EDGE_LOOP('',(#619,#620,#621,#622));
#2258=EDGE_LOOP('',(#623,#624,#625,#626));
#2259=EDGE_LOOP('',(#627,#628,#629,#630));
#2260=EDGE_LOOP('',(#631,#632,#633,#634));
#2261=EDGE_LOOP('',(#635,#636,#637,#638));
#2262=EDGE_LOOP('',(#639,#640,#641,#642));
#2263=EDGE_LOOP('',(#643,#644,#645,#646));
#2264=EDGE_LOOP('',(#647,#648,#649,#650));
#2265=EDGE_LOOP('',(#651,#652,#653,#654));
#2266=EDGE_LOOP('',(#655,#656,#657,#658));
#2267=EDGE_LOOP('',(#659,#660,#661,#662));
#2268=EDGE_LOOP('',(#663,#664,#665,#666));
#2269=EDGE_LOOP('',(#667,#668,#669,#670));
#2270=EDGE_LOOP('',(#671,#672,#673,#674));
#2271=EDGE_LOOP('',(#675,#676,#677,#678));
#2272=EDGE_LOOP('',(#679,#680,#681,#682));
#2273=EDGE_LOOP('',(#683,#684,#685,#686));
#2274=EDGE_LOOP('',(#687,#688,#689,#690));
#2275=EDGE_LOOP('',(#691,#692,#693,#694));
#2276=EDGE_LOOP('',(#695,#696,#697,#698));
#2277=EDGE_LOOP('',(#699,#700,#701,#702));
#2278=EDGE_LOOP('',(#703,#704,#705,#706));
#2279=EDGE_LOOP('',(#707,#708,#709,#710));
#2280=EDGE_LOOP('',(#711,#712,#713,#714));
#2281=EDGE_LOOP('',(#715,#716,#717,#718));
#2282=EDGE_LOOP('',(#719,#720,#721,#722));
#2283=EDGE_LOOP('',(#723,#724,#725,#726));
#2284=EDGE_LOOP('',(#727,#728,#729,#730));
#2285=EDGE_LOOP('',(#731,#732,#733,#734));
#2286=EDGE_LOOP('',(#735,#736,#737,#738));
#2287=EDGE_LOOP('',(#739,#740,#741,#742));
#2288=EDGE_LOOP('',(#743,#744,#745,#746));
#2289=EDGE_LOOP('',(#747,#748,#749,#750));
#2290=EDGE_LOOP('',(#751,#752,#753,#754));
#2291=EDGE_LOOP('',(#755,#756,#757,#758));
#2292=EDGE_LOOP('',(#759,#760,#761,#762));
#2293=EDGE_LOOP('',(#763,#764,#765,#766));
#2294=EDGE_LOOP('',(#767,#768,#769,#770));
#2295=EDGE_LOOP('',(#771,#772,#773,#774));
#2296=EDGE_LOOP('',(#775,#776,#777,#778));
#2297=EDGE_LOOP('',(#779,#780,#781,#782));
#2298=EDGE_LOOP('',(#783,#784,#785,#786));
#2299=EDGE_LOOP('',(#787,#788,#789,#790));
#2300=EDGE_LOOP('',(#791,#792,#793,#794));
#2301=EDGE_LOOP('',(#795,#796,#797,#798));
#2302=EDGE_LOOP('',(#799,#800,#801,#802));
#2303=EDGE_LOOP('',(#803,#804,#805,#806,#807,#808,#809,#810));
#2304=EDGE_LOOP('',(#811,#812,#813,#814,#815,#816,#817,#818));
#2305=EDGE_LOOP('',(#819));
#2306=EDGE_LOOP('',(#820));
#2307=EDGE_LOOP('',(#821));
#2308=EDGE_LOOP('',(#822));
#2309=EDGE_LOOP('',(#823));
#2310=EDGE_LOOP('',(#824));
#2311=EDGE_LOOP('',(#825));
#2312=EDGE_LOOP('',(#826));
#2313=EDGE_LOOP('',(#827));
#2314=EDGE_LOOP('',(#828));
#2315=EDGE_LOOP('',(#829));
#2316=EDGE_LOOP('',(#830));
#2317=EDGE_LOOP('',(#831));
#2318=EDGE_LOOP('',(#832));
#2319=EDGE_LOOP('',(#833));
#2320=EDGE_LOOP('',(#834));
#2321=EDGE_LOOP('',(#835));
#2322=EDGE_LOOP('',(#836));
#2323=EDGE_LOOP('',(#837));
#2324=EDGE_LOOP('',(#838));
#2325=EDGE_LOOP('',(#839));
#2326=EDGE_LOOP('',(#840));
#2327=EDGE_LOOP('',(#841));
#2328=EDGE_LOOP('',(#842));
#2329=EDGE_LOOP('',(#843));
#2330=EDGE_LOOP('',(#844));
#2331=EDGE_LOOP('',(#845));
#2332=EDGE_LOOP('',(#846));
#2333=EDGE_LOOP('',(#847));
#2334=EDGE_LOOP('',(#848));
#2335=EDGE_LOOP('',(#849));
#2336=EDGE_LOOP('',(#850));
#2337=EDGE_LOOP('',(#851));
#2338=EDGE_LOOP('',(#852));
#2339=EDGE_LOOP('',(#853));
#2340=EDGE_LOOP('',(#854));
#2341=EDGE_LOOP('',(#855));
#2342=EDGE_LOOP('',(#856));
#2343=EDGE_LOOP('',(#857));
#2344=EDGE_LOOP('',(#858));
#2345=EDGE_LOOP('',(#859));
#2346=EDGE_LOOP('',(#860));
#2347=EDGE_LOOP('',(#861));
#2348=EDGE_LOOP('',(#862));
#2349=EDGE_LOOP('',(#863));
#2350=EDGE_LOOP('',(#864));
#2351=EDGE_LOOP('',(#865));
#2352=EDGE_LOOP('',(#866));
#2353=EDGE_LOOP('',(#867));
#2354=EDGE_LOOP('',(#868));
#2355=EDGE_LOOP('',(#869));
#2356=EDGE_LOOP('',(#870));
#2357=EDGE_LOOP('',(#871));
#2358=EDGE_LOOP('',(#872));
#2359=EDGE_LOOP('',(#873));
#2360=EDGE_LOOP('',(#874));
#2361=EDGE_LOOP('',(#875));
#2362=EDGE_LOOP('',(#876));
#2363=EDGE_LOOP('',(#877));
#2364=EDGE_LOOP('',(#878));
#2365=EDGE_LOOP('',(#879));
#2366=EDGE_LOOP('',(#880));
#2367=EDGE_LOOP('',(#881));
#2368=EDGE_LOOP('',(#882));
#2369=EDGE_LOOP('',(#883));
#2370=EDGE_LOOP('',(#884));
#2371=EDGE_LOOP('',(#885));
#2372=EDGE_LOOP('',(#886));
#2373=EDGE_LOOP('',(#887));
#2374=EDGE_LOOP('',(#888));
#2375=EDGE_LOOP('',(#889));
#2376=EDGE_LOOP('',(#890));
#2377=EDGE_LOOP('',(#891));
#2378=EDGE_LOOP('',(#892));
#2379=EDGE_LOOP('',(#893));
#2380=EDGE_LOOP('',(#894));
#2381=EDGE_LOOP('',(#895));
#2382=EDGE_LOOP('',(#896));
#2383=EDGE_LOOP('',(#897));
#2384=EDGE_LOOP('',(#898));
#2385=EDGE_LOOP('',(#899));
#2386=EDGE_LOOP('',(#900));
#2387=EDGE_LOOP('',(#901));
#2388=EDGE_LOOP('',(#902));
#2389=EDGE_LOOP('',(#903));
#2390=EDGE_LOOP('',(#904));
#2391=EDGE_LOOP('',(#905));
#2392=EDGE_LOOP('',(#906));
#2393=EDGE_LOOP('',(#907));
#2394=EDGE_LOOP('',(#908));
#2395=EDGE_LOOP('',(#909));
#2396=EDGE_LOOP('',(#910));
#2397=EDGE_LOOP('',(#911));
#2398=EDGE_LOOP('',(#912));
#2399=EDGE_LOOP('',(#913));
#2400=EDGE_LOOP('',(#914));
#2401=EDGE_LOOP('',(#915));
#2402=EDGE_LOOP('',(#916));
#2403=EDGE_LOOP('',(#917));
#2404=EDGE_LOOP('',(#918));
#2405=EDGE_LOOP('',(#919));
#2406=EDGE_LOOP('',(#920));
#2407=EDGE_LOOP('',(#921));
#2408=EDGE_LOOP('',(#922));
#2409=EDGE_LOOP('',(#923));
#2410=EDGE_LOOP('',(#924));
#2411=EDGE_LOOP('',(#925));
#2412=EDGE_LOOP('',(#926));
#2413=EDGE_LOOP('',(#927));
#2414=EDGE_LOOP('',(#928));
#2415=EDGE_LOOP('',(#929));
#2416=EDGE_LOOP('',(#930));
#2417=EDGE_LOOP('',(#931));
#2418=EDGE_LOOP('',(#932));
#2419=EDGE_LOOP('',(#933));
#2420=EDGE_LOOP('',(#934));
#2421=EDGE_LOOP('',(#935));
#2422=EDGE_LOOP('',(#936));
#2423=EDGE_LOOP('',(#937));
#2424=EDGE_LOOP('',(#938));
#2425=EDGE_LOOP('',(#939,#940,#941,#942));
#2426=EDGE_LOOP('',(#943,#944,#945,#946));
#2427=EDGE_LOOP('',(#947,#948,#949,#950));
#2428=EDGE_LOOP('',(#951,#952,#953,#954));
#2429=EDGE_LOOP('',(#955,#956,#957,#958));
#2430=EDGE_LOOP('',(#959,#960,#961,#962));
#2431=EDGE_LOOP('',(#963,#964,#965,#966));
#2432=EDGE_LOOP('',(#967,#968,#969,#970));
#2433=EDGE_LOOP('',(#971,#972,#973,#974));
#2434=EDGE_LOOP('',(#975,#976,#977,#978));
#2435=EDGE_LOOP('',(#979,#980,#981,#982));
#2436=EDGE_LOOP('',(#983,#984,#985,#986));
#2437=EDGE_LOOP('',(#987,#988,#989,#990));
#2438=EDGE_LOOP('',(#991,#992,#993,#994));
#2439=EDGE_LOOP('',(#995,#996,#997,#998));
#2440=EDGE_LOOP('',(#999,#1000,#1001,#1002));
#2441=EDGE_LOOP('',(#1003));
#2442=EDGE_LOOP('',(#1004));
#2443=EDGE_LOOP('',(#1005));
#2444=EDGE_LOOP('',(#1006));
#2445=EDGE_LOOP('',(#1007));
#2446=EDGE_LOOP('',(#1008));
#2447=EDGE_LOOP('',(#1009));
#2448=EDGE_LOOP('',(#1010));
#2449=EDGE_LOOP('',(#1011));
#2450=EDGE_LOOP('',(#1012));
#2451=EDGE_LOOP('',(#1013));
#2452=EDGE_LOOP('',(#1014));
#2453=EDGE_LOOP('',(#1015));
#2454=EDGE_LOOP('',(#1016));
#2455=EDGE_LOOP('',(#1017));
#2456=EDGE_LOOP('',(#1018));
#2457=EDGE_LOOP('',(#1019));
#2458=EDGE_LOOP('',(#1020));
#2459=EDGE_LOOP('',(#1021));
#2460=EDGE_LOOP('',(#1022));
#2461=EDGE_LOOP('',(#1023));
#2462=EDGE_LOOP('',(#1024));
#2463=EDGE_LOOP('',(#1025));
#2464=EDGE_LOOP('',(#1026));
#2465=EDGE_LOOP('',(#1027,#1028,#1029,#1030));
#2466=EDGE_LOOP('',(#1031,#1032,#1033,#1034));
#2467=EDGE_LOOP('',(#1035,#1036,#1037,#1038));
#2468=EDGE_LOOP('',(#1039,#1040,#1041,#1042));
#2469=EDGE_LOOP('',(#1043,#1044,#1045,#1046));
#2470=EDGE_LOOP('',(#1047,#1048,#1049,#1050));
#2471=EDGE_LOOP('',(#1051,#1052,#1053,#1054));
#2472=EDGE_LOOP('',(#1055,#1056,#1057,#1058));
#2473=EDGE_LOOP('',(#1059,#1060,#1061,#1062));
#2474=EDGE_LOOP('',(#1063,#1064,#1065,#1066));
#2475=EDGE_LOOP('',(#1067,#1068,#1069,#1070));
#2476=EDGE_LOOP('',(#1071,#1072,#1073,#1074));
#2477=EDGE_LOOP('',(#1075,#1076,#1077,#1078));
#2478=EDGE_LOOP('',(#1079,#1080,#1081,#1082));
#2479=EDGE_LOOP('',(#1083,#1084,#1085,#1086));
#2480=EDGE_LOOP('',(#1087,#1088,#1089,#1090));
#2481=EDGE_LOOP('',(#1091,#1092,#1093,#1094));
#2482=EDGE_LOOP('',(#1095,#1096,#1097,#1098));
#2483=EDGE_LOOP('',(#1099,#1100,#1101,#1102));
#2484=EDGE_LOOP('',(#1103,#1104,#1105,#1106));
#2485=EDGE_LOOP('',(#1107,#1108,#1109,#1110));
#2486=EDGE_LOOP('',(#1111,#1112,#1113,#1114));
#2487=EDGE_LOOP('',(#1115,#1116,#1117,#1118));
#2488=EDGE_LOOP('',(#1119,#1120,#1121,#1122));
#2489=EDGE_LOOP('',(#1123,#1124,#1125,#1126));
#2490=EDGE_LOOP('',(#1127,#1128,#1129,#1130));
#2491=EDGE_LOOP('',(#1131,#1132,#1133,#1134));
#2492=EDGE_LOOP('',(#1135,#1136,#1137,#1138));
#2493=EDGE_LOOP('',(#1139,#1140,#1141,#1142));
#2494=EDGE_LOOP('',(#1143,#1144,#1145,#1146));
#2495=EDGE_LOOP('',(#1147,#1148,#1149,#1150));
#2496=EDGE_LOOP('',(#1151,#1152,#1153,#1154));
#2497=EDGE_LOOP('',(#1155));
#2498=EDGE_LOOP('',(#1156));
#2499=EDGE_LOOP('',(#1157));
#2500=EDGE_LOOP('',(#1158));
#2501=EDGE_LOOP('',(#1159));
#2502=EDGE_LOOP('',(#1160));
#2503=EDGE_LOOP('',(#1161));
#2504=EDGE_LOOP('',(#1162));
#2505=EDGE_LOOP('',(#1163));
#2506=EDGE_LOOP('',(#1164));
#2507=EDGE_LOOP('',(#1165));
#2508=EDGE_LOOP('',(#1166));
#2509=EDGE_LOOP('',(#1167));
#2510=EDGE_LOOP('',(#1168));
#2511=EDGE_LOOP('',(#1169));
#2512=EDGE_LOOP('',(#1170));
#2513=EDGE_LOOP('',(#1171));
#2514=EDGE_LOOP('',(#1172));
#2515=EDGE_LOOP('',(#1173));
#2516=EDGE_LOOP('',(#1174));
#2517=EDGE_LOOP('',(#1175));
#2518=EDGE_LOOP('',(#1176));
#2519=EDGE_LOOP('',(#1177));
#2520=EDGE_LOOP('',(#1178));
#2521=EDGE_LOOP('',(#1179));
#2522=EDGE_LOOP('',(#1180));
#2523=EDGE_LOOP('',(#1181));
#2524=EDGE_LOOP('',(#1182));
#2525=EDGE_LOOP('',(#1183));
#2526=EDGE_LOOP('',(#1184));
#2527=EDGE_LOOP('',(#1185));
#2528=EDGE_LOOP('',(#1186));
#2529=EDGE_LOOP('',(#1187));
#2530=EDGE_LOOP('',(#1188));
#2531=EDGE_LOOP('',(#1189));
#2532=EDGE_LOOP('',(#1190));
#2533=EDGE_LOOP('',(#1191));
#2534=EDGE_LOOP('',(#1192));
#2535=EDGE_LOOP('',(#1193));
#2536=EDGE_LOOP('',(#1194));
#2537=FACE_BOUND('',#2129,.T.);
#2538=FACE_BOUND('',#2130,.T.);
#2539=FACE_BOUND('',#2131,.T.);
#2540=FACE_BOUND('',#2132,.T.);
#2541=FACE_BOUND('',#2133,.T.);
#2542=FACE_BOUND('',#2134,.T.);
#2543=FACE_BOUND('',#2135,.T.);
#2544=FACE_BOUND('',#2136,.T.);
#2545=FACE_BOUND('',#2137,.T.);
#2546=FACE_BOUND('',#2138,.T.);
#2547=FACE_BOUND('',#2139,.T.);
#2548=FACE_BOUND('',#2140,.T.);
#2549=FACE_BOUND('',#2141,.T.);
#2550=FACE_BOUND('',#2142,.T.);
#2551=FACE_BOUND('',#2143,.T.);
#2552=FACE_BOUND('',#2144,.T.);
#2553=FACE_BOUND('',#2145,.T.);
#2554=FACE_BOUND('',#2146,.T.);
#2555=FACE_BOUND('',#2147,.T.);
#2556=FACE_BOUND('',#2148,.T.);
#2557=FACE_BOUND('',#2149,.T.);
#2558=FACE_BOUND('',#2150,.T.);
#2559=FACE_BOUND('',#2151,.T.);
#2560=FACE_BOUND('',#2152,.T.);
#2561=FACE_BOUND('',#2153,.T.);
#2562=FACE_BOUND('',#2154,.T.);
#2563=FACE_BOUND('',#2155,.T.);
#2564=FACE_BOUND('',#2156,.T.);
#2565=FACE_BOUND('',#2157,.T.);
#2566=FACE_BOUND('',#2158,.T.);
#2567=FACE_BOUND('',#2159,.T.);
#2568=FACE_BOUND('',#2160,.T.);
#2569=FACE_BOUND('',#2161,.T.);
#2570=FACE_BOUND('',#2162,.T.);
#2571=FACE_BOUND('',#2163,.T.);
#2572=FACE_BOUND('',#2164,.T.);
#2573=FACE_BOUND('',#2165,.T.);
#2574=FACE_BOUND('',#2166,.T.);
#2575=FACE_BOUND('',#2167,.T.);
#2576=FACE_BOUND('',#2168,.T.);
#2577=FACE_BOUND('',#2169,.T.);
#2578=FACE_BOUND('',#2170,.T.);
#2579=FACE_BOUND('',#2171,.T.);
#2580=FACE_BOUND('',#2172,.T.);
#2581=FACE_BOUND('',#2173,.T.);
#2582=FACE_BOUND('',#2174,.T.);
#2583=FACE_BOUND('',#2175,.T.);
#2584=FACE_BOUND('',#2176,.T.);
#2585=FACE_BOUND('',#2177,.T.);
#2586=FACE_BOUND('',#2178,.T.);
#2587=FACE_BOUND('',#2179,.T.);
#2588=FACE_BOUND('',#2180,.T.);
#2589=FACE_BOUND('',#2181,.T.);
#2590=FACE_BOUND('',#2182,.T.);
#2591=FACE_BOUND('',#2183,.T.);
#2592=FACE_BOUND('',#2184,.T.);
#2593=FACE_BOUND('',#2185,.T.);
#2594=FACE_BOUND('',#2186,.T.);
#2595=FACE_BOUND('',#2187,.T.);
#2596=FACE_BOUND('',#2188,.T.);
#2597=FACE_BOUND('',#2189,.T.);
#2598=FACE_BOUND('',#2190,.T.);
#2599=FACE_BOUND('',#2191,.T.);
#2600=FACE_BOUND('',#2192,.T.);
#2601=FACE_BOUND('',#2193,.T.);
#2602=FACE_BOUND('',#2194,.T.);
#2603=FACE_BOUND('',#2195,.T.);
#2604=FACE_BOUND('',#2196,.T.);
#2605=FACE_BOUND('',#2197,.T.);
#2606=FACE_BOUND('',#2198,.T.);
#2607=FACE_BOUND('',#2199,.T.);
#2608=FACE_BOUND('',#2200,.T.);
#2609=FACE_BOUND('',#2201,.T.);
#2610=FACE_BOUND('',#2202,.T.);
#2611=FACE_BOUND('',#2203,.T.);
#2612=FACE_BOUND('',#2204,.T.);
#2613=FACE_BOUND('',#2205,.T.);
#2614=FACE_BOUND('',#2206,.T.);
#2615=FACE_BOUND('',#2207,.T.);
#2616=FACE_BOUND('',#2208,.T.);
#2617=FACE_BOUND('',#2209,.T.);
#2618=FACE_BOUND('',#2210,.T.);
#2619=FACE_BOUND('',#2211,.T.);
#2620=FACE_BOUND('',#2212,.T.);
#2621=FACE_BOUND('',#2213,.T.);
#2622=FACE_BOUND('',#2214,.T.);
#2623=FACE_BOUND('',#2215,.T.);
#2624=FACE_BOUND('',#2216,.T.);
#2625=FACE_BOUND('',#2217,.T.);
#2626=FACE_BOUND('',#2218,.T.);
#2627=FACE_BOUND('',#2219,.T.);
#2628=FACE_BOUND('',#2220,.T.);
#2629=FACE_BOUND('',#2221,.T.);
#2630=FACE_BOUND('',#2222,.T.);
#2631=FACE_BOUND('',#2223,.T.);
#2632=FACE_BOUND('',#2224,.T.);
#2633=FACE_BOUND('',#2225,.T.);
#2634=FACE_BOUND('',#2226,.T.);
#2635=FACE_BOUND('',#2227,.T.);
#2636=FACE_BOUND('',#2228,.T.);
#2637=FACE_BOUND('',#2229,.T.);
#2638=FACE_BOUND('',#2230,.T.);
#2639=FACE_BOUND('',#2231,.T.);
#2640=FACE_BOUND('',#2232,.T.);
#2641=FACE_BOUND('',#2233,.T.);
#2642=FACE_BOUND('',#2234,.T.);
#2643=FACE_BOUND('',#2235,.T.);
#2644=FACE_BOUND('',#2236,.T.);
#2645=FACE_BOUND('',#2237,.T.);
#2646=FACE_BOUND('',#2238,.T.);
#2647=FACE_BOUND('',#2239,.T.);
#2648=FACE_BOUND('',#2240,.T.);
#2649=FACE_BOUND('',#2241,.T.);
#2650=FACE_BOUND('',#2242,.T.);
#2651=FACE_BOUND('',#2243,.T.);
#2652=FACE_BOUND('',#2244,.T.);
#2653=FACE_BOUND('',#2245,.T.);
#2654=FACE_BOUND('',#2246,.T.);
#2655=FACE_BOUND('',#2247,.T.);
#2656=FACE_BOUND('',#2248,.T.);
#2657=FACE_BOUND('',#2249,.T.);
#2658=FACE_BOUND('',#2250,.T.);
#2659=FACE_BOUND('',#2251,.T.);
#2660=FACE_BOUND('',#2252,.T.);
#2661=FACE_BOUND('',#2253,.T.);
#2662=FACE_BOUND('',#2254,.T.);
#2663=FACE_BOUND('',#2255,.T.);
#2664=FACE_BOUND('',#2256,.T.);
#2665=FACE_BOUND('',#2257,.T.);
#2666=FACE_BOUND('',#2258,.T.);
#2667=FACE_BOUND('',#2259,.T.);
#2668=FACE_BOUND('',#2260,.T.);
#2669=FACE_BOUND('',#2261,.T.);
#2670=FACE_BOUND('',#2262,.T.);
#2671=FACE_BOUND('',#2263,.T.);
#2672=FACE_BOUND('',#2264,.T.);
#2673=FACE_BOUND('',#2265,.T.);
#2674=FACE_BOUND('',#2266,.T.);
#2675=FACE_BOUND('',#2267,.T.);
#2676=FACE_BOUND('',#2268,.T.);
#2677=FACE_BOUND('',#2269,.T.);
#2678=FACE_BOUND('',#2270,.T.);
#2679=FACE_BOUND('',#2271,.T.);
#2680=FACE_BOUND('',#2272,.T.);
#2681=FACE_BOUND('',#2273,.T.);
#2682=FACE_BOUND('',#2274,.T.);
#2683=FACE_BOUND('',#2275,.T.);
#2684=FACE_BOUND('',#2276,.T.);
#2685=FACE_BOUND('',#2277,.T.);
#2686=FACE_BOUND('',#2278,.T.);
#2687=FACE_BOUND('',#2279,.T.);
#2688=FACE_BOUND('',#2280,.T.);
#2689=FACE_BOUND('',#2281,.T.);
#2690=FACE_BOUND('',#2282,.T.);
#2691=FACE_BOUND('',#2283,.T.);
#2692=FACE_BOUND('',#2284,.T.);
#2693=FACE_BOUND('',#2285,.T.);
#2694=FACE_BOUND('',#2286,.T.);
#2695=FACE_BOUND('',#2287,.T.);
#2696=FACE_BOUND('',#2288,.T.);
#2697=FACE_BOUND('',#2289,.T.);
#2698=FACE_BOUND('',#2290,.T.);
#2699=FACE_BOUND('',#2291,.T.);
#2700=FACE_BOUND('',#2292,.T.);
#2701=FACE_BOUND('',#2293,.T.);
#2702=FACE_BOUND('',#2294,.T.);
#2703=FACE_BOUND('',#2295,.T.);
#2704=FACE_BOUND('',#2296,.T.);
#2705=FACE_BOUND('',#2297,.T.);
#2706=FACE_BOUND('',#2298,.T.);
#2707=FACE_BOUND('',#2299,.T.);
#2708=FACE_BOUND('',#2300,.T.);
#2709=FACE_BOUND('',#2301,.T.);
#2710=FACE_BOUND('',#2302,.T.);
#2711=FACE_BOUND('',#2303,.T.);
#2712=FACE_BOUND('',#2304,.T.);
#2713=FACE_BOUND('',#2305,.T.);
#2714=FACE_BOUND('',#2306,.T.);
#2715=FACE_BOUND('',#2307,.T.);
#2716=FACE_BOUND('',#2308,.T.);
#2717=FACE_BOUND('',#2309,.T.);
#2718=FACE_BOUND('',#2310,.T.);
#2719=FACE_BOUND('',#2311,.T.);
#2720=FACE_BOUND('',#2312,.T.);
#2721=FACE_BOUND('',#2313,.T.);
#2722=FACE_BOUND('',#2314,.T.);
#2723=FACE_BOUND('',#2315,.T.);
#2724=FACE_BOUND('',#2316,.T.);
#2725=FACE_BOUND('',#2317,.T.);
#2726=FACE_BOUND('',#2318,.T.);
#2727=FACE_BOUND('',#2319,.T.);
#2728=FACE_BOUND('',#2320,.T.);
#2729=FACE_BOUND('',#2321,.T.);
#2730=FACE_BOUND('',#2322,.T.);
#2731=FACE_BOUND('',#2323,.T.);
#2732=FACE_BOUND('',#2324,.T.);
#2733=FACE_BOUND('',#2325,.T.);
#2734=FACE_BOUND('',#2326,.T.);
#2735=FACE_BOUND('',#2327,.T.);
#2736=FACE_BOUND('',#2328,.T.);
#2737=FACE_BOUND('',#2329,.T.);
#2738=FACE_BOUND('',#2330,.T.);
#2739=FACE_BOUND('',#2331,.T.);
#2740=FACE_BOUND('',#2332,.T.);
#2741=FACE_BOUND('',#2333,.T.);
#2742=FACE_BOUND('',#2334,.T.);
#2743=FACE_BOUND('',#2335,.T.);
#2744=FACE_BOUND('',#2336,.T.);
#2745=FACE_BOUND('',#2337,.T.);
#2746=FACE_BOUND('',#2338,.T.);
#2747=FACE_BOUND('',#2339,.T.);
#2748=FACE_BOUND('',#2340,.T.);
#2749=FACE_BOUND('',#2341,.T.);
#2750=FACE_BOUND('',#2342,.T.);
#2751=FACE_BOUND('',#2343,.T.);
#2752=FACE_BOUND('',#2344,.T.);
#2753=FACE_BOUND('',#2345,.T.);
#2754=FACE_BOUND('',#2346,.T.);
#2755=FACE_BOUND('',#2347,.T.);
#2756=FACE_BOUND('',#2348,.T.);
#2757=FACE_BOUND('',#2349,.T.);
#2758=FACE_BOUND('',#2350,.T.);
#2759=FACE_BOUND('',#2351,.T.);
#2760=FACE_BOUND('',#2352,.T.);
#2761=FACE_BOUND('',#2353,.T.);
#2762=FACE_BOUND('',#2354,.T.);
#2763=FACE_BOUND('',#2355,.T.);
#2764=FACE_BOUND('',#2356,.T.);
#2765=FACE_BOUND('',#2357,.T.);
#2766=FACE_BOUND('',#2358,.T.);
#2767=FACE_BOUND('',#2359,.T.);
#2768=FACE_BOUND('',#2360,.T.);
#2769=FACE_BOUND('',#2361,.T.);
#2770=FACE_BOUND('',#2362,.T.);
#2771=FACE_BOUND('',#2363,.T.);
#2772=FACE_BOUND('',#2364,.T.);
#2773=FACE_BOUND('',#2365,.T.);
#2774=FACE_BOUND('',#2366,.T.);
#2775=FACE_BOUND('',#2367,.T.);
#2776=FACE_BOUND('',#2368,.T.);
#2777=FACE_BOUND('',#2369,.T.);
#2778=FACE_BOUND('',#2370,.T.);
#2779=FACE_BOUND('',#2371,.T.);
#2780=FACE_BOUND('',#2372,.T.);
#2781=FACE_BOUND('',#2373,.T.);
#2782=FACE_BOUND('',#2374,.T.);
#2783=FACE_BOUND('',#2375,.T.);
#2784=FACE_BOUND('',#2376,.T.);
#2785=FACE_BOUND('',#2377,.T.);
#2786=FACE_BOUND('',#2378,.T.);
#2787=FACE_BOUND('',#2379,.T.);
#2788=FACE_BOUND('',#2380,.T.);
#2789=FACE_BOUND('',#2381,.T.);
#2790=FACE_BOUND('',#2382,.T.);
#2791=FACE_BOUND('',#2383,.T.);
#2792=FACE_BOUND('',#2384,.T.);
#2793=FACE_BOUND('',#2385,.T.);
#2794=FACE_BOUND('',#2386,.T.);
#2795=FACE_BOUND('',#2387,.T.);
#2796=FACE_BOUND('',#2388,.T.);
#2797=FACE_BOUND('',#2389,.T.);
#2798=FACE_BOUND('',#2390,.T.);
#2799=FACE_BOUND('',#2391,.T.);
#2800=FACE_BOUND('',#2392,.T.);
#2801=FACE_BOUND('',#2393,.T.);
#2802=FACE_BOUND('',#2394,.T.);
#2803=FACE_BOUND('',#2395,.T.);
#2804=FACE_BOUND('',#2396,.T.);
#2805=FACE_BOUND('',#2397,.T.);
#2806=FACE_BOUND('',#2398,.T.);
#2807=FACE_BOUND('',#2399,.T.);
#2808=FACE_BOUND('',#2400,.T.);
#2809=FACE_BOUND('',#2401,.T.);
#2810=FACE_BOUND('',#2402,.T.);
#2811=FACE_BOUND('',#2403,.T.);
#2812=FACE_BOUND('',#2404,.T.);
#2813=FACE_BOUND('',#2405,.T.);
#2814=FACE_BOUND('',#2406,.T.);
#2815=FACE_BOUND('',#2407,.T.);
#2816=FACE_BOUND('',#2408,.T.);
#2817=FACE_BOUND('',#2409,.T.);
#2818=FACE_BOUND('',#2410,.T.);
#2819=FACE_BOUND('',#2411,.T.);
#2820=FACE_BOUND('',#2412,.T.);
#2821=FACE_BOUND('',#2413,.T.);
#2822=FACE_BOUND('',#2414,.T.);
#2823=FACE_BOUND('',#2415,.T.);
#2824=FACE_BOUND('',#2416,.T.);
#2825=FACE_BOUND('',#2417,.T.);
#2826=FACE_BOUND('',#2418,.T.);
#2827=FACE_BOUND('',#2419,.T.);
#2828=FACE_BOUND('',#2420,.T.);
#2829=FACE_BOUND('',#2421,.T.);
#2830=FACE_BOUND('',#2422,.T.);
#2831=FACE_BOUND('',#2423,.T.);
#2832=FACE_BOUND('',#2424,.T.);
#2833=FACE_BOUND('',#2425,.T.);
#2834=FACE_BOUND('',#2426,.T.);
#2835=FACE_BOUND('',#2427,.T.);
#2836=FACE_BOUND('',#2428,.T.);
#2837=FACE_BOUND('',#2429,.T.);
#2838=FACE_BOUND('',#2430,.T.);
#2839=FACE_BOUND('',#2431,.T.);
#2840=FACE_BOUND('',#2432,.T.);
#2841=FACE_BOUND('',#2433,.T.);
#2842=FACE_BOUND('',#2434,.T.);
#2843=FACE_BOUND('',#2435,.T.);
#2844=FACE_BOUND('',#2436,.T.);
#2845=FACE_BOUND('',#2437,.T.);
#2846=FACE_BOUND('',#2438,.T.);
#2847=FACE_BOUND('',#2439,.T.);
#2848=FACE_BOUND('',#2440,.T.);
#2849=FACE_BOUND('',#2441,.T.);
#2850=FACE_BOUND('',#2442,.T.);
#2851=FACE_BOUND('',#2443,.T.);
#2852=FACE_BOUND('',#2444,.T.);
#2853=FACE_BOUND('',#2445,.T.);
#2854=FACE_BOUND('',#2446,.T.);
#2855=FACE_BOUND('',#2447,.T.);
#2856=FACE_BOUND('',#2448,.T.);
#2857=FACE_BOUND('',#2449,.T.);
#2858=FACE_BOUND('',#2450,.T.);
#2859=FACE_BOUND('',#2451,.T.);
#2860=FACE_BOUND('',#2452,.T.);
#2861=FACE_BOUND('',#2453,.T.);
#2862=FACE_BOUND('',#2454,.T.);
#2863=FACE_BOUND('',#2455,.T.);
#2864=FACE_BOUND('',#2456,.T.);
#2865=FACE_BOUND('',#2457,.T.);
#2866=FACE_BOUND('',#2458,.T.);
#2867=FACE_BOUND('',#2459,.T.);
#2868=FACE_BOUND('',#2460,.T.);
#2869=FACE_BOUND('',#2461,.T.);
#2870=FACE_BOUND('',#2462,.T.);
#2871=FACE_BOUND('',#2463,.T.);
#2872=FACE_BOUND('',#2464,.T.);
#2873=FACE_BOUND('',#2465,.T.);
#2874=FACE_BOUND('',#2466,.T.);
#2875=FACE_BOUND('',#2467,.T.);
#2876=FACE_BOUND('',#2468,.T.);
#2877=FACE_BOUND('',#2469,.T.);
#2878=FACE_BOUND('',#2470,.T.);
#2879=FACE_BOUND('',#2471,.T.);
#2880=FACE_BOUND('',#2472,.T.);
#2881=FACE_BOUND('',#2473,.T.);
#2882=FACE_BOUND('',#2474,.T.);
#2883=FACE_BOUND('',#2475,.T.);
#2884=FACE_BOUND('',#2476,.T.);
#2885=FACE_BOUND('',#2477,.T.);
#2886=FACE_BOUND('',#2478,.T.);
#2887=FACE_BOUND('',#2479,.T.);
#2888=FACE_BOUND('',#2480,.T.);
#2889=FACE_BOUND('',#2481,.T.);
#2890=FACE_BOUND('',#2482,.T.);
#2891=FACE_BOUND('',#2483,.T.);
#2892=FACE_BOUND('',#2484,.T.);
#2893=FACE_BOUND('',#2485,.T.);
#2894=FACE_BOUND('',#2486,.T.);
#2895=FACE_BOUND('',#2487,.T.);
#2896=FACE_BOUND('',#2488,.T.);
#2897=FACE_BOUND('',#2489,.T.);
#2898=FACE_BOUND('',#2490,.T.);
#2899=FACE_BOUND('',#2491,.T.);
#2900=FACE_BOUND('',#2492,.T.);
#2901=FACE_BOUND('',#2493,.T.);
#2902=FACE_BOUND('',#2494,.T.);
#2903=FACE_BOUND('',#2495,.T.);
#2904=FACE_BOUND('',#2496,.T.);
#2905=FACE_BOUND('',#2497,.T.);
#2906=FACE_BOUND('',#2498,.T.);
#2907=FACE_BOUND('',#2499,.T.);
#2908=FACE_BOUND('',#2500,.T.);
#2909=FACE_BOUND('',#2501,.T.);
#2910=FACE_BOUND('',#2502,.T.);
#2911=FACE_BOUND('',#2503,.T.);
#2912=FACE_BOUND('',#2504,.T.);
#2913=FACE_BOUND('',#2505,.T.);
#2914=FACE_BOUND('',#2506,.T.);
#2915=FACE_BOUND('',#2507,.T.);
#2916=FACE_BOUND('',#2508,.T.);
#2917=FACE_BOUND('',#2509,.T.);
#2918=FACE_BOUND('',#2510,.T.);
#2919=FACE_BOUND('',#2511,.T.);
#2920=FACE_BOUND('',#2512,.T.);
#2921=FACE_BOUND('',#2513,.T.);
#2922=FACE_BOUND('',#2514,.T.);
#2923=FACE_BOUND('',#2515,.T.);
#2924=FACE_BOUND('',#2516,.T.);
#2925=FACE_BOUND('',#2517,.T.);
#2926=FACE_BOUND('',#2518,.T.);
#2927=FACE_BOUND('',#2519,.T.);
#2928=FACE_BOUND('',#2520,.T.);
#2929=FACE_BOUND('',#2521,.T.);
#2930=FACE_BOUND('',#2522,.T.);
#2931=FACE_BOUND('',#2523,.T.);
#2932=FACE_BOUND('',#2524,.T.);
#2933=FACE_BOUND('',#2525,.T.);
#2934=FACE_BOUND('',#2526,.T.);
#2935=FACE_BOUND('',#2527,.T.);
#2936=FACE_BOUND('',#2528,.T.);
#2937=FACE_BOUND('',#2529,.T.);
#2938=FACE_BOUND('',#2530,.T.);
#2939=FACE_BOUND('',#2531,.T.);
#2940=FACE_BOUND('',#2532,.T.);
#2941=FACE_BOUND('',#2533,.T.);
#2942=FACE_BOUND('',#2534,.T.);
#2943=FACE_BOUND('',#2535,.T.);
#2944=FACE_BOUND('',#2536,.T.);
#2945=CYLINDRICAL_SURFACE('',#3341,0.015);
#2946=CYLINDRICAL_SURFACE('',#3349,0.00805);
#2947=CYLINDRICAL_SURFACE('',#3355,0.00555);
#2948=CYLINDRICAL_SURFACE('',#3379,0.01);
#2949=CYLINDRICAL_SURFACE('',#3383,0.01);
#2950=CYLINDRICAL_SURFACE('',#3387,0.01);
#2951=CYLINDRICAL_SURFACE('',#3391,0.01);
#2952=CYLINDRICAL_SURFACE('',#3417,0.00555);
#2953=CYLINDRICAL_SURFACE('',#3421,0.00555);
#2954=CYLINDRICAL_SURFACE('',#3425,0.00555);
#2955=CYLINDRICAL_SURFACE('',#3429,0.00555);
#2956=CYLINDRICAL_SURFACE('',#3433,0.00555);
#2957=CYLINDRICAL_SURFACE('',#3437,0.00555);
#2958=CYLINDRICAL_SURFACE('',#3441,0.00555);
#2959=CYLINDRICAL_SURFACE('',#3445,0.00555);
#2960=CYLINDRICAL_SURFACE('',#3449,0.00555);
#2961=CYLINDRICAL_SURFACE('',#3453,0.00555);
#2962=CYLINDRICAL_SURFACE('',#3457,0.00555);
#2963=CYLINDRICAL_SURFACE('',#3461,0.00555);
#2964=CYLINDRICAL_SURFACE('',#3512,0.001);
#2965=CYLINDRICAL_SURFACE('',#3514,0.001);
#2966=CYLINDRICAL_SURFACE('',#3520,0.001);
#2967=CYLINDRICAL_SURFACE('',#3522,0.001);
#2968=CYLINDRICAL_SURFACE('',#3528,0.001);
#2969=CYLINDRICAL_SURFACE('',#3530,0.001);
#2970=CYLINDRICAL_SURFACE('',#3536,0.001);
#2971=CYLINDRICAL_SURFACE('',#3538,0.001);
#2972=CYLINDRICAL_SURFACE('',#3544,0.001);
#2973=CYLINDRICAL_SURFACE('',#3546,0.001);
#2974=CYLINDRICAL_SURFACE('',#3552,0.001);
#2975=CYLINDRICAL_SURFACE('',#3554,0.001);
#2976=CYLINDRICAL_SURFACE('',#3560,0.001);
#2977=CYLINDRICAL_SURFACE('',#3562,0.001);
#2978=CYLINDRICAL_SURFACE('',#3568,0.001);
#2979=CYLINDRICAL_SURFACE('',#3570,0.001);
#2980=CYLINDRICAL_SURFACE('',#3574,0.01);
#2981=CYLINDRICAL_SURFACE('',#3578,0.01);
#2982=CYLINDRICAL_SURFACE('',#3582,0.01);
#2983=CYLINDRICAL_SURFACE('',#3586,0.01);
#2984=CYLINDRICAL_SURFACE('',#3612,0.00555);
#2985=CYLINDRICAL_SURFACE('',#3617,0.00555);
#2986=CYLINDRICAL_SURFACE('',#3622,0.00555);
#2987=CYLINDRICAL_SURFACE('',#3627,0.00555);
#2988=CYLINDRICAL_SURFACE('',#3632,0.00555);
#2989=CYLINDRICAL_SURFACE('',#3637,0.00555);
#2990=CYLINDRICAL_SURFACE('',#3642,0.00555);
#2991=CYLINDRICAL_SURFACE('',#3647,0.00555);
#2992=CYLINDRICAL_SURFACE('',#3652,0.00555);
#2993=CYLINDRICAL_SURFACE('',#3657,0.00555);
#2994=CYLINDRICAL_SURFACE('',#3662,0.00555);
#2995=CYLINDRICAL_SURFACE('',#3667,0.00555);
#2996=CYLINDRICAL_SURFACE('',#3672,0.00475);
#2997=CYLINDRICAL_SURFACE('',#3676,0.00475);
#2998=CYLINDRICAL_SURFACE('',#3680,0.00475);
#2999=CYLINDRICAL_SURFACE('',#3684,0.00475);
#3000=CYLINDRICAL_SURFACE('',#3688,0.00475);
#3001=CYLINDRICAL_SURFACE('',#3692,0.00475);
#3002=CYLINDRICAL_SURFACE('',#3696,0.00475);
#3003=CYLINDRICAL_SURFACE('',#3700,0.00475);
#3004=CYLINDRICAL_SURFACE('',#3704,0.00475);
#3005=CYLINDRICAL_SURFACE('',#3708,0.00475);
#3006=CYLINDRICAL_SURFACE('',#3712,0.00475);
#3007=CYLINDRICAL_SURFACE('',#3716,0.00475);
#3008=CYLINDRICAL_SURFACE('',#3779,0.001);
#3009=CYLINDRICAL_SURFACE('',#3781,0.001);
#3010=CYLINDRICAL_SURFACE('',#3787,0.001);
#3011=CYLINDRICAL_SURFACE('',#3789,0.001);
#3012=CYLINDRICAL_SURFACE('',#3795,0.001);
#3013=CYLINDRICAL_SURFACE('',#3797,0.001);
#3014=CYLINDRICAL_SURFACE('',#3803,0.001);
#3015=CYLINDRICAL_SURFACE('',#3805,0.001);
#3016=CYLINDRICAL_SURFACE('',#3811,0.001);
#3017=CYLINDRICAL_SURFACE('',#3813,0.001);
#3018=CYLINDRICAL_SURFACE('',#3819,0.001);
#3019=CYLINDRICAL_SURFACE('',#3821,0.001);
#3020=CYLINDRICAL_SURFACE('',#3827,0.001);
#3021=CYLINDRICAL_SURFACE('',#3829,0.001);
#3022=CYLINDRICAL_SURFACE('',#3835,0.001);
#3023=CYLINDRICAL_SURFACE('',#3837,0.001);
#3024=CYLINDRICAL_SURFACE('',#3841,0.015);
#3025=CYLINDRICAL_SURFACE('',#3849,0.00805);
#3026=CYLINDRICAL_SURFACE('',#3855,0.00555);
#3027=CYLINDRICAL_SURFACE('',#3860,0.00475);
#3028=ADVANCED_FACE('',(#2537,#2538),#2945,.T.);
#3029=ADVANCED_FACE('',(#2539,#2540),#350,.T.);
#3030=ADVANCED_FACE('',(#2541),#351,.F.);
#3031=ADVANCED_FACE('',(#2542,#2543),#2946,.T.);
#3032=ADVANCED_FACE('',(#2544,#2545),#352,.T.);
#3033=ADVANCED_FACE('',(#2546,#2547),#2947,.F.);
#3034=ADVANCED_FACE('',(#2548),#353,.T.);
#3035=ADVANCED_FACE('',(#2549,#2550),#302,.F.);
#3036=ADVANCED_FACE('',(#2551,#2552),#303,.T.);
#3037=ADVANCED_FACE('',(#2553,#2554),#304,.T.);
#3038=ADVANCED_FACE('',(#2555,#2556),#305,.T.);
#3039=ADVANCED_FACE('',(#2557,#2558),#242,.F.);
#3040=ADVANCED_FACE('',(#2559,#2560),#243,.T.);
#3041=ADVANCED_FACE('',(#2561,#2562),#244,.T.);
#3042=ADVANCED_FACE('',(#2563,#2564),#245,.T.);
#3043=ADVANCED_FACE('',(#2565,#2566),#246,.T.);
#3044=ADVANCED_FACE('',(#2567,#2568),#247,.F.);
#3045=ADVANCED_FACE('',(#2569,#2570),#248,.F.);
#3046=ADVANCED_FACE('',(#2571,#2572),#249,.T.);
#3047=ADVANCED_FACE('',(#2573),#2948,.T.);
#3048=ADVANCED_FACE('',(#2574),#354,.F.);
#3049=ADVANCED_FACE('',(#2575),#2949,.T.);
#3050=ADVANCED_FACE('',(#2576),#355,.T.);
#3051=ADVANCED_FACE('',(#2577),#2950,.T.);
#3052=ADVANCED_FACE('',(#2578),#356,.T.);
#3053=ADVANCED_FACE('',(#2579),#2951,.T.);
#3054=ADVANCED_FACE('',(#2580),#357,.F.);
#3055=ADVANCED_FACE('',(#2581,#2582,#2583,#2584,#2585,#2586,#2587,#2588,
#2589,#2590,#2591,#2592,#2593),#358,.T.);
#3056=ADVANCED_FACE('',(#2594),#359,.F.);
#3057=ADVANCED_FACE('',(#2595,#2596),#2952,.F.);
#3058=ADVANCED_FACE('',(#2597),#360,.T.);
#3059=ADVANCED_FACE('',(#2598,#2599),#2953,.F.);
#3060=ADVANCED_FACE('',(#2600),#361,.T.);
#3061=ADVANCED_FACE('',(#2601,#2602),#2954,.F.);
#3062=ADVANCED_FACE('',(#2603),#362,.T.);
#3063=ADVANCED_FACE('',(#2604,#2605),#2955,.F.);
#3064=ADVANCED_FACE('',(#2606),#363,.T.);
#3065=ADVANCED_FACE('',(#2607,#2608),#2956,.F.);
#3066=ADVANCED_FACE('',(#2609),#364,.T.);
#3067=ADVANCED_FACE('',(#2610,#2611),#2957,.F.);
#3068=ADVANCED_FACE('',(#2612),#365,.T.);
#3069=ADVANCED_FACE('',(#2613,#2614),#2958,.F.);
#3070=ADVANCED_FACE('',(#2615),#366,.T.);
#3071=ADVANCED_FACE('',(#2616,#2617),#2959,.F.);
#3072=ADVANCED_FACE('',(#2618),#367,.T.);
#3073=ADVANCED_FACE('',(#2619,#2620),#2960,.F.);
#3074=ADVANCED_FACE('',(#2621),#368,.T.);
#3075=ADVANCED_FACE('',(#2622,#2623),#2961,.F.);
#3076=ADVANCED_FACE('',(#2624),#369,.T.);
#3077=ADVANCED_FACE('',(#2625,#2626),#2962,.F.);
#3078=ADVANCED_FACE('',(#2627),#370,.T.);
#3079=ADVANCED_FACE('',(#2628,#2629),#2963,.F.);
#3080=ADVANCED_FACE('',(#2630),#371,.T.);
#3081=ADVANCED_FACE('',(#2631,#2632),#306,.F.);
#3082=ADVANCED_FACE('',(#2633,#2634),#307,.F.);
#3083=ADVANCED_FACE('',(#2635,#2636),#308,.F.);
#3084=ADVANCED_FACE('',(#2637,#2638),#309,.F.);
#3085=ADVANCED_FACE('',(#2639,#2640),#310,.F.);
#3086=ADVANCED_FACE('',(#2641,#2642),#311,.F.);
#3087=ADVANCED_FACE('',(#2643,#2644),#312,.F.);
#3088=ADVANCED_FACE('',(#2645,#2646),#313,.F.);
#3089=ADVANCED_FACE('',(#2647,#2648),#314,.F.);
#3090=ADVANCED_FACE('',(#2649,#2650),#315,.F.);
#3091=ADVANCED_FACE('',(#2651,#2652),#316,.F.);
#3092=ADVANCED_FACE('',(#2653,#2654),#317,.F.);
#3093=ADVANCED_FACE('',(#2655),#318,.T.);
#3094=ADVANCED_FACE('',(#2656),#372,.T.);
#3095=ADVANCED_FACE('',(#2657),#373,.F.);
#3096=ADVANCED_FACE('',(#2658),#319,.T.);
#3097=ADVANCED_FACE('',(#2659),#320,.T.);
#3098=ADVANCED_FACE('',(#2660),#374,.T.);
#3099=ADVANCED_FACE('',(#2661),#375,.F.);
#3100=ADVANCED_FACE('',(#2662),#321,.T.);
#3101=ADVANCED_FACE('',(#2663),#322,.T.);
#3102=ADVANCED_FACE('',(#2664),#376,.F.);
#3103=ADVANCED_FACE('',(#2665),#377,.T.);
#3104=ADVANCED_FACE('',(#2666),#323,.T.);
#3105=ADVANCED_FACE('',(#2667),#324,.T.);
#3106=ADVANCED_FACE('',(#2668),#378,.F.);
#3107=ADVANCED_FACE('',(#2669),#379,.T.);
#3108=ADVANCED_FACE('',(#2670),#325,.T.);
#3109=ADVANCED_FACE('',(#2671),#250,.T.);
#3110=ADVANCED_FACE('',(#2672),#2964,.T.);
#3111=ADVANCED_FACE('',(#2673),#2965,.T.);
#3112=ADVANCED_FACE('',(#2674),#251,.T.);
#3113=ADVANCED_FACE('',(#2675),#252,.T.);
#3114=ADVANCED_FACE('',(#2676),#2966,.T.);
#3115=ADVANCED_FACE('',(#2677),#2967,.T.);
#3116=ADVANCED_FACE('',(#2678),#253,.T.);
#3117=ADVANCED_FACE('',(#2679),#254,.T.);
#3118=ADVANCED_FACE('',(#2680),#2968,.T.);
#3119=ADVANCED_FACE('',(#2681),#2969,.T.);
#3120=ADVANCED_FACE('',(#2682),#255,.T.);
#3121=ADVANCED_FACE('',(#2683),#256,.T.);
#3122=ADVANCED_FACE('',(#2684),#2970,.T.);
#3123=ADVANCED_FACE('',(#2685),#2971,.T.);
#3124=ADVANCED_FACE('',(#2686),#257,.T.);
#3125=ADVANCED_FACE('',(#2687),#258,.T.);
#3126=ADVANCED_FACE('',(#2688),#2972,.T.);
#3127=ADVANCED_FACE('',(#2689),#2973,.T.);
#3128=ADVANCED_FACE('',(#2690),#259,.T.);
#3129=ADVANCED_FACE('',(#2691),#260,.T.);
#3130=ADVANCED_FACE('',(#2692),#2974,.T.);
#3131=ADVANCED_FACE('',(#2693),#2975,.T.);
#3132=ADVANCED_FACE('',(#2694),#261,.T.);
#3133=ADVANCED_FACE('',(#2695),#262,.T.);
#3134=ADVANCED_FACE('',(#2696),#2976,.T.);
#3135=ADVANCED_FACE('',(#2697),#2977,.T.);
#3136=ADVANCED_FACE('',(#2698),#263,.T.);
#3137=ADVANCED_FACE('',(#2699),#264,.T.);
#3138=ADVANCED_FACE('',(#2700),#2978,.T.);
#3139=ADVANCED_FACE('',(#2701),#2979,.T.);
#3140=ADVANCED_FACE('',(#2702),#265,.T.);
#3141=ADVANCED_FACE('',(#2703),#2980,.T.);
#3142=ADVANCED_FACE('',(#2704),#380,.F.);
#3143=ADVANCED_FACE('',(#2705),#2981,.T.);
#3144=ADVANCED_FACE('',(#2706),#381,.T.);
#3145=ADVANCED_FACE('',(#2707),#2982,.T.);
#3146=ADVANCED_FACE('',(#2708),#382,.T.);
#3147=ADVANCED_FACE('',(#2709),#2983,.T.);
#3148=ADVANCED_FACE('',(#2710),#383,.F.);
#3149=ADVANCED_FACE('',(#2711),#384,.T.);
#3150=ADVANCED_FACE('',(#2712,#2713,#2714,#2715,#2716,#2717,#2718,#2719,
#2720,#2721,#2722,#2723,#2724),#385,.F.);
#3151=ADVANCED_FACE('',(#2725,#2726),#2984,.F.);
#3152=ADVANCED_FACE('',(#2727,#2728),#386,.F.);
#3153=ADVANCED_FACE('',(#2729,#2730),#2985,.F.);
#3154=ADVANCED_FACE('',(#2731,#2732),#387,.F.);
#3155=ADVANCED_FACE('',(#2733,#2734),#2986,.F.);
#3156=ADVANCED_FACE('',(#2735,#2736),#388,.F.);
#3157=ADVANCED_FACE('',(#2737,#2738),#2987,.F.);
#3158=ADVANCED_FACE('',(#2739,#2740),#389,.F.);
#3159=ADVANCED_FACE('',(#2741,#2742),#2988,.F.);
#3160=ADVANCED_FACE('',(#2743,#2744),#390,.F.);
#3161=ADVANCED_FACE('',(#2745,#2746),#2989,.F.);
#3162=ADVANCED_FACE('',(#2747,#2748),#391,.F.);
#3163=ADVANCED_FACE('',(#2749,#2750),#2990,.F.);
#3164=ADVANCED_FACE('',(#2751,#2752),#392,.F.);
#3165=ADVANCED_FACE('',(#2753,#2754),#2991,.F.);
#3166=ADVANCED_FACE('',(#2755,#2756),#393,.F.);
#3167=ADVANCED_FACE('',(#2757,#2758),#2992,.F.);
#3168=ADVANCED_FACE('',(#2759,#2760),#394,.F.);
#3169=ADVANCED_FACE('',(#2761,#2762),#2993,.F.);
#3170=ADVANCED_FACE('',(#2763,#2764),#395,.F.);
#3171=ADVANCED_FACE('',(#2765,#2766),#2994,.F.);
#3172=ADVANCED_FACE('',(#2767,#2768),#396,.F.);
#3173=ADVANCED_FACE('',(#2769,#2770),#2995,.F.);
#3174=ADVANCED_FACE('',(#2771,#2772),#397,.F.);
#3175=ADVANCED_FACE('',(#2773,#2774),#2996,.F.);
#3176=ADVANCED_FACE('',(#2775),#398,.F.);
#3177=ADVANCED_FACE('',(#2776,#2777),#2997,.F.);
#3178=ADVANCED_FACE('',(#2778),#399,.F.);
#3179=ADVANCED_FACE('',(#2779,#2780),#2998,.F.);
#3180=ADVANCED_FACE('',(#2781),#400,.F.);
#3181=ADVANCED_FACE('',(#2782,#2783),#2999,.F.);
#3182=ADVANCED_FACE('',(#2784),#401,.F.);
#3183=ADVANCED_FACE('',(#2785,#2786),#3000,.F.);
#3184=ADVANCED_FACE('',(#2787),#402,.F.);
#3185=ADVANCED_FACE('',(#2788,#2789),#3001,.F.);
#3186=ADVANCED_FACE('',(#2790),#403,.F.);
#3187=ADVANCED_FACE('',(#2791,#2792),#3002,.F.);
#3188=ADVANCED_FACE('',(#2793),#404,.F.);
#3189=ADVANCED_FACE('',(#2794,#2795),#3003,.F.);
#3190=ADVANCED_FACE('',(#2796),#405,.F.);
#3191=ADVANCED_FACE('',(#2797,#2798),#3004,.F.);
#3192=ADVANCED_FACE('',(#2799),#406,.F.);
#3193=ADVANCED_FACE('',(#2800,#2801),#3005,.F.);
#3194=ADVANCED_FACE('',(#2802),#407,.F.);
#3195=ADVANCED_FACE('',(#2803,#2804),#3006,.F.);
#3196=ADVANCED_FACE('',(#2805),#408,.F.);
#3197=ADVANCED_FACE('',(#2806,#2807),#3007,.F.);
#3198=ADVANCED_FACE('',(#2808),#409,.F.);
#3199=ADVANCED_FACE('',(#2809,#2810),#326,.F.);
#3200=ADVANCED_FACE('',(#2811,#2812),#327,.F.);
#3201=ADVANCED_FACE('',(#2813,#2814),#328,.F.);
#3202=ADVANCED_FACE('',(#2815,#2816),#329,.F.);
#3203=ADVANCED_FACE('',(#2817,#2818),#330,.F.);
#3204=ADVANCED_FACE('',(#2819,#2820),#331,.F.);
#3205=ADVANCED_FACE('',(#2821,#2822),#332,.F.);
#3206=ADVANCED_FACE('',(#2823,#2824),#333,.F.);
#3207=ADVANCED_FACE('',(#2825,#2826),#334,.F.);
#3208=ADVANCED_FACE('',(#2827,#2828),#335,.F.);
#3209=ADVANCED_FACE('',(#2829,#2830),#336,.F.);
#3210=ADVANCED_FACE('',(#2831,#2832),#337,.F.);
#3211=ADVANCED_FACE('',(#2833),#338,.T.);
#3212=ADVANCED_FACE('',(#2834),#410,.T.);
#3213=ADVANCED_FACE('',(#2835),#411,.F.);
#3214=ADVANCED_FACE('',(#2836),#339,.T.);
#3215=ADVANCED_FACE('',(#2837),#340,.T.);
#3216=ADVANCED_FACE('',(#2838),#412,.T.);
#3217=ADVANCED_FACE('',(#2839),#413,.F.);
#3218=ADVANCED_FACE('',(#2840),#341,.T.);
#3219=ADVANCED_FACE('',(#2841),#342,.T.);
#3220=ADVANCED_FACE('',(#2842),#414,.F.);
#3221=ADVANCED_FACE('',(#2843),#415,.T.);
#3222=ADVANCED_FACE('',(#2844),#343,.T.);
#3223=ADVANCED_FACE('',(#2845),#344,.T.);
#3224=ADVANCED_FACE('',(#2846),#416,.F.);
#3225=ADVANCED_FACE('',(#2847),#417,.T.);
#3226=ADVANCED_FACE('',(#2848),#345,.T.);
#3227=ADVANCED_FACE('',(#2849,#2850),#266,.F.);
#3228=ADVANCED_FACE('',(#2851,#2852),#267,.F.);
#3229=ADVANCED_FACE('',(#2853,#2854),#268,.F.);
#3230=ADVANCED_FACE('',(#2855,#2856),#269,.F.);
#3231=ADVANCED_FACE('',(#2857,#2858),#270,.F.);
#3232=ADVANCED_FACE('',(#2859,#2860),#271,.F.);
#3233=ADVANCED_FACE('',(#2861,#2862),#272,.F.);
#3234=ADVANCED_FACE('',(#2863,#2864),#273,.F.);
#3235=ADVANCED_FACE('',(#2865,#2866),#274,.F.);
#3236=ADVANCED_FACE('',(#2867,#2868),#275,.F.);
#3237=ADVANCED_FACE('',(#2869,#2870),#276,.F.);
#3238=ADVANCED_FACE('',(#2871,#2872),#277,.F.);
#3239=ADVANCED_FACE('',(#2873),#278,.T.);
#3240=ADVANCED_FACE('',(#2874),#3008,.T.);
#3241=ADVANCED_FACE('',(#2875),#3009,.T.);
#3242=ADVANCED_FACE('',(#2876),#279,.T.);
#3243=ADVANCED_FACE('',(#2877),#280,.T.);
#3244=ADVANCED_FACE('',(#2878),#3010,.T.);
#3245=ADVANCED_FACE('',(#2879),#3011,.T.);
#3246=ADVANCED_FACE('',(#2880),#281,.T.);
#3247=ADVANCED_FACE('',(#2881),#282,.T.);
#3248=ADVANCED_FACE('',(#2882),#3012,.T.);
#3249=ADVANCED_FACE('',(#2883),#3013,.T.);
#3250=ADVANCED_FACE('',(#2884),#283,.T.);
#3251=ADVANCED_FACE('',(#2885),#284,.T.);
#3252=ADVANCED_FACE('',(#2886),#3014,.T.);
#3253=ADVANCED_FACE('',(#2887),#3015,.T.);
#3254=ADVANCED_FACE('',(#2888),#285,.T.);
#3255=ADVANCED_FACE('',(#2889),#286,.T.);
#3256=ADVANCED_FACE('',(#2890),#3016,.T.);
#3257=ADVANCED_FACE('',(#2891),#3017,.T.);
#3258=ADVANCED_FACE('',(#2892),#287,.T.);
#3259=ADVANCED_FACE('',(#2893),#288,.T.);
#3260=ADVANCED_FACE('',(#2894),#3018,.T.);
#3261=ADVANCED_FACE('',(#2895),#3019,.T.);
#3262=ADVANCED_FACE('',(#2896),#289,.T.);
#3263=ADVANCED_FACE('',(#2897),#290,.T.);
#3264=ADVANCED_FACE('',(#2898),#3020,.T.);
#3265=ADVANCED_FACE('',(#2899),#3021,.T.);
#3266=ADVANCED_FACE('',(#2900),#291,.T.);
#3267=ADVANCED_FACE('',(#2901),#292,.T.);
#3268=ADVANCED_FACE('',(#2902),#3022,.T.);
#3269=ADVANCED_FACE('',(#2903),#3023,.T.);
#3270=ADVANCED_FACE('',(#2904),#293,.T.);
#3271=ADVANCED_FACE('',(#2905,#2906),#3024,.T.);
#3272=ADVANCED_FACE('',(#2907,#2908),#418,.F.);
#3273=ADVANCED_FACE('',(#2909),#419,.T.);
#3274=ADVANCED_FACE('',(#2910,#2911),#3025,.T.);
#3275=ADVANCED_FACE('',(#2912,#2913),#420,.F.);
#3276=ADVANCED_FACE('',(#2914,#2915),#3026,.F.);
#3277=ADVANCED_FACE('',(#2916,#2917),#421,.F.);
#3278=ADVANCED_FACE('',(#2918,#2919),#3027,.F.);
#3279=ADVANCED_FACE('',(#2920),#422,.F.);
#3280=ADVANCED_FACE('',(#2921,#2922),#346,.F.);
#3281=ADVANCED_FACE('',(#2923,#2924),#347,.T.);
#3282=ADVANCED_FACE('',(#2925,#2926),#348,.T.);
#3283=ADVANCED_FACE('',(#2927,#2928),#349,.T.);
#3284=ADVANCED_FACE('',(#2929,#2930),#294,.F.);
#3285=ADVANCED_FACE('',(#2931,#2932),#295,.T.);
#3286=ADVANCED_FACE('',(#2933,#2934),#296,.F.);
#3287=ADVANCED_FACE('',(#2935,#2936),#297,.F.);
#3288=ADVANCED_FACE('',(#2937,#2938),#298,.T.);
#3289=ADVANCED_FACE('',(#2939,#2940),#299,.T.);
#3290=ADVANCED_FACE('',(#2941,#2942),#300,.T.);
#3291=ADVANCED_FACE('',(#2943,#2944),#301,.T.);
#3292=CLOSED_SHELL('',(#3028,#3029,#3030,#3031,#3032,#3033,#3034,#3035,
#3036,#3037,#3038,#3039,#3040,#3041,#3042,#3043,#3044,#3045,#3046));
#3293=CLOSED_SHELL('',(#3047,#3048,#3049,#3050,#3051,#3052,#3053,#3054,
#3055,#3056,#3057,#3058,#3059,#3060,#3061,#3062,#3063,#3064,#3065,#3066,
#3067,#3068,#3069,#3070,#3071,#3072,#3073,#3074,#3075,#3076,#3077,#3078,
#3079,#3080,#3081,#3082,#3083,#3084,#3085,#3086,#3087,#3088,#3089,#3090,
#3091,#3092,#3093,#3094,#3095,#3096,#3097,#3098,#3099,#3100,#3101,#3102,
#3103,#3104,#3105,#3106,#3107,#3108,#3109,#3110,#3111,#3112,#3113,#3114,
#3115,#3116,#3117,#3118,#3119,#3120,#3121,#3122,#3123,#3124,#3125,#3126,
#3127,#3128,#3129,#3130,#3131,#3132,#3133,#3134,#3135,#3136,#3137,#3138,
#3139,#3140));
#3294=CLOSED_SHELL('',(#3141,#3142,#3143,#3144,#3145,#3146,#3147,#3148,
#3149,#3150,#3151,#3152,#3153,#3154,#3155,#3156,#3157,#3158,#3159,#3160,
#3161,#3162,#3163,#3164,#3165,#3166,#3167,#3168,#3169,#3170,#3171,#3172,
#3173,#3174,#3175,#3176,#3177,#3178,#3179,#3180,#3181,#3182,#3183,#3184,
#3185,#3186,#3187,#3188,#3189,#3190,#3191,#3192,#3193,#3194,#3195,#3196,
#3197,#3198,#3199,#3200,#3201,#3202,#3203,#3204,#3205,#3206,#3207,#3208,
#3209,#3210,#3211,#3212,#3213,#3214,#3215,#3216,#3217,#3218,#3219,#3220,
#3221,#3222,#3223,#3224,#3225,#3226,#3227,#3228,#3229,#3230,#3231,#3232,
#3233,#3234,#3235,#3236,#3237,#3238,#3239,#3240,#3241,#3242,#3243,#3244,
#3245,#3246,#3247,#3248,#3249,#3250,#3251,#3252,#3253,#3254,#3255,#3256,
#3257,#3258,#3259,#3260,#3261,#3262,#3263,#3264,#3265,#3266,#3267,#3268,
#3269,#3270));
#3295=CLOSED_SHELL('',(#3271,#3272,#3273,#3274,#3275,#3276,#3277,#3278,
#3279,#3280,#3281,#3282,#3283,#3284,#3285,#3286,#3287,#3288,#3289,#3290,
#3291));
#3296=STYLED_ITEM('',(#3300),#3328);
#3297=STYLED_ITEM('',(#3301),#3329);
#3298=STYLED_ITEM('',(#3302),#3330);
#3299=STYLED_ITEM('',(#3303),#3331);
#3300=PRESENTATION_STYLE_ASSIGNMENT((#3304));
#3301=PRESENTATION_STYLE_ASSIGNMENT((#3305));
#3302=PRESENTATION_STYLE_ASSIGNMENT((#3306));
#3303=PRESENTATION_STYLE_ASSIGNMENT((#3307));
#3304=SURFACE_STYLE_USAGE(.BOTH.,#3308);
#3305=SURFACE_STYLE_USAGE(.BOTH.,#3309);
#3306=SURFACE_STYLE_USAGE(.BOTH.,#3310);
#3307=SURFACE_STYLE_USAGE(.BOTH.,#3311);
#3308=SURFACE_SIDE_STYLE('',(#3312));
#3309=SURFACE_SIDE_STYLE('',(#3313));
#3310=SURFACE_SIDE_STYLE('',(#3314));
#3311=SURFACE_SIDE_STYLE('',(#3315));
#3312=SURFACE_STYLE_FILL_AREA(#3316);
#3313=SURFACE_STYLE_FILL_AREA(#3317);
#3314=SURFACE_STYLE_FILL_AREA(#3318);
#3315=SURFACE_STYLE_FILL_AREA(#3319);
#3316=FILL_AREA_STYLE('',(#3320));
#3317=FILL_AREA_STYLE('',(#3321));
#3318=FILL_AREA_STYLE('',(#3322));
#3319=FILL_AREA_STYLE('',(#3323));
#3320=FILL_AREA_STYLE_COLOUR('',#3324);
#3321=FILL_AREA_STYLE_COLOUR('',#3325);
#3322=FILL_AREA_STYLE_COLOUR('',#3326);
#3323=FILL_AREA_STYLE_COLOUR('',#3327);
#3324=COLOUR_RGB('',0.768627450980392,0.886274509803922,0.952941176470588);
#3325=COLOUR_RGB('',0.615686274509804,0.811764705882353,0.929411764705882);
#3326=COLOUR_RGB('',0.647058823529412,0.647058823529412,0.647058823529412);
#3327=COLOUR_RGB('',0.972549019607843,0.529411764705882,0.00392156862745098);
#3328=MANIFOLD_SOLID_BREP('Single Base',#3292);
#3329=MANIFOLD_SOLID_BREP('Tray Base',#3293);
#3330=MANIFOLD_SOLID_BREP('Tray Top',#3294);
#3331=MANIFOLD_SOLID_BREP('Single Top',#3295);
#3332=SHAPE_DEFINITION_REPRESENTATION(#6030,#3336);
#3333=SHAPE_DEFINITION_REPRESENTATION(#6031,#3337);
#3334=SHAPE_DEFINITION_REPRESENTATION(#6032,#3338);
#3335=SHAPE_DEFINITION_REPRESENTATION(#6033,#3339);
#3336=SHAPE_REPRESENTATION('Single Base',(#3340),#6010);
#3337=SHAPE_REPRESENTATION('Tray Base',(#3378),#6011);
#3338=SHAPE_REPRESENTATION('Tray Top',(#3573),#6012);
#3339=SHAPE_REPRESENTATION('Single Top',(#3840),#6013);
#3340=AXIS2_PLACEMENT_3D('',#5078,#3882,#3883);
#3341=AXIS2_PLACEMENT_3D('',#5079,#3884,#3885);
#3342=AXIS2_PLACEMENT_3D('',#5080,#3886,#3887);
#3343=AXIS2_PLACEMENT_3D('',#5082,#3888,#3889);
#3344=AXIS2_PLACEMENT_3D('',#5084,#3890,#3891);
#3345=AXIS2_PLACEMENT_3D('',#5085,#3892,#3893);
#3346=AXIS2_PLACEMENT_3D('',#5087,#3894,#3895);
#3347=AXIS2_PLACEMENT_3D('',#5089,#3896,#3897);
#3348=AXIS2_PLACEMENT_3D('',#5090,#3898,#3899);
#3349=AXIS2_PLACEMENT_3D('',#5092,#3900,#3901);
#3350=AXIS2_PLACEMENT_3D('',#5093,#3902,#3903);
#3351=AXIS2_PLACEMENT_3D('',#5095,#3904,#3905);
#3352=AXIS2_PLACEMENT_3D('',#5097,#3906,#3907);
#3353=AXIS2_PLACEMENT_3D('',#5098,#3908,#3909);
#3354=AXIS2_PLACEMENT_3D('',#5100,#3910,#3911);
#3355=AXIS2_PLACEMENT_3D('',#5102,#3912,#3913);
#3356=AXIS2_PLACEMENT_3D('',#5103,#3914,#3915);
#3357=AXIS2_PLACEMENT_3D('',#5105,#3916,#3917);
#3358=AXIS2_PLACEMENT_3D('',#5107,#3918,#3919);
#3359=AXIS2_PLACEMENT_3D('',#5108,#3920,#3921);
#3360=AXIS2_PLACEMENT_3D('',#5110,#3922,#3923);
#3361=AXIS2_PLACEMENT_3D('',#5111,#3924,#3925);
#3362=AXIS2_PLACEMENT_3D('',#5112,#3926,#3927);
#3363=AXIS2_PLACEMENT_3D('',#5114,#3928,#3929);
#3364=AXIS2_PLACEMENT_3D('',#5116,#3930,#3931);
#3365=AXIS2_PLACEMENT_3D('',#5117,#3932,#3933);
#3366=AXIS2_PLACEMENT_3D('',#5119,#3934,#3935);
#3367=AXIS2_PLACEMENT_3D('',#5121,#3936,#3937);
#3368=AXIS2_PLACEMENT_3D('',#5122,#3938,#3939);
#3369=AXIS2_PLACEMENT_3D('',#5124,#3940,#3941);
#3370=AXIS2_PLACEMENT_3D('',#5126,#3942,#3943);
#3371=AXIS2_PLACEMENT_3D('',#5127,#3944,#3945);
#3372=AXIS2_PLACEMENT_3D('',#5128,#3946,#3947);
#3373=AXIS2_PLACEMENT_3D('',#5129,#3948,#3949);
#3374=AXIS2_PLACEMENT_3D('',#5130,#3950,#3951);
#3375=AXIS2_PLACEMENT_3D('',#5131,#3952,#3953);
#3376=AXIS2_PLACEMENT_3D('',#5132,#3954,#3955);
#3377=AXIS2_PLACEMENT_3D('',#5133,#3956,#3957);
#3378=AXIS2_PLACEMENT_3D('',#5134,#3958,#3959);
#3379=AXIS2_PLACEMENT_3D('',#5135,#3960,#3961);
#3380=AXIS2_PLACEMENT_3D('',#5139,#3963,#3964);
#3381=AXIS2_PLACEMENT_3D('',#5143,#3966,#3967);
#3382=AXIS2_PLACEMENT_3D('',#5144,#3968,#3969);
#3383=AXIS2_PLACEMENT_3D('',#5150,#3973,#3974);
#3384=AXIS2_PLACEMENT_3D('',#5151,#3975,#3976);
#3385=AXIS2_PLACEMENT_3D('',#5155,#3978,#3979);
#3386=AXIS2_PLACEMENT_3D('',#5156,#3980,#3981);
#3387=AXIS2_PLACEMENT_3D('',#5162,#3985,#3986);
#3388=AXIS2_PLACEMENT_3D('',#5163,#3987,#3988);
#3389=AXIS2_PLACEMENT_3D('',#5167,#3990,#3991);
#3390=AXIS2_PLACEMENT_3D('',#5168,#3992,#3993);
#3391=AXIS2_PLACEMENT_3D('',#5174,#3997,#3998);
#3392=AXIS2_PLACEMENT_3D('',#5175,#3999,#4000);
#3393=AXIS2_PLACEMENT_3D('',#5179,#4002,#4003);
#3394=AXIS2_PLACEMENT_3D('',#5180,#4004,#4005);
#3395=AXIS2_PLACEMENT_3D('',#5183,#4008,#4009);
#3396=AXIS2_PLACEMENT_3D('',#5187,#4011,#4012);
#3397=AXIS2_PLACEMENT_3D('',#5191,#4014,#4015);
#3398=AXIS2_PLACEMENT_3D('',#5195,#4017,#4018);
#3399=AXIS2_PLACEMENT_3D('',#5199,#4020,#4021);
#3400=AXIS2_PLACEMENT_3D('',#5200,#4022,#4023);
#3401=AXIS2_PLACEMENT_3D('',#5202,#4024,#4025);
#3402=AXIS2_PLACEMENT_3D('',#5204,#4026,#4027);
#3403=AXIS2_PLACEMENT_3D('',#5206,#4028,#4029);
#3404=AXIS2_PLACEMENT_3D('',#5208,#4030,#4031);
#3405=AXIS2_PLACEMENT_3D('',#5210,#4032,#4033);
#3406=AXIS2_PLACEMENT_3D('',#5212,#4034,#4035);
#3407=AXIS2_PLACEMENT_3D('',#5214,#4036,#4037);
#3408=AXIS2_PLACEMENT_3D('',#5216,#4038,#4039);
#3409=AXIS2_PLACEMENT_3D('',#5218,#4040,#4041);
#3410=AXIS2_PLACEMENT_3D('',#5220,#4042,#4043);
#3411=AXIS2_PLACEMENT_3D('',#5222,#4044,#4045);
#3412=AXIS2_PLACEMENT_3D('',#5224,#4046,#4047);
#3413=AXIS2_PLACEMENT_3D('',#5228,#4049,#4050);
#3414=AXIS2_PLACEMENT_3D('',#5232,#4052,#4053);
#3415=AXIS2_PLACEMENT_3D('',#5236,#4055,#4056);
#3416=AXIS2_PLACEMENT_3D('',#5240,#4058,#4059);
#3417=AXIS2_PLACEMENT_3D('',#5241,#4060,#4061);
#3418=AXIS2_PLACEMENT_3D('',#5242,#4062,#4063);
#3419=AXIS2_PLACEMENT_3D('',#5244,#4064,#4065);
#3420=AXIS2_PLACEMENT_3D('',#5246,#4066,#4067);
#3421=AXIS2_PLACEMENT_3D('',#5247,#4068,#4069);
#3422=AXIS2_PLACEMENT_3D('',#5248,#4070,#4071);
#3423=AXIS2_PLACEMENT_3D('',#5250,#4072,#4073);
#3424=AXIS2_PLACEMENT_3D('',#5252,#4074,#4075);
#3425=AXIS2_PLACEMENT_3D('',#5253,#4076,#4077);
#3426=AXIS2_PLACEMENT_3D('',#5254,#4078,#4079);
#3427=AXIS2_PLACEMENT_3D('',#5256,#4080,#4081);
#3428=AXIS2_PLACEMENT_3D('',#5258,#4082,#4083);
#3429=AXIS2_PLACEMENT_3D('',#5259,#4084,#4085);
#3430=AXIS2_PLACEMENT_3D('',#5260,#4086,#4087);
#3431=AXIS2_PLACEMENT_3D('',#5262,#4088,#4089);
#3432=AXIS2_PLACEMENT_3D('',#5264,#4090,#4091);
#3433=AXIS2_PLACEMENT_3D('',#5265,#4092,#4093);
#3434=AXIS2_PLACEMENT_3D('',#5266,#4094,#4095);
#3435=AXIS2_PLACEMENT_3D('',#5268,#4096,#4097);
#3436=AXIS2_PLACEMENT_3D('',#5270,#4098,#4099);
#3437=AXIS2_PLACEMENT_3D('',#5271,#4100,#4101);
#3438=AXIS2_PLACEMENT_3D('',#5272,#4102,#4103);
#3439=AXIS2_PLACEMENT_3D('',#5274,#4104,#4105);
#3440=AXIS2_PLACEMENT_3D('',#5276,#4106,#4107);
#3441=AXIS2_PLACEMENT_3D('',#5277,#4108,#4109);
#3442=AXIS2_PLACEMENT_3D('',#5278,#4110,#4111);
#3443=AXIS2_PLACEMENT_3D('',#5280,#4112,#4113);
#3444=AXIS2_PLACEMENT_3D('',#5282,#4114,#4115);
#3445=AXIS2_PLACEMENT_3D('',#5283,#4116,#4117);
#3446=AXIS2_PLACEMENT_3D('',#5284,#4118,#4119);
#3447=AXIS2_PLACEMENT_3D('',#5286,#4120,#4121);
#3448=AXIS2_PLACEMENT_3D('',#5288,#4122,#4123);
#3449=AXIS2_PLACEMENT_3D('',#5289,#4124,#4125);
#3450=AXIS2_PLACEMENT_3D('',#5290,#4126,#4127);
#3451=AXIS2_PLACEMENT_3D('',#5292,#4128,#4129);
#3452=AXIS2_PLACEMENT_3D('',#5294,#4130,#4131);
#3453=AXIS2_PLACEMENT_3D('',#5295,#4132,#4133);
#3454=AXIS2_PLACEMENT_3D('',#5296,#4134,#4135);
#3455=AXIS2_PLACEMENT_3D('',#5298,#4136,#4137);
#3456=AXIS2_PLACEMENT_3D('',#5300,#4138,#4139);
#3457=AXIS2_PLACEMENT_3D('',#5301,#4140,#4141);
#3458=AXIS2_PLACEMENT_3D('',#5302,#4142,#4143);
#3459=AXIS2_PLACEMENT_3D('',#5304,#4144,#4145);
#3460=AXIS2_PLACEMENT_3D('',#5306,#4146,#4147);
#3461=AXIS2_PLACEMENT_3D('',#5307,#4148,#4149);
#3462=AXIS2_PLACEMENT_3D('',#5308,#4150,#4151);
#3463=AXIS2_PLACEMENT_3D('',#5310,#4152,#4153);
#3464=AXIS2_PLACEMENT_3D('',#5312,#4154,#4155);
#3465=AXIS2_PLACEMENT_3D('',#5313,#4156,#4157);
#3466=AXIS2_PLACEMENT_3D('',#5314,#4158,#4159);
#3467=AXIS2_PLACEMENT_3D('',#5315,#4160,#4161);
#3468=AXIS2_PLACEMENT_3D('',#5316,#4162,#4163);
#3469=AXIS2_PLACEMENT_3D('',#5317,#4164,#4165);
#3470=AXIS2_PLACEMENT_3D('',#5318,#4166,#4167);
#3471=AXIS2_PLACEMENT_3D('',#5319,#4168,#4169);
#3472=AXIS2_PLACEMENT_3D('',#5320,#4170,#4171);
#3473=AXIS2_PLACEMENT_3D('',#5321,#4172,#4173);
#3474=AXIS2_PLACEMENT_3D('',#5322,#4174,#4175);
#3475=AXIS2_PLACEMENT_3D('',#5323,#4176,#4177);
#3476=AXIS2_PLACEMENT_3D('',#5324,#4178,#4179);
#3477=AXIS2_PLACEMENT_3D('',#5325,#4180,#4181);
#3478=AXIS2_PLACEMENT_3D('',#5329,#4183,#4184);
#3479=AXIS2_PLACEMENT_3D('',#5333,#4186,#4187);
#3480=AXIS2_PLACEMENT_3D('',#5334,#4188,#4189);
#3481=AXIS2_PLACEMENT_3D('',#5340,#4193,#4194);
#3482=AXIS2_PLACEMENT_3D('',#5346,#4198,#4199);
#3483=AXIS2_PLACEMENT_3D('',#5350,#4201,#4202);
#3484=AXIS2_PLACEMENT_3D('',#5351,#4203,#4204);
#3485=AXIS2_PLACEMENT_3D('',#5352,#4205,#4206);
#3486=AXIS2_PLACEMENT_3D('',#5353,#4207,#4208);
#3487=AXIS2_PLACEMENT_3D('',#5357,#4210,#4211);
#3488=AXIS2_PLACEMENT_3D('',#5358,#4212,#4213);
#3489=AXIS2_PLACEMENT_3D('',#5364,#4217,#4218);
#3490=AXIS2_PLACEMENT_3D('',#5370,#4222,#4223);
#3491=AXIS2_PLACEMENT_3D('',#5371,#4224,#4225);
#3492=AXIS2_PLACEMENT_3D('',#5372,#4226,#4227);
#3493=AXIS2_PLACEMENT_3D('',#5373,#4228,#4229);
#3494=AXIS2_PLACEMENT_3D('',#5377,#4231,#4232);
#3495=AXIS2_PLACEMENT_3D('',#5381,#4234,#4235);
#3496=AXIS2_PLACEMENT_3D('',#5382,#4236,#4237);
#3497=AXIS2_PLACEMENT_3D('',#5388,#4241,#4242);
#3498=AXIS2_PLACEMENT_3D('',#5394,#4246,#4247);
#3499=AXIS2_PLACEMENT_3D('',#5398,#4249,#4250);
#3500=AXIS2_PLACEMENT_3D('',#5399,#4251,#4252);
#3501=AXIS2_PLACEMENT_3D('',#5400,#4253,#4254);
#3502=AXIS2_PLACEMENT_3D('',#5401,#4255,#4256);
#3503=AXIS2_PLACEMENT_3D('',#5405,#4258,#4259);
#3504=AXIS2_PLACEMENT_3D('',#5406,#4260,#4261);
#3505=AXIS2_PLACEMENT_3D('',#5412,#4265,#4266);
#3506=AXIS2_PLACEMENT_3D('',#5418,#4270,#4271);
#3507=AXIS2_PLACEMENT_3D('',#5419,#4272,#4273);
#3508=AXIS2_PLACEMENT_3D('',#5420,#4274,#4275);
#3509=AXIS2_PLACEMENT_3D('',#5421,#4276,#4277);
#3510=AXIS2_PLACEMENT_3D('',#5422,#4278,#4279);
#3511=AXIS2_PLACEMENT_3D('',#5423,#4280,#4281);
#3512=AXIS2_PLACEMENT_3D('',#5424,#4282,#4283);
#3513=AXIS2_PLACEMENT_3D('',#5425,#4284,#4285);
#3514=AXIS2_PLACEMENT_3D('',#5426,#4286,#4287);
#3515=AXIS2_PLACEMENT_3D('',#5427,#4288,#4289);
#3516=AXIS2_PLACEMENT_3D('',#5428,#4290,#4291);
#3517=AXIS2_PLACEMENT_3D('',#5429,#4292,#4293);
#3518=AXIS2_PLACEMENT_3D('',#5430,#4294,#4295);
#3519=AXIS2_PLACEMENT_3D('',#5431,#4296,#4297);
#3520=AXIS2_PLACEMENT_3D('',#5432,#4298,#4299);
#3521=AXIS2_PLACEMENT_3D('',#5433,#4300,#4301);
#3522=AXIS2_PLACEMENT_3D('',#5434,#4302,#4303);
#3523=AXIS2_PLACEMENT_3D('',#5435,#4304,#4305);
#3524=AXIS2_PLACEMENT_3D('',#5436,#4306,#4307);
#3525=AXIS2_PLACEMENT_3D('',#5437,#4308,#4309);
#3526=AXIS2_PLACEMENT_3D('',#5438,#4310,#4311);
#3527=AXIS2_PLACEMENT_3D('',#5439,#4312,#4313);
#3528=AXIS2_PLACEMENT_3D('',#5440,#4314,#4315);
#3529=AXIS2_PLACEMENT_3D('',#5441,#4316,#4317);
#3530=AXIS2_PLACEMENT_3D('',#5442,#4318,#4319);
#3531=AXIS2_PLACEMENT_3D('',#5443,#4320,#4321);
#3532=AXIS2_PLACEMENT_3D('',#5444,#4322,#4323);
#3533=AXIS2_PLACEMENT_3D('',#5445,#4324,#4325);
#3534=AXIS2_PLACEMENT_3D('',#5446,#4326,#4327);
#3535=AXIS2_PLACEMENT_3D('',#5447,#4328,#4329);
#3536=AXIS2_PLACEMENT_3D('',#5448,#4330,#4331);
#3537=AXIS2_PLACEMENT_3D('',#5449,#4332,#4333);
#3538=AXIS2_PLACEMENT_3D('',#5450,#4334,#4335);
#3539=AXIS2_PLACEMENT_3D('',#5451,#4336,#4337);
#3540=AXIS2_PLACEMENT_3D('',#5452,#4338,#4339);
#3541=AXIS2_PLACEMENT_3D('',#5453,#4340,#4341);
#3542=AXIS2_PLACEMENT_3D('',#5454,#4342,#4343);
#3543=AXIS2_PLACEMENT_3D('',#5455,#4344,#4345);
#3544=AXIS2_PLACEMENT_3D('',#5456,#4346,#4347);
#3545=AXIS2_PLACEMENT_3D('',#5457,#4348,#4349);
#3546=AXIS2_PLACEMENT_3D('',#5458,#4350,#4351);
#3547=AXIS2_PLACEMENT_3D('',#5459,#4352,#4353);
#3548=AXIS2_PLACEMENT_3D('',#5460,#4354,#4355);
#3549=AXIS2_PLACEMENT_3D('',#5461,#4356,#4357);
#3550=AXIS2_PLACEMENT_3D('',#5462,#4358,#4359);
#3551=AXIS2_PLACEMENT_3D('',#5463,#4360,#4361);
#3552=AXIS2_PLACEMENT_3D('',#5464,#4362,#4363);
#3553=AXIS2_PLACEMENT_3D('',#5465,#4364,#4365);
#3554=AXIS2_PLACEMENT_3D('',#5466,#4366,#4367);
#3555=AXIS2_PLACEMENT_3D('',#5467,#4368,#4369);
#3556=AXIS2_PLACEMENT_3D('',#5468,#4370,#4371);
#3557=AXIS2_PLACEMENT_3D('',#5469,#4372,#4373);
#3558=AXIS2_PLACEMENT_3D('',#5470,#4374,#4375);
#3559=AXIS2_PLACEMENT_3D('',#5471,#4376,#4377);
#3560=AXIS2_PLACEMENT_3D('',#5472,#4378,#4379);
#3561=AXIS2_PLACEMENT_3D('',#5473,#4380,#4381);
#3562=AXIS2_PLACEMENT_3D('',#5474,#4382,#4383);
#3563=AXIS2_PLACEMENT_3D('',#5475,#4384,#4385);
#3564=AXIS2_PLACEMENT_3D('',#5476,#4386,#4387);
#3565=AXIS2_PLACEMENT_3D('',#5477,#4388,#4389);
#3566=AXIS2_PLACEMENT_3D('',#5478,#4390,#4391);
#3567=AXIS2_PLACEMENT_3D('',#5479,#4392,#4393);
#3568=AXIS2_PLACEMENT_3D('',#5480,#4394,#4395);
#3569=AXIS2_PLACEMENT_3D('',#5481,#4396,#4397);
#3570=AXIS2_PLACEMENT_3D('',#5482,#4398,#4399);
#3571=AXIS2_PLACEMENT_3D('',#5483,#4400,#4401);
#3572=AXIS2_PLACEMENT_3D('',#5484,#4402,#4403);
#3573=AXIS2_PLACEMENT_3D('',#5485,#4404,#4405);
#3574=AXIS2_PLACEMENT_3D('',#5486,#4406,#4407);
#3575=AXIS2_PLACEMENT_3D('',#5490,#4409,#4410);
#3576=AXIS2_PLACEMENT_3D('',#5494,#4412,#4413);
#3577=AXIS2_PLACEMENT_3D('',#5495,#4414,#4415);
#3578=AXIS2_PLACEMENT_3D('',#5501,#4419,#4420);
#3579=AXIS2_PLACEMENT_3D('',#5505,#4422,#4423);
#3580=AXIS2_PLACEMENT_3D('',#5506,#4424,#4425);
#3581=AXIS2_PLACEMENT_3D('',#5507,#4426,#4427);
#3582=AXIS2_PLACEMENT_3D('',#5513,#4431,#4432);
#3583=AXIS2_PLACEMENT_3D('',#5517,#4434,#4435);
#3584=AXIS2_PLACEMENT_3D('',#5518,#4436,#4437);
#3585=AXIS2_PLACEMENT_3D('',#5519,#4438,#4439);
#3586=AXIS2_PLACEMENT_3D('',#5525,#4443,#4444);
#3587=AXIS2_PLACEMENT_3D('',#5529,#4446,#4447);
#3588=AXIS2_PLACEMENT_3D('',#5530,#4448,#4449);
#3589=AXIS2_PLACEMENT_3D('',#5531,#4450,#4451);
#3590=AXIS2_PLACEMENT_3D('',#5534,#4454,#4455);
#3591=AXIS2_PLACEMENT_3D('',#5538,#4457,#4458);
#3592=AXIS2_PLACEMENT_3D('',#5542,#4460,#4461);
#3593=AXIS2_PLACEMENT_3D('',#5546,#4463,#4464);
#3594=AXIS2_PLACEMENT_3D('',#5550,#4466,#4467);
#3595=AXIS2_PLACEMENT_3D('',#5551,#4468,#4469);
#3596=AXIS2_PLACEMENT_3D('',#5555,#4471,#4472);
#3597=AXIS2_PLACEMENT_3D('',#5559,#4474,#4475);
#3598=AXIS2_PLACEMENT_3D('',#5563,#4477,#4478);
#3599=AXIS2_PLACEMENT_3D('',#5567,#4480,#4481);
#3600=AXIS2_PLACEMENT_3D('',#5568,#4482,#4483);
#3601=AXIS2_PLACEMENT_3D('',#5570,#4484,#4485);
#3602=AXIS2_PLACEMENT_3D('',#5572,#4486,#4487);
#3603=AXIS2_PLACEMENT_3D('',#5574,#4488,#4489);
#3604=AXIS2_PLACEMENT_3D('',#5576,#4490,#4491);
#3605=AXIS2_PLACEMENT_3D('',#5578,#4492,#4493);
#3606=AXIS2_PLACEMENT_3D('',#5580,#4494,#4495);
#3607=AXIS2_PLACEMENT_3D('',#5582,#4496,#4497);
#3608=AXIS2_PLACEMENT_3D('',#5584,#4498,#4499);
#3609=AXIS2_PLACEMENT_3D('',#5586,#4500,#4501);
#3610=AXIS2_PLACEMENT_3D('',#5588,#4502,#4503);
#3611=AXIS2_PLACEMENT_3D('',#5590,#4504,#4505);
#3612=AXIS2_PLACEMENT_3D('',#5592,#4506,#4507);
#3613=AXIS2_PLACEMENT_3D('',#5593,#4508,#4509);
#3614=AXIS2_PLACEMENT_3D('',#5595,#4510,#4511);
#3615=AXIS2_PLACEMENT_3D('',#5597,#4512,#4513);
#3616=AXIS2_PLACEMENT_3D('',#5598,#4514,#4515);
#3617=AXIS2_PLACEMENT_3D('',#5600,#4516,#4517);
#3618=AXIS2_PLACEMENT_3D('',#5601,#4518,#4519);
#3619=AXIS2_PLACEMENT_3D('',#5603,#4520,#4521);
#3620=AXIS2_PLACEMENT_3D('',#5605,#4522,#4523);
#3621=AXIS2_PLACEMENT_3D('',#5606,#4524,#4525);
#3622=AXIS2_PLACEMENT_3D('',#5608,#4526,#4527);
#3623=AXIS2_PLACEMENT_3D('',#5609,#4528,#4529);
#3624=AXIS2_PLACEMENT_3D('',#5611,#4530,#4531);
#3625=AXIS2_PLACEMENT_3D('',#5613,#4532,#4533);
#3626=AXIS2_PLACEMENT_3D('',#5614,#4534,#4535);
#3627=AXIS2_PLACEMENT_3D('',#5616,#4536,#4537);
#3628=AXIS2_PLACEMENT_3D('',#5617,#4538,#4539);
#3629=AXIS2_PLACEMENT_3D('',#5619,#4540,#4541);
#3630=AXIS2_PLACEMENT_3D('',#5621,#4542,#4543);
#3631=AXIS2_PLACEMENT_3D('',#5622,#4544,#4545);
#3632=AXIS2_PLACEMENT_3D('',#5624,#4546,#4547);
#3633=AXIS2_PLACEMENT_3D('',#5625,#4548,#4549);
#3634=AXIS2_PLACEMENT_3D('',#5627,#4550,#4551);
#3635=AXIS2_PLACEMENT_3D('',#5629,#4552,#4553);
#3636=AXIS2_PLACEMENT_3D('',#5630,#4554,#4555);
#3637=AXIS2_PLACEMENT_3D('',#5632,#4556,#4557);
#3638=AXIS2_PLACEMENT_3D('',#5633,#4558,#4559);
#3639=AXIS2_PLACEMENT_3D('',#5635,#4560,#4561);
#3640=AXIS2_PLACEMENT_3D('',#5637,#4562,#4563);
#3641=AXIS2_PLACEMENT_3D('',#5638,#4564,#4565);
#3642=AXIS2_PLACEMENT_3D('',#5640,#4566,#4567);
#3643=AXIS2_PLACEMENT_3D('',#5641,#4568,#4569);
#3644=AXIS2_PLACEMENT_3D('',#5643,#4570,#4571);
#3645=AXIS2_PLACEMENT_3D('',#5645,#4572,#4573);
#3646=AXIS2_PLACEMENT_3D('',#5646,#4574,#4575);
#3647=AXIS2_PLACEMENT_3D('',#5648,#4576,#4577);
#3648=AXIS2_PLACEMENT_3D('',#5649,#4578,#4579);
#3649=AXIS2_PLACEMENT_3D('',#5651,#4580,#4581);
#3650=AXIS2_PLACEMENT_3D('',#5653,#4582,#4583);
#3651=AXIS2_PLACEMENT_3D('',#5654,#4584,#4585);
#3652=AXIS2_PLACEMENT_3D('',#5656,#4586,#4587);
#3653=AXIS2_PLACEMENT_3D('',#5657,#4588,#4589);
#3654=AXIS2_PLACEMENT_3D('',#5659,#4590,#4591);
#3655=AXIS2_PLACEMENT_3D('',#5661,#4592,#4593);
#3656=AXIS2_PLACEMENT_3D('',#5662,#4594,#4595);
#3657=AXIS2_PLACEMENT_3D('',#5664,#4596,#4597);
#3658=AXIS2_PLACEMENT_3D('',#5665,#4598,#4599);
#3659=AXIS2_PLACEMENT_3D('',#5667,#4600,#4601);
#3660=AXIS2_PLACEMENT_3D('',#5669,#4602,#4603);
#3661=AXIS2_PLACEMENT_3D('',#5670,#4604,#4605);
#3662=AXIS2_PLACEMENT_3D('',#5672,#4606,#4607);
#3663=AXIS2_PLACEMENT_3D('',#5673,#4608,#4609);
#3664=AXIS2_PLACEMENT_3D('',#5675,#4610,#4611);
#3665=AXIS2_PLACEMENT_3D('',#5677,#4612,#4613);
#3666=AXIS2_PLACEMENT_3D('',#5678,#4614,#4615);
#3667=AXIS2_PLACEMENT_3D('',#5680,#4616,#4617);
#3668=AXIS2_PLACEMENT_3D('',#5681,#4618,#4619);
#3669=AXIS2_PLACEMENT_3D('',#5683,#4620,#4621);
#3670=AXIS2_PLACEMENT_3D('',#5685,#4622,#4623);
#3671=AXIS2_PLACEMENT_3D('',#5686,#4624,#4625);
#3672=AXIS2_PLACEMENT_3D('',#5688,#4626,#4627);
#3673=AXIS2_PLACEMENT_3D('',#5689,#4628,#4629);
#3674=AXIS2_PLACEMENT_3D('',#5691,#4630,#4631);
#3675=AXIS2_PLACEMENT_3D('',#5692,#4632,#4633);
#3676=AXIS2_PLACEMENT_3D('',#5694,#4634,#4635);
#3677=AXIS2_PLACEMENT_3D('',#5695,#4636,#4637);
#3678=AXIS2_PLACEMENT_3D('',#5697,#4638,#4639);
#3679=AXIS2_PLACEMENT_3D('',#5698,#4640,#4641);
#3680=AXIS2_PLACEMENT_3D('',#5700,#4642,#4643);
#3681=AXIS2_PLACEMENT_3D('',#5701,#4644,#4645);
#3682=AXIS2_PLACEMENT_3D('',#5703,#4646,#4647);
#3683=AXIS2_PLACEMENT_3D('',#5704,#4648,#4649);
#3684=AXIS2_PLACEMENT_3D('',#5706,#4650,#4651);
#3685=AXIS2_PLACEMENT_3D('',#5707,#4652,#4653);
#3686=AXIS2_PLACEMENT_3D('',#5709,#4654,#4655);
#3687=AXIS2_PLACEMENT_3D('',#5710,#4656,#4657);
#3688=AXIS2_PLACEMENT_3D('',#5712,#4658,#4659);
#3689=AXIS2_PLACEMENT_3D('',#5713,#4660,#4661);
#3690=AXIS2_PLACEMENT_3D('',#5715,#4662,#4663);
#3691=AXIS2_PLACEMENT_3D('',#5716,#4664,#4665);
#3692=AXIS2_PLACEMENT_3D('',#5718,#4666,#4667);
#3693=AXIS2_PLACEMENT_3D('',#5719,#4668,#4669);
#3694=AXIS2_PLACEMENT_3D('',#5721,#4670,#4671);
#3695=AXIS2_PLACEMENT_3D('',#5722,#4672,#4673);
#3696=AXIS2_PLACEMENT_3D('',#5724,#4674,#4675);
#3697=AXIS2_PLACEMENT_3D('',#5725,#4676,#4677);
#3698=AXIS2_PLACEMENT_3D('',#5727,#4678,#4679);
#3699=AXIS2_PLACEMENT_3D('',#5728,#4680,#4681);
#3700=AXIS2_PLACEMENT_3D('',#5730,#4682,#4683);
#3701=AXIS2_PLACEMENT_3D('',#5731,#4684,#4685);
#3702=AXIS2_PLACEMENT_3D('',#5733,#4686,#4687);
#3703=AXIS2_PLACEMENT_3D('',#5734,#4688,#4689);
#3704=AXIS2_PLACEMENT_3D('',#5736,#4690,#4691);
#3705=AXIS2_PLACEMENT_3D('',#5737,#4692,#4693);
#3706=AXIS2_PLACEMENT_3D('',#5739,#4694,#4695);
#3707=AXIS2_PLACEMENT_3D('',#5740,#4696,#4697);
#3708=AXIS2_PLACEMENT_3D('',#5742,#4698,#4699);
#3709=AXIS2_PLACEMENT_3D('',#5743,#4700,#4701);
#3710=AXIS2_PLACEMENT_3D('',#5745,#4702,#4703);
#3711=AXIS2_PLACEMENT_3D('',#5746,#4704,#4705);
#3712=AXIS2_PLACEMENT_3D('',#5748,#4706,#4707);
#3713=AXIS2_PLACEMENT_3D('',#5749,#4708,#4709);
#3714=AXIS2_PLACEMENT_3D('',#5751,#4710,#4711);
#3715=AXIS2_PLACEMENT_3D('',#5752,#4712,#4713);
#3716=AXIS2_PLACEMENT_3D('',#5754,#4714,#4715);
#3717=AXIS2_PLACEMENT_3D('',#5755,#4716,#4717);
#3718=AXIS2_PLACEMENT_3D('',#5757,#4718,#4719);
#3719=AXIS2_PLACEMENT_3D('',#5758,#4720,#4721);
#3720=AXIS2_PLACEMENT_3D('',#5760,#4722,#4723);
#3721=AXIS2_PLACEMENT_3D('',#5761,#4724,#4725);
#3722=AXIS2_PLACEMENT_3D('',#5762,#4726,#4727);
#3723=AXIS2_PLACEMENT_3D('',#5763,#4728,#4729);
#3724=AXIS2_PLACEMENT_3D('',#5764,#4730,#4731);
#3725=AXIS2_PLACEMENT_3D('',#5765,#4732,#4733);
#3726=AXIS2_PLACEMENT_3D('',#5766,#4734,#4735);
#3727=AXIS2_PLACEMENT_3D('',#5767,#4736,#4737);
#3728=AXIS2_PLACEMENT_3D('',#5768,#4738,#4739);
#3729=AXIS2_PLACEMENT_3D('',#5769,#4740,#4741);
#3730=AXIS2_PLACEMENT_3D('',#5770,#4742,#4743);
#3731=AXIS2_PLACEMENT_3D('',#5771,#4744,#4745);
#3732=AXIS2_PLACEMENT_3D('',#5772,#4746,#4747);
#3733=AXIS2_PLACEMENT_3D('',#5776,#4749,#4750);
#3734=AXIS2_PLACEMENT_3D('',#5780,#4752,#4753);
#3735=AXIS2_PLACEMENT_3D('',#5781,#4754,#4755);
#3736=AXIS2_PLACEMENT_3D('',#5787,#4759,#4760);
#3737=AXIS2_PLACEMENT_3D('',#5793,#4764,#4765);
#3738=AXIS2_PLACEMENT_3D('',#5797,#4767,#4768);
#3739=AXIS2_PLACEMENT_3D('',#5798,#4769,#4770);
#3740=AXIS2_PLACEMENT_3D('',#5799,#4771,#4772);
#3741=AXIS2_PLACEMENT_3D('',#5800,#4773,#4774);
#3742=AXIS2_PLACEMENT_3D('',#5804,#4776,#4777);
#3743=AXIS2_PLACEMENT_3D('',#5805,#4778,#4779);
#3744=AXIS2_PLACEMENT_3D('',#5811,#4783,#4784);
#3745=AXIS2_PLACEMENT_3D('',#5817,#4788,#4789);
#3746=AXIS2_PLACEMENT_3D('',#5818,#4790,#4791);
#3747=AXIS2_PLACEMENT_3D('',#5819,#4792,#4793);
#3748=AXIS2_PLACEMENT_3D('',#5820,#4794,#4795);
#3749=AXIS2_PLACEMENT_3D('',#5824,#4797,#4798);
#3750=AXIS2_PLACEMENT_3D('',#5828,#4800,#4801);
#3751=AXIS2_PLACEMENT_3D('',#5829,#4802,#4803);
#3752=AXIS2_PLACEMENT_3D('',#5835,#4807,#4808);
#3753=AXIS2_PLACEMENT_3D('',#5841,#4812,#4813);
#3754=AXIS2_PLACEMENT_3D('',#5845,#4815,#4816);
#3755=AXIS2_PLACEMENT_3D('',#5846,#4817,#4818);
#3756=AXIS2_PLACEMENT_3D('',#5847,#4819,#4820);
#3757=AXIS2_PLACEMENT_3D('',#5848,#4821,#4822);
#3758=AXIS2_PLACEMENT_3D('',#5852,#4824,#4825);
#3759=AXIS2_PLACEMENT_3D('',#5853,#4826,#4827);
#3760=AXIS2_PLACEMENT_3D('',#5859,#4831,#4832);
#3761=AXIS2_PLACEMENT_3D('',#5865,#4836,#4837);
#3762=AXIS2_PLACEMENT_3D('',#5866,#4838,#4839);
#3763=AXIS2_PLACEMENT_3D('',#5867,#4840,#4841);
#3764=AXIS2_PLACEMENT_3D('',#5868,#4842,#4843);
#3765=AXIS2_PLACEMENT_3D('',#5869,#4844,#4845);
#3766=AXIS2_PLACEMENT_3D('',#5870,#4846,#4847);
#3767=AXIS2_PLACEMENT_3D('',#5871,#4848,#4849);
#3768=AXIS2_PLACEMENT_3D('',#5872,#4850,#4851);
#3769=AXIS2_PLACEMENT_3D('',#5873,#4852,#4853);
#3770=AXIS2_PLACEMENT_3D('',#5874,#4854,#4855);
#3771=AXIS2_PLACEMENT_3D('',#5875,#4856,#4857);
#3772=AXIS2_PLACEMENT_3D('',#5876,#4858,#4859);
#3773=AXIS2_PLACEMENT_3D('',#5877,#4860,#4861);
#3774=AXIS2_PLACEMENT_3D('',#5878,#4862,#4863);
#3775=AXIS2_PLACEMENT_3D('',#5879,#4864,#4865);
#3776=AXIS2_PLACEMENT_3D('',#5880,#4866,#4867);
#3777=AXIS2_PLACEMENT_3D('',#5881,#4868,#4869);
#3778=AXIS2_PLACEMENT_3D('',#5882,#4870,#4871);
#3779=AXIS2_PLACEMENT_3D('',#5883,#4872,#4873);
#3780=AXIS2_PLACEMENT_3D('',#5884,#4874,#4875);
#3781=AXIS2_PLACEMENT_3D('',#5885,#4876,#4877);
#3782=AXIS2_PLACEMENT_3D('',#5886,#4878,#4879);
#3783=AXIS2_PLACEMENT_3D('',#5887,#4880,#4881);
#3784=AXIS2_PLACEMENT_3D('',#5888,#4882,#4883);
#3785=AXIS2_PLACEMENT_3D('',#5889,#4884,#4885);
#3786=AXIS2_PLACEMENT_3D('',#5890,#4886,#4887);
#3787=AXIS2_PLACEMENT_3D('',#5891,#4888,#4889);
#3788=AXIS2_PLACEMENT_3D('',#5892,#4890,#4891);
#3789=AXIS2_PLACEMENT_3D('',#5893,#4892,#4893);
#3790=AXIS2_PLACEMENT_3D('',#5894,#4894,#4895);
#3791=AXIS2_PLACEMENT_3D('',#5895,#4896,#4897);
#3792=AXIS2_PLACEMENT_3D('',#5896,#4898,#4899);
#3793=AXIS2_PLACEMENT_3D('',#5897,#4900,#4901);
#3794=AXIS2_PLACEMENT_3D('',#5898,#4902,#4903);
#3795=AXIS2_PLACEMENT_3D('',#5899,#4904,#4905);
#3796=AXIS2_PLACEMENT_3D('',#5900,#4906,#4907);
#3797=AXIS2_PLACEMENT_3D('',#5901,#4908,#4909);
#3798=AXIS2_PLACEMENT_3D('',#5902,#4910,#4911);
#3799=AXIS2_PLACEMENT_3D('',#5903,#4912,#4913);
#3800=AXIS2_PLACEMENT_3D('',#5904,#4914,#4915);
#3801=AXIS2_PLACEMENT_3D('',#5905,#4916,#4917);
#3802=AXIS2_PLACEMENT_3D('',#5906,#4918,#4919);
#3803=AXIS2_PLACEMENT_3D('',#5907,#4920,#4921);
#3804=AXIS2_PLACEMENT_3D('',#5908,#4922,#4923);
#3805=AXIS2_PLACEMENT_3D('',#5909,#4924,#4925);
#3806=AXIS2_PLACEMENT_3D('',#5910,#4926,#4927);
#3807=AXIS2_PLACEMENT_3D('',#5911,#4928,#4929);
#3808=AXIS2_PLACEMENT_3D('',#5912,#4930,#4931);
#3809=AXIS2_PLACEMENT_3D('',#5913,#4932,#4933);
#3810=AXIS2_PLACEMENT_3D('',#5914,#4934,#4935);
#3811=AXIS2_PLACEMENT_3D('',#5915,#4936,#4937);
#3812=AXIS2_PLACEMENT_3D('',#5916,#4938,#4939);
#3813=AXIS2_PLACEMENT_3D('',#5917,#4940,#4941);
#3814=AXIS2_PLACEMENT_3D('',#5918,#4942,#4943);
#3815=AXIS2_PLACEMENT_3D('',#5919,#4944,#4945);
#3816=AXIS2_PLACEMENT_3D('',#5920,#4946,#4947);
#3817=AXIS2_PLACEMENT_3D('',#5921,#4948,#4949);
#3818=AXIS2_PLACEMENT_3D('',#5922,#4950,#4951);
#3819=AXIS2_PLACEMENT_3D('',#5923,#4952,#4953);
#3820=AXIS2_PLACEMENT_3D('',#5924,#4954,#4955);
#3821=AXIS2_PLACEMENT_3D('',#5925,#4956,#4957);
#3822=AXIS2_PLACEMENT_3D('',#5926,#4958,#4959);
#3823=AXIS2_PLACEMENT_3D('',#5927,#4960,#4961);
#3824=AXIS2_PLACEMENT_3D('',#5928,#4962,#4963);
#3825=AXIS2_PLACEMENT_3D('',#5929,#4964,#4965);
#3826=AXIS2_PLACEMENT_3D('',#5930,#4966,#4967);
#3827=AXIS2_PLACEMENT_3D('',#5931,#4968,#4969);
#3828=AXIS2_PLACEMENT_3D('',#5932,#4970,#4971);
#3829=AXIS2_PLACEMENT_3D('',#5933,#4972,#4973);
#3830=AXIS2_PLACEMENT_3D('',#5934,#4974,#4975);
#3831=AXIS2_PLACEMENT_3D('',#5935,#4976,#4977);
#3832=AXIS2_PLACEMENT_3D('',#5936,#4978,#4979);
#3833=AXIS2_PLACEMENT_3D('',#5937,#4980,#4981);
#3834=AXIS2_PLACEMENT_3D('',#5938,#4982,#4983);
#3835=AXIS2_PLACEMENT_3D('',#5939,#4984,#4985);
#3836=AXIS2_PLACEMENT_3D('',#5940,#4986,#4987);
#3837=AXIS2_PLACEMENT_3D('',#5941,#4988,#4989);
#3838=AXIS2_PLACEMENT_3D('',#5942,#4990,#4991);
#3839=AXIS2_PLACEMENT_3D('',#5943,#4992,#4993);
#3840=AXIS2_PLACEMENT_3D('',#5944,#4994,#4995);
#3841=AXIS2_PLACEMENT_3D('',#5945,#4996,#4997);
#3842=AXIS2_PLACEMENT_3D('',#5946,#4998,#4999);
#3843=AXIS2_PLACEMENT_3D('',#5948,#5000,#5001);
#3844=AXIS2_PLACEMENT_3D('',#5950,#5002,#5003);
#3845=AXIS2_PLACEMENT_3D('',#5951,#5004,#5005);
#3846=AXIS2_PLACEMENT_3D('',#5953,#5006,#5007);
#3847=AXIS2_PLACEMENT_3D('',#5955,#5008,#5009);
#3848=AXIS2_PLACEMENT_3D('',#5956,#5010,#5011);
#3849=AXIS2_PLACEMENT_3D('',#5958,#5012,#5013);
#3850=AXIS2_PLACEMENT_3D('',#5959,#5014,#5015);
#3851=AXIS2_PLACEMENT_3D('',#5961,#5016,#5017);
#3852=AXIS2_PLACEMENT_3D('',#5963,#5018,#5019);
#3853=AXIS2_PLACEMENT_3D('',#5964,#5020,#5021);
#3854=AXIS2_PLACEMENT_3D('',#5966,#5022,#5023);
#3855=AXIS2_PLACEMENT_3D('',#5968,#5024,#5025);
#3856=AXIS2_PLACEMENT_3D('',#5969,#5026,#5027);
#3857=AXIS2_PLACEMENT_3D('',#5971,#5028,#5029);
#3858=AXIS2_PLACEMENT_3D('',#5973,#5030,#5031);
#3859=AXIS2_PLACEMENT_3D('',#5974,#5032,#5033);
#3860=AXIS2_PLACEMENT_3D('',#5976,#5034,#5035);
#3861=AXIS2_PLACEMENT_3D('',#5977,#5036,#5037);
#3862=AXIS2_PLACEMENT_3D('',#5979,#5038,#5039);
#3863=AXIS2_PLACEMENT_3D('',#5980,#5040,#5041);
#3864=AXIS2_PLACEMENT_3D('',#5982,#5042,#5043);
#3865=AXIS2_PLACEMENT_3D('',#5983,#5044,#5045);
#3866=AXIS2_PLACEMENT_3D('',#5984,#5046,#5047);
#3867=AXIS2_PLACEMENT_3D('',#5986,#5048,#5049);
#3868=AXIS2_PLACEMENT_3D('',#5988,#5050,#5051);
#3869=AXIS2_PLACEMENT_3D('',#5989,#5052,#5053);
#3870=AXIS2_PLACEMENT_3D('',#5991,#5054,#5055);
#3871=AXIS2_PLACEMENT_3D('',#5993,#5056,#5057);
#3872=AXIS2_PLACEMENT_3D('',#5994,#5058,#5059);
#3873=AXIS2_PLACEMENT_3D('',#5996,#5060,#5061);
#3874=AXIS2_PLACEMENT_3D('',#5998,#5062,#5063);
#3875=AXIS2_PLACEMENT_3D('',#5999,#5064,#5065);
#3876=AXIS2_PLACEMENT_3D('',#6000,#5066,#5067);
#3877=AXIS2_PLACEMENT_3D('',#6001,#5068,#5069);
#3878=AXIS2_PLACEMENT_3D('',#6002,#5070,#5071);
#3879=AXIS2_PLACEMENT_3D('',#6003,#5072,#5073);
#3880=AXIS2_PLACEMENT_3D('',#6004,#5074,#5075);
#3881=AXIS2_PLACEMENT_3D('',#6005,#5076,#5077);
#3882=DIRECTION('',(0.,0.,1.));
#3883=DIRECTION('',(1.,0.,0.));
#3884=DIRECTION('',(0.,0.,-1.));
#3885=DIRECTION('',(-1.,0.,0.));
#3886=DIRECTION('',(0.,0.,1.));
#3887=DIRECTION('',(1.,0.,0.));
#3888=DIRECTION('',(0.,0.,-1.));
#3889=DIRECTION('',(-1.,0.,0.));
#3890=DIRECTION('',(0.,0.,1.));
#3891=DIRECTION('',(1.,0.,0.));
#3892=DIRECTION('',(0.,0.,1.));
#3893=DIRECTION('',(1.,0.,0.));
#3894=DIRECTION('',(0.,0.,1.));
#3895=DIRECTION('',(1.,0.,0.));
#3896=DIRECTION('',(0.,0.,1.));
#3897=DIRECTION('',(1.,0.,0.));
#3898=DIRECTION('',(0.,0.,1.));
#3899=DIRECTION('',(1.,0.,0.));
#3900=DIRECTION('',(0.,0.,-1.));
#3901=DIRECTION('',(-1.,0.,0.));
#3902=DIRECTION('',(0.,0.,1.));
#3903=DIRECTION('',(1.,0.,0.));
#3904=DIRECTION('',(0.,0.,1.));
#3905=DIRECTION('',(1.,0.,0.));
#3906=DIRECTION('',(0.,0.,1.));
#3907=DIRECTION('',(1.,0.,0.));
#3908=DIRECTION('',(0.,0.,1.));
#3909=DIRECTION('',(1.,0.,0.));
#3910=DIRECTION('',(0.,0.,1.));
#3911=DIRECTION('',(1.,0.,0.));
#3912=DIRECTION('',(0.,0.,-1.));
#3913=DIRECTION('',(-1.,0.,0.));
#3914=DIRECTION('',(0.,0.,1.));
#3915=DIRECTION('',(1.,0.,0.));
#3916=DIRECTION('',(0.,0.,1.));
#3917=DIRECTION('',(1.,0.,0.));
#3918=DIRECTION('',(0.,0.,1.));
#3919=DIRECTION('',(1.,0.,0.));
#3920=DIRECTION('',(0.,0.,1.));
#3921=DIRECTION('',(1.,0.,0.));
#3922=DIRECTION('',(0.,0.,1.));
#3923=DIRECTION('',(1.,0.,0.));
#3924=DIRECTION('',(0.,0.,-1.));
#3925=DIRECTION('',(-1.,0.,0.));
#3926=DIRECTION('',(0.,0.,1.));
#3927=DIRECTION('',(1.,0.,0.));
#3928=DIRECTION('',(0.,0.,-1.));
#3929=DIRECTION('',(-1.,0.,0.));
#3930=DIRECTION('',(0.,0.,-1.));
#3931=DIRECTION('',(-1.,0.,0.));
#3932=DIRECTION('',(0.,0.,-1.));
#3933=DIRECTION('',(-1.,0.,0.));
#3934=DIRECTION('',(0.,0.,1.));
#3935=DIRECTION('',(1.,0.,0.));
#3936=DIRECTION('',(0.,0.,1.));
#3937=DIRECTION('',(1.,0.,0.));
#3938=DIRECTION('',(0.,0.,1.));
#3939=DIRECTION('',(1.,0.,0.));
#3940=DIRECTION('',(0.,0.,1.));
#3941=DIRECTION('',(1.,0.,0.));
#3942=DIRECTION('',(0.,0.,1.));
#3943=DIRECTION('',(1.,0.,0.));
#3944=DIRECTION('',(0.,0.,1.));
#3945=DIRECTION('',(1.,0.,0.));
#3946=DIRECTION('',(0.,0.,1.));
#3947=DIRECTION('',(1.,0.,0.));
#3948=DIRECTION('',(0.,0.,-1.));
#3949=DIRECTION('',(-1.,0.,0.));
#3950=DIRECTION('',(0.,0.,1.));
#3951=DIRECTION('',(1.,0.,0.));
#3952=DIRECTION('',(0.,0.,1.));
#3953=DIRECTION('',(1.,0.,0.));
#3954=DIRECTION('',(0.,0.,1.));
#3955=DIRECTION('',(1.,0.,0.));
#3956=DIRECTION('',(0.,0.,1.));
#3957=DIRECTION('',(1.,0.,0.));
#3958=DIRECTION('',(0.,0.,1.));
#3959=DIRECTION('',(1.,0.,0.));
#3960=DIRECTION('',(0.,0.,-1.));
#3961=DIRECTION('',(-1.,0.,0.));
#3962=DIRECTION('',(0.,0.,-1.));
#3963=DIRECTION('',(0.,0.,-1.));
#3964=DIRECTION('',(-1.,0.,0.));
#3965=DIRECTION('',(0.,0.,-1.));
#3966=DIRECTION('',(0.,0.,1.));
#3967=DIRECTION('',(1.,0.,0.));
#3968=DIRECTION('',(1.,0.,0.));
#3969=DIRECTION('',(0.,0.,-1.));
#3970=DIRECTION('',(0.,1.,0.));
#3971=DIRECTION('',(0.,0.,-1.));
#3972=DIRECTION('',(0.,1.,0.));
#3973=DIRECTION('',(0.,0.,-1.));
#3974=DIRECTION('',(-1.,0.,0.));
#3975=DIRECTION('',(0.,0.,-1.));
#3976=DIRECTION('',(-1.,0.,0.));
#3977=DIRECTION('',(0.,0.,-1.));
#3978=DIRECTION('',(0.,0.,1.));
#3979=DIRECTION('',(1.,0.,0.));
#3980=DIRECTION('',(1.04422782602065E-16,-1.,0.));
#3981=DIRECTION('',(1.,1.04422782602065E-16,0.));
#3982=DIRECTION('',(1.,1.04422782602065E-16,2.10417156361836E-32));
#3983=DIRECTION('',(0.,0.,-1.));
#3984=DIRECTION('',(1.,1.04422782602065E-16,-2.10417156361836E-32));
#3985=DIRECTION('',(0.,0.,-1.));
#3986=DIRECTION('',(-1.,0.,0.));
#3987=DIRECTION('',(0.,0.,-1.));
#3988=DIRECTION('',(-1.,0.,0.));
#3989=DIRECTION('',(0.,0.,-1.));
#3990=DIRECTION('',(0.,0.,1.));
#3991=DIRECTION('',(1.,0.,0.));
#3992=DIRECTION('',(1.,3.16122729107391E-16,0.));
#3993=DIRECTION('',(-3.16122729107391E-16,1.,0.));
#3994=DIRECTION('',(-3.16122729107391E-16,1.,8.41668625447342E-32));
#3995=DIRECTION('',(0.,0.,-1.));
#3996=DIRECTION('',(-3.16122729107391E-16,1.,-8.41668625447342E-32));
#3997=DIRECTION('',(0.,0.,-1.));
#3998=DIRECTION('',(-1.,0.,0.));
#3999=DIRECTION('',(0.,0.,-1.));
#4000=DIRECTION('',(-1.,0.,0.));
#4001=DIRECTION('',(0.,0.,-1.));
#4002=DIRECTION('',(0.,0.,1.));
#4003=DIRECTION('',(1.,0.,0.));
#4004=DIRECTION('',(1.56634173903097E-16,-1.,0.));
#4005=DIRECTION('',(1.,1.56634173903097E-16,0.));
#4006=DIRECTION('',(1.,1.56634173903097E-16,0.));
#4007=DIRECTION('',(1.,1.56634173903097E-16,0.));
#4008=DIRECTION('',(0.,0.,1.));
#4009=DIRECTION('',(1.,0.,0.));
#4010=DIRECTION('',(-1.,-1.56634173903097E-16,0.));
#4011=DIRECTION('',(0.,0.,1.));
#4012=DIRECTION('',(1.,0.,0.));
#4013=DIRECTION('',(0.,-1.,0.));
#4014=DIRECTION('',(0.,0.,1.));
#4015=DIRECTION('',(1.,0.,0.));
#4016=DIRECTION('',(-1.,-1.04422782602065E-16,0.));
#4017=DIRECTION('',(0.,0.,1.));
#4018=DIRECTION('',(1.,0.,0.));
#4019=DIRECTION('',(3.16122729107391E-16,-1.,0.));
#4020=DIRECTION('',(0.,0.,1.));
#4021=DIRECTION('',(1.,0.,0.));
#4022=DIRECTION('',(0.,0.,1.));
#4023=DIRECTION('',(1.,0.,0.));
#4024=DIRECTION('',(0.,0.,1.));
#4025=DIRECTION('',(1.,0.,0.));
#4026=DIRECTION('',(0.,0.,1.));
#4027=DIRECTION('',(1.,0.,0.));
#4028=DIRECTION('',(0.,0.,1.));
#4029=DIRECTION('',(1.,0.,0.));
#4030=DIRECTION('',(0.,0.,1.));
#4031=DIRECTION('',(1.,0.,0.));
#4032=DIRECTION('',(0.,0.,1.));
#4033=DIRECTION('',(1.,0.,0.));
#4034=DIRECTION('',(0.,0.,1.));
#4035=DIRECTION('',(1.,0.,0.));
#4036=DIRECTION('',(0.,0.,1.));
#4037=DIRECTION('',(1.,0.,0.));
#4038=DIRECTION('',(0.,0.,1.));
#4039=DIRECTION('',(1.,0.,0.));
#4040=DIRECTION('',(0.,0.,1.));
#4041=DIRECTION('',(1.,0.,0.));
#4042=DIRECTION('',(0.,0.,1.));
#4043=DIRECTION('',(1.,0.,0.));
#4044=DIRECTION('',(0.,0.,1.));
#4045=DIRECTION('',(1.,0.,0.));
#4046=DIRECTION('',(0.,0.,1.));
#4047=DIRECTION('',(1.,0.,0.));
#4048=DIRECTION('',(-1.,-1.04422782602065E-16,0.));
#4049=DIRECTION('',(0.,0.,1.));
#4050=DIRECTION('',(1.,0.,0.));
#4051=DIRECTION('',(0.,-1.,0.));
#4052=DIRECTION('',(0.,0.,1.));
#4053=DIRECTION('',(1.,0.,0.));
#4054=DIRECTION('',(-1.,-1.56634173903097E-16,0.));
#4055=DIRECTION('',(0.,0.,1.));
#4056=DIRECTION('',(1.,0.,0.));
#4057=DIRECTION('',(3.16122729107391E-16,-1.,0.));
#4058=DIRECTION('',(0.,0.,1.));
#4059=DIRECTION('',(1.,0.,0.));
#4060=DIRECTION('',(0.,0.,-1.));
#4061=DIRECTION('',(-1.,0.,0.));
#4062=DIRECTION('',(0.,0.,1.));
#4063=DIRECTION('',(1.,0.,0.));
#4064=DIRECTION('',(0.,0.,1.));
#4065=DIRECTION('',(1.,0.,0.));
#4066=DIRECTION('',(0.,0.,1.));
#4067=DIRECTION('',(1.,0.,0.));
#4068=DIRECTION('',(0.,0.,-1.));
#4069=DIRECTION('',(-1.,0.,0.));
#4070=DIRECTION('',(0.,0.,1.));
#4071=DIRECTION('',(1.,0.,0.));
#4072=DIRECTION('',(0.,0.,1.));
#4073=DIRECTION('',(1.,0.,0.));
#4074=DIRECTION('',(0.,0.,1.));
#4075=DIRECTION('',(1.,0.,0.));
#4076=DIRECTION('',(0.,0.,-1.));
#4077=DIRECTION('',(-1.,0.,0.));
#4078=DIRECTION('',(0.,0.,1.));
#4079=DIRECTION('',(1.,0.,0.));
#4080=DIRECTION('',(0.,0.,1.));
#4081=DIRECTION('',(1.,0.,0.));
#4082=DIRECTION('',(0.,0.,1.));
#4083=DIRECTION('',(1.,0.,0.));
#4084=DIRECTION('',(0.,0.,-1.));
#4085=DIRECTION('',(-1.,0.,0.));
#4086=DIRECTION('',(0.,0.,1.));
#4087=DIRECTION('',(1.,0.,0.));
#4088=DIRECTION('',(0.,0.,1.));
#4089=DIRECTION('',(1.,0.,0.));
#4090=DIRECTION('',(0.,0.,1.));
#4091=DIRECTION('',(1.,0.,0.));
#4092=DIRECTION('',(0.,0.,-1.));
#4093=DIRECTION('',(-1.,0.,0.));
#4094=DIRECTION('',(0.,0.,1.));
#4095=DIRECTION('',(1.,0.,0.));
#4096=DIRECTION('',(0.,0.,1.));
#4097=DIRECTION('',(1.,0.,0.));
#4098=DIRECTION('',(0.,0.,1.));
#4099=DIRECTION('',(1.,0.,0.));
#4100=DIRECTION('',(0.,0.,-1.));
#4101=DIRECTION('',(-1.,0.,0.));
#4102=DIRECTION('',(0.,0.,1.));
#4103=DIRECTION('',(1.,0.,0.));
#4104=DIRECTION('',(0.,0.,1.));
#4105=DIRECTION('',(1.,0.,0.));
#4106=DIRECTION('',(0.,0.,1.));
#4107=DIRECTION('',(1.,0.,0.));
#4108=DIRECTION('',(0.,0.,-1.));
#4109=DIRECTION('',(-1.,0.,0.));
#4110=DIRECTION('',(0.,0.,1.));
#4111=DIRECTION('',(1.,0.,0.));
#4112=DIRECTION('',(0.,0.,1.));
#4113=DIRECTION('',(1.,0.,0.));
#4114=DIRECTION('',(0.,0.,1.));
#4115=DIRECTION('',(1.,0.,0.));
#4116=DIRECTION('',(0.,0.,-1.));
#4117=DIRECTION('',(-1.,0.,0.));
#4118=DIRECTION('',(0.,0.,1.));
#4119=DIRECTION('',(1.,0.,0.));
#4120=DIRECTION('',(0.,0.,1.));
#4121=DIRECTION('',(1.,0.,0.));
#4122=DIRECTION('',(0.,0.,1.));
#4123=DIRECTION('',(1.,0.,0.));
#4124=DIRECTION('',(0.,0.,-1.));
#4125=DIRECTION('',(-1.,0.,0.));
#4126=DIRECTION('',(0.,0.,1.));
#4127=DIRECTION('',(1.,0.,0.));
#4128=DIRECTION('',(0.,0.,1.));
#4129=DIRECTION('',(1.,0.,0.));
#4130=DIRECTION('',(0.,0.,1.));
#4131=DIRECTION('',(1.,0.,0.));
#4132=DIRECTION('',(0.,0.,-1.));
#4133=DIRECTION('',(-1.,0.,0.));
#4134=DIRECTION('',(0.,0.,1.));
#4135=DIRECTION('',(1.,0.,0.));
#4136=DIRECTION('',(0.,0.,1.));
#4137=DIRECTION('',(1.,0.,0.));
#4138=DIRECTION('',(0.,0.,1.));
#4139=DIRECTION('',(1.,0.,0.));
#4140=DIRECTION('',(0.,0.,-1.));
#4141=DIRECTION('',(-1.,0.,0.));
#4142=DIRECTION('',(0.,0.,1.));
#4143=DIRECTION('',(1.,0.,0.));
#4144=DIRECTION('',(0.,0.,1.));
#4145=DIRECTION('',(1.,0.,0.));
#4146=DIRECTION('',(0.,0.,1.));
#4147=DIRECTION('',(1.,0.,0.));
#4148=DIRECTION('',(0.,0.,-1.));
#4149=DIRECTION('',(-1.,0.,0.));
#4150=DIRECTION('',(0.,0.,1.));
#4151=DIRECTION('',(1.,0.,0.));
#4152=DIRECTION('',(0.,0.,1.));
#4153=DIRECTION('',(1.,0.,0.));
#4154=DIRECTION('',(0.,0.,1.));
#4155=DIRECTION('',(1.,0.,0.));
#4156=DIRECTION('',(0.,0.,1.));
#4157=DIRECTION('',(1.,0.,0.));
#4158=DIRECTION('',(0.,0.,1.));
#4159=DIRECTION('',(1.,0.,0.));
#4160=DIRECTION('',(0.,0.,1.));
#4161=DIRECTION('',(1.,0.,0.));
#4162=DIRECTION('',(0.,0.,1.));
#4163=DIRECTION('',(1.,0.,0.));
#4164=DIRECTION('',(0.,0.,1.));
#4165=DIRECTION('',(1.,0.,0.));
#4166=DIRECTION('',(0.,0.,1.));
#4167=DIRECTION('',(1.,0.,0.));
#4168=DIRECTION('',(0.,0.,1.));
#4169=DIRECTION('',(1.,0.,0.));
#4170=DIRECTION('',(0.,0.,1.));
#4171=DIRECTION('',(1.,0.,0.));
#4172=DIRECTION('',(0.,0.,1.));
#4173=DIRECTION('',(1.,0.,0.));
#4174=DIRECTION('',(0.,0.,1.));
#4175=DIRECTION('',(1.,0.,0.));
#4176=DIRECTION('',(0.,0.,1.));
#4177=DIRECTION('',(1.,0.,0.));
#4178=DIRECTION('',(0.,0.,1.));
#4179=DIRECTION('',(1.,0.,0.));
#4180=DIRECTION('',(0.,0.,-1.));
#4181=DIRECTION('',(-1.,0.,0.));
#4182=DIRECTION('',(0.,0.707106781186548,-0.707106781186548));
#4183=DIRECTION('',(0.,0.,1.));
#4184=DIRECTION('',(1.,0.,0.));
#4185=DIRECTION('',(-0.707106781186548,0.,0.707106781186548));
#4186=DIRECTION('',(0.,0.,-1.));
#4187=DIRECTION('',(-1.,0.,0.));
#4188=DIRECTION('',(-1.10757086532433E-16,0.707106781186548,0.707106781186547));
#4189=DIRECTION('',(1.,1.56634173903097E-16,0.));
#4190=DIRECTION('',(0.,0.707106781186547,-0.707106781186548));
#4191=DIRECTION('',(-1.,-1.56634173903097E-16,4.35788199605262E-33));
#4192=DIRECTION('',(1.,1.56634173903097E-16,-8.71576399210525E-33));
#4193=DIRECTION('',(-0.707106781186548,-2.23532525439034E-16,-0.707106781186548));
#4194=DIRECTION('',(3.16122729107391E-16,-1.,0.));
#4195=DIRECTION('',(-3.16122729107391E-16,1.,0.));
#4196=DIRECTION('',(-0.707106781186551,0.,0.707106781186544));
#4197=DIRECTION('',(3.16122729107391E-16,-1.,3.5920455450328E-32));
#4198=DIRECTION('',(0.,0.,-1.));
#4199=DIRECTION('',(-1.,0.,0.));
#4200=DIRECTION('',(-0.707106781186551,0.,-0.707106781186544));
#4201=DIRECTION('',(0.,0.,1.));
#4202=DIRECTION('',(1.,0.,0.));
#4203=DIRECTION('',(0.,0.,-1.));
#4204=DIRECTION('',(-1.,0.,0.));
#4205=DIRECTION('',(0.,0.,-1.));
#4206=DIRECTION('',(-1.,0.,0.));
#4207=DIRECTION('',(0.,0.,1.));
#4208=DIRECTION('',(1.,0.,0.));
#4209=DIRECTION('',(0.,0.707106781186548,0.707106781186547));
#4210=DIRECTION('',(0.,0.,-1.));
#4211=DIRECTION('',(-1.,0.,0.));
#4212=DIRECTION('',(-0.707106781186548,0.,0.707106781186548));
#4213=DIRECTION('',(0.,1.,0.));
#4214=DIRECTION('',(-0.707106781186548,0.,-0.707106781186548));
#4215=DIRECTION('',(0.,-1.,0.));
#4216=DIRECTION('',(0.,1.,0.));
#4217=DIRECTION('',(-7.38380576882889E-17,0.707106781186548,-0.707106781186548));
#4218=DIRECTION('',(-1.,-1.04422782602065E-16,0.));
#4219=DIRECTION('',(1.,1.04422782602065E-16,-4.35788199605262E-33));
#4220=DIRECTION('',(0.,0.707106781186548,0.707106781186548));
#4221=DIRECTION('',(-1.,-1.04422782602065E-16,1.76958778546872E-32));
#4222=DIRECTION('',(0.,0.,-1.));
#4223=DIRECTION('',(-1.,0.,0.));
#4224=DIRECTION('',(0.,0.,1.));
#4225=DIRECTION('',(1.,0.,0.));
#4226=DIRECTION('',(0.,0.,-1.));
#4227=DIRECTION('',(-1.,0.,0.));
#4228=DIRECTION('',(0.,0.,1.));
#4229=DIRECTION('',(1.,0.,0.));
#4230=DIRECTION('',(0.,-0.707106781186548,-0.707106781186548));
#4231=DIRECTION('',(0.,0.,1.));
#4232=DIRECTION('',(1.,0.,0.));
#4233=DIRECTION('',(0.707106781186548,0.,0.707106781186548));
#4234=DIRECTION('',(0.,0.,1.));
#4235=DIRECTION('',(1.,0.,0.));
#4236=DIRECTION('',(1.10757086532433E-16,-0.707106781186548,0.707106781186547));
#4237=DIRECTION('',(-1.,-1.56634173903097E-16,0.));
#4238=DIRECTION('',(0.,-0.707106781186547,-0.707106781186548));
#4239=DIRECTION('',(-1.,-1.56634173903097E-16,-8.71576399210525E-33));
#4240=DIRECTION('',(1.,1.56634173903097E-16,8.71576399210525E-33));
#4241=DIRECTION('',(0.707106781186548,2.23532525439034E-16,-0.707106781186548));
#4242=DIRECTION('',(-3.16122729107391E-16,1.,0.));
#4243=DIRECTION('',(-3.16122729107391E-16,1.,3.5920455450328E-32));
#4244=DIRECTION('',(0.707106781186544,0.,0.707106781186551));
#4245=DIRECTION('',(3.16122729107391E-16,-1.,0.));
#4246=DIRECTION('',(0.,0.,1.));
#4247=DIRECTION('',(1.,0.,0.));
#4248=DIRECTION('',(0.707106781186548,0.,-0.707106781186548));
#4249=DIRECTION('',(0.,0.,1.));
#4250=DIRECTION('',(1.,0.,0.));
#4251=DIRECTION('',(0.,0.,1.));
#4252=DIRECTION('',(1.,0.,0.));
#4253=DIRECTION('',(0.,0.,1.));
#4254=DIRECTION('',(1.,0.,0.));
#4255=DIRECTION('',(0.,0.,1.));
#4256=DIRECTION('',(1.,0.,0.));
#4257=DIRECTION('',(0.,-0.707106781186548,0.707106781186547));
#4258=DIRECTION('',(0.,0.,1.));
#4259=DIRECTION('',(1.,0.,0.));
#4260=DIRECTION('',(0.707106781186548,0.,0.707106781186548));
#4261=DIRECTION('',(0.,-1.,0.));
#4262=DIRECTION('',(0.707106781186548,0.,-0.707106781186548));
#4263=DIRECTION('',(0.,-1.,0.));
#4264=DIRECTION('',(0.,1.,0.));
#4265=DIRECTION('',(7.38380576882889E-17,-0.707106781186548,-0.707106781186548));
#4266=DIRECTION('',(1.,1.04422782602065E-16,0.));
#4267=DIRECTION('',(1.,1.04422782602065E-16,1.76958778546872E-32));
#4268=DIRECTION('',(0.,-0.707106781186548,0.707106781186548));
#4269=DIRECTION('',(-1.,-1.04422782602065E-16,4.35788199605262E-33));
#4270=DIRECTION('',(0.,0.,1.));
#4271=DIRECTION('',(1.,0.,0.));
#4272=DIRECTION('',(0.,0.,1.));
#4273=DIRECTION('',(1.,0.,0.));
#4274=DIRECTION('',(0.,0.,1.));
#4275=DIRECTION('',(1.,0.,0.));
#4276=DIRECTION('',(0.,0.,-1.));
#4277=DIRECTION('',(-1.,0.,0.));
#4278=DIRECTION('',(-1.,0.,0.));
#4279=DIRECTION('',(0.,0.,1.));
#4280=DIRECTION('',(0.,1.,0.));
#4281=DIRECTION('',(0.,0.,1.));
#4282=DIRECTION('',(-3.16122729107391E-16,1.,8.41668625447342E-32));
#4283=DIRECTION('',(-1.,-3.16122729107391E-16,0.));
#4284=DIRECTION('',(0.,1.,0.));
#4285=DIRECTION('',(0.,0.,1.));
#4286=DIRECTION('',(1.,1.04422782602065E-16,2.10417156361836E-32));
#4287=DIRECTION('',(-1.04422782602065E-16,1.,0.));
#4288=DIRECTION('',(-1.,0.,0.));
#4289=DIRECTION('',(0.,0.,1.));
#4290=DIRECTION('',(0.,0.,-1.));
#4291=DIRECTION('',(-1.,0.,0.));
#4292=DIRECTION('',(-1.,0.,0.));
#4293=DIRECTION('',(0.,0.,1.));
#4294=DIRECTION('',(0.,0.,-1.));
#4295=DIRECTION('',(-1.,0.,0.));
#4296=DIRECTION('',(0.,1.,0.));
#4297=DIRECTION('',(0.,0.,1.));
#4298=DIRECTION('',(-1.,-1.56634173903097E-16,0.));
#4299=DIRECTION('',(1.56634173903097E-16,-1.,0.));
#4300=DIRECTION('',(-1.,0.,0.));
#4301=DIRECTION('',(0.,0.,1.));
#4302=DIRECTION('',(0.,-1.,0.));
#4303=DIRECTION('',(0.,0.,-1.));
#4304=DIRECTION('',(0.,1.,0.));
#4305=DIRECTION('',(0.,0.,1.));
#4306=DIRECTION('',(0.,0.,-1.));
#4307=DIRECTION('',(-1.,0.,0.));
#4308=DIRECTION('',(0.,0.,1.));
#4309=DIRECTION('',(1.,0.,0.));
#4310=DIRECTION('',(-1.,0.,0.));
#4311=DIRECTION('',(0.,0.,1.));
#4312=DIRECTION('',(0.,-1.,0.));
#4313=DIRECTION('',(0.,0.,-1.));
#4314=DIRECTION('',(-3.16122729107391E-16,1.,0.));
#4315=DIRECTION('',(-1.,-3.16122729107391E-16,0.));
#4316=DIRECTION('',(0.,-1.,0.));
#4317=DIRECTION('',(0.,0.,-1.));
#4318=DIRECTION('',(1.,1.56634173903097E-16,0.));
#4319=DIRECTION('',(-1.56634173903097E-16,1.,0.));
#4320=DIRECTION('',(-1.,0.,0.));
#4321=DIRECTION('',(0.,0.,1.));
#4322=DIRECTION('',(0.,0.,1.));
#4323=DIRECTION('',(1.,0.,0.));
#4324=DIRECTION('',(-1.,0.,0.));
#4325=DIRECTION('',(0.,0.,1.));
#4326=DIRECTION('',(0.,0.,1.));
#4327=DIRECTION('',(1.,0.,0.));
#4328=DIRECTION('',(0.,-1.,0.));
#4329=DIRECTION('',(0.,0.,-1.));
#4330=DIRECTION('',(1.,1.04422782602065E-16,0.));
#4331=DIRECTION('',(-1.04422782602065E-16,1.,0.));
#4332=DIRECTION('',(-1.,0.,0.));
#4333=DIRECTION('',(0.,0.,1.));
#4334=DIRECTION('',(0.,1.,0.));
#4335=DIRECTION('',(0.,0.,1.));
#4336=DIRECTION('',(0.,-1.,0.));
#4337=DIRECTION('',(0.,0.,-1.));
#4338=DIRECTION('',(0.,0.,1.));
#4339=DIRECTION('',(1.,0.,0.));
#4340=DIRECTION('',(0.,0.,1.));
#4341=DIRECTION('',(1.,0.,0.));
#4342=DIRECTION('',(-1.,0.,0.));
#4343=DIRECTION('',(0.,0.,1.));
#4344=DIRECTION('',(0.,1.,0.));
#4345=DIRECTION('',(0.,0.,1.));
#4346=DIRECTION('',(3.16122729107391E-16,-1.,0.));
#4347=DIRECTION('',(1.,3.16122729107391E-16,0.));
#4348=DIRECTION('',(0.,1.,0.));
#4349=DIRECTION('',(0.,0.,1.));
#4350=DIRECTION('',(-1.,-1.04422782602065E-16,0.));
#4351=DIRECTION('',(1.04422782602065E-16,-1.,0.));
#4352=DIRECTION('',(-1.,0.,0.));
#4353=DIRECTION('',(0.,0.,1.));
#4354=DIRECTION('',(0.,0.,1.));
#4355=DIRECTION('',(1.,0.,0.));
#4356=DIRECTION('',(-1.,0.,0.));
#4357=DIRECTION('',(0.,0.,1.));
#4358=DIRECTION('',(0.,0.,1.));
#4359=DIRECTION('',(1.,0.,0.));
#4360=DIRECTION('',(0.,1.,0.));
#4361=DIRECTION('',(0.,0.,1.));
#4362=DIRECTION('',(-1.,-1.56634173903097E-16,0.));
#4363=DIRECTION('',(1.56634173903097E-16,-1.,0.));
#4364=DIRECTION('',(-1.,0.,0.));
#4365=DIRECTION('',(0.,0.,1.));
#4366=DIRECTION('',(0.,-1.,0.));
#4367=DIRECTION('',(0.,0.,-1.));
#4368=DIRECTION('',(0.,1.,0.));
#4369=DIRECTION('',(0.,0.,1.));
#4370=DIRECTION('',(0.,0.,1.));
#4371=DIRECTION('',(1.,0.,0.));
#4372=DIRECTION('',(0.,0.,1.));
#4373=DIRECTION('',(1.,0.,0.));
#4374=DIRECTION('',(-1.,0.,0.));
#4375=DIRECTION('',(0.,0.,1.));
#4376=DIRECTION('',(0.,-1.,0.));
#4377=DIRECTION('',(0.,0.,-1.));
#4378=DIRECTION('',(-3.16122729107391E-16,1.,-8.41668625447342E-32));
#4379=DIRECTION('',(-1.,-3.16122729107391E-16,0.));
#4380=DIRECTION('',(0.,-1.,0.));
#4381=DIRECTION('',(0.,0.,-1.));
#4382=DIRECTION('',(-1.,-1.56634173903097E-16,0.));
#4383=DIRECTION('',(1.56634173903097E-16,-1.,0.));
#4384=DIRECTION('',(-1.,0.,0.));
#4385=DIRECTION('',(0.,0.,1.));
#4386=DIRECTION('',(0.,0.,1.));
#4387=DIRECTION('',(1.,0.,0.));
#4388=DIRECTION('',(-1.,0.,0.));
#4389=DIRECTION('',(0.,0.,1.));
#4390=DIRECTION('',(0.,0.,1.));
#4391=DIRECTION('',(1.,0.,0.));
#4392=DIRECTION('',(0.,-1.,0.));
#4393=DIRECTION('',(0.,0.,-1.));
#4394=DIRECTION('',(1.,1.04422782602065E-16,-2.10417156361836E-32));
#4395=DIRECTION('',(-1.04422782602065E-16,1.,0.));
#4396=DIRECTION('',(-1.,0.,0.));
#4397=DIRECTION('',(0.,0.,1.));
#4398=DIRECTION('',(0.,-1.,0.));
#4399=DIRECTION('',(0.,0.,-1.));
#4400=DIRECTION('',(0.,-1.,0.));
#4401=DIRECTION('',(0.,0.,-1.));
#4402=DIRECTION('',(0.,0.,1.));
#4403=DIRECTION('',(1.,0.,0.));
#4404=DIRECTION('',(0.,0.,1.));
#4405=DIRECTION('',(1.,0.,0.));
#4406=DIRECTION('',(0.,0.,-1.));
#4407=DIRECTION('',(-1.,0.,0.));
#4408=DIRECTION('',(0.,0.,-1.));
#4409=DIRECTION('',(0.,0.,1.));
#4410=DIRECTION('',(1.,0.,0.));
#4411=DIRECTION('',(0.,0.,-1.));
#4412=DIRECTION('',(0.,0.,-1.));
#4413=DIRECTION('',(-1.,0.,0.));
#4414=DIRECTION('',(1.,0.,0.));
#4415=DIRECTION('',(0.,0.,-1.));
#4416=DIRECTION('',(0.,0.,-1.));
#4417=DIRECTION('',(0.,1.,0.));
#4418=DIRECTION('',(0.,1.,0.));
#4419=DIRECTION('',(0.,0.,-1.));
#4420=DIRECTION('',(-1.,0.,0.));
#4421=DIRECTION('',(0.,0.,-1.));
#4422=DIRECTION('',(0.,0.,1.));
#4423=DIRECTION('',(1.,0.,0.));
#4424=DIRECTION('',(0.,0.,-1.));
#4425=DIRECTION('',(-1.,0.,0.));
#4426=DIRECTION('',(1.04422782602065E-16,-1.,0.));
#4427=DIRECTION('',(1.,1.04422782602065E-16,0.));
#4428=DIRECTION('',(0.,0.,-1.));
#4429=DIRECTION('',(1.,1.04422782602065E-16,-2.10417156361836E-32));
#4430=DIRECTION('',(1.,1.04422782602065E-16,2.10417156361836E-32));
#4431=DIRECTION('',(0.,0.,-1.));
#4432=DIRECTION('',(-1.,0.,0.));
#4433=DIRECTION('',(0.,0.,-1.));
#4434=DIRECTION('',(0.,0.,1.));
#4435=DIRECTION('',(1.,0.,0.));
#4436=DIRECTION('',(0.,0.,-1.));
#4437=DIRECTION('',(-1.,0.,0.));
#4438=DIRECTION('',(1.,3.16122729107391E-16,0.));
#4439=DIRECTION('',(-3.16122729107391E-16,1.,0.));
#4440=DIRECTION('',(0.,0.,-1.));
#4441=DIRECTION('',(-3.16122729107391E-16,1.,-8.41668625447342E-32));
#4442=DIRECTION('',(-3.16122729107391E-16,1.,8.41668625447342E-32));
#4443=DIRECTION('',(0.,0.,-1.));
#4444=DIRECTION('',(-1.,0.,0.));
#4445=DIRECTION('',(0.,0.,-1.));
#4446=DIRECTION('',(0.,0.,1.));
#4447=DIRECTION('',(1.,0.,0.));
#4448=DIRECTION('',(0.,0.,-1.));
#4449=DIRECTION('',(-1.,0.,0.));
#4450=DIRECTION('',(1.56634173903097E-16,-1.,0.));
#4451=DIRECTION('',(1.,1.56634173903097E-16,0.));
#4452=DIRECTION('',(1.,1.56634173903097E-16,2.10417156361836E-32));
#4453=DIRECTION('',(1.,1.56634173903097E-16,-2.10417156361836E-32));
#4454=DIRECTION('',(0.,0.,1.));
#4455=DIRECTION('',(1.,0.,0.));
#4456=DIRECTION('',(-1.,-1.56634173903097E-16,0.));
#4457=DIRECTION('',(0.,0.,1.));
#4458=DIRECTION('',(1.,0.,0.));
#4459=DIRECTION('',(0.,-1.,0.));
#4460=DIRECTION('',(0.,0.,1.));
#4461=DIRECTION('',(1.,0.,0.));
#4462=DIRECTION('',(-1.,-1.04422782602065E-16,0.));
#4463=DIRECTION('',(0.,0.,1.));
#4464=DIRECTION('',(1.,0.,0.));
#4465=DIRECTION('',(3.16122729107391E-16,-1.,0.));
#4466=DIRECTION('',(0.,0.,1.));
#4467=DIRECTION('',(1.,0.,0.));
#4468=DIRECTION('',(0.,0.,1.));
#4469=DIRECTION('',(1.,0.,0.));
#4470=DIRECTION('',(-1.,-1.04422782602065E-16,0.));
#4471=DIRECTION('',(0.,0.,1.));
#4472=DIRECTION('',(1.,0.,0.));
#4473=DIRECTION('',(0.,-1.,0.));
#4474=DIRECTION('',(0.,0.,1.));
#4475=DIRECTION('',(1.,0.,0.));
#4476=DIRECTION('',(-1.,-1.56634173903097E-16,0.));
#4477=DIRECTION('',(0.,0.,1.));
#4478=DIRECTION('',(1.,0.,0.));
#4479=DIRECTION('',(3.16122729107391E-16,-1.,0.));
#4480=DIRECTION('',(0.,0.,1.));
#4481=DIRECTION('',(1.,0.,0.));
#4482=DIRECTION('',(0.,0.,1.));
#4483=DIRECTION('',(1.,0.,0.));
#4484=DIRECTION('',(0.,0.,1.));
#4485=DIRECTION('',(1.,0.,0.));
#4486=DIRECTION('',(0.,0.,1.));
#4487=DIRECTION('',(1.,0.,0.));
#4488=DIRECTION('',(0.,0.,1.));
#4489=DIRECTION('',(1.,0.,0.));
#4490=DIRECTION('',(0.,0.,1.));
#4491=DIRECTION('',(1.,0.,0.));
#4492=DIRECTION('',(0.,0.,1.));
#4493=DIRECTION('',(1.,0.,0.));
#4494=DIRECTION('',(0.,0.,1.));
#4495=DIRECTION('',(1.,0.,0.));
#4496=DIRECTION('',(0.,0.,1.));
#4497=DIRECTION('',(1.,0.,0.));
#4498=DIRECTION('',(0.,0.,1.));
#4499=DIRECTION('',(1.,0.,0.));
#4500=DIRECTION('',(0.,0.,1.));
#4501=DIRECTION('',(1.,0.,0.));
#4502=DIRECTION('',(0.,0.,1.));
#4503=DIRECTION('',(1.,0.,0.));
#4504=DIRECTION('',(0.,0.,1.));
#4505=DIRECTION('',(1.,0.,0.));
#4506=DIRECTION('',(0.,0.,-1.));
#4507=DIRECTION('',(-1.,0.,0.));
#4508=DIRECTION('',(0.,0.,1.));
#4509=DIRECTION('',(1.,0.,0.));
#4510=DIRECTION('',(0.,0.,1.));
#4511=DIRECTION('',(1.,0.,0.));
#4512=DIRECTION('',(0.,0.,1.));
#4513=DIRECTION('',(1.,0.,0.));
#4514=DIRECTION('',(0.,0.,1.));
#4515=DIRECTION('',(1.,0.,0.));
#4516=DIRECTION('',(0.,0.,-1.));
#4517=DIRECTION('',(-1.,0.,0.));
#4518=DIRECTION('',(0.,0.,1.));
#4519=DIRECTION('',(1.,0.,0.));
#4520=DIRECTION('',(0.,0.,1.));
#4521=DIRECTION('',(1.,0.,0.));
#4522=DIRECTION('',(0.,0.,1.));
#4523=DIRECTION('',(1.,0.,0.));
#4524=DIRECTION('',(0.,0.,1.));
#4525=DIRECTION('',(1.,0.,0.));
#4526=DIRECTION('',(0.,0.,-1.));
#4527=DIRECTION('',(-1.,0.,0.));
#4528=DIRECTION('',(0.,0.,1.));
#4529=DIRECTION('',(1.,0.,0.));
#4530=DIRECTION('',(0.,0.,1.));
#4531=DIRECTION('',(1.,0.,0.));
#4532=DIRECTION('',(0.,0.,1.));
#4533=DIRECTION('',(1.,0.,0.));
#4534=DIRECTION('',(0.,0.,1.));
#4535=DIRECTION('',(1.,0.,0.));
#4536=DIRECTION('',(0.,0.,-1.));
#4537=DIRECTION('',(-1.,0.,0.));
#4538=DIRECTION('',(0.,0.,1.));
#4539=DIRECTION('',(1.,0.,0.));
#4540=DIRECTION('',(0.,0.,1.));
#4541=DIRECTION('',(1.,0.,0.));
#4542=DIRECTION('',(0.,0.,1.));
#4543=DIRECTION('',(1.,0.,0.));
#4544=DIRECTION('',(0.,0.,1.));
#4545=DIRECTION('',(1.,0.,0.));
#4546=DIRECTION('',(0.,0.,-1.));
#4547=DIRECTION('',(-1.,0.,0.));
#4548=DIRECTION('',(0.,0.,1.));
#4549=DIRECTION('',(1.,0.,0.));
#4550=DIRECTION('',(0.,0.,1.));
#4551=DIRECTION('',(1.,0.,0.));
#4552=DIRECTION('',(0.,0.,1.));
#4553=DIRECTION('',(1.,0.,0.));
#4554=DIRECTION('',(0.,0.,1.));
#4555=DIRECTION('',(1.,0.,0.));
#4556=DIRECTION('',(0.,0.,-1.));
#4557=DIRECTION('',(-1.,0.,0.));
#4558=DIRECTION('',(0.,0.,1.));
#4559=DIRECTION('',(1.,0.,0.));
#4560=DIRECTION('',(0.,0.,1.));
#4561=DIRECTION('',(1.,0.,0.));
#4562=DIRECTION('',(0.,0.,1.));
#4563=DIRECTION('',(1.,0.,0.));
#4564=DIRECTION('',(0.,0.,1.));
#4565=DIRECTION('',(1.,0.,0.));
#4566=DIRECTION('',(0.,0.,-1.));
#4567=DIRECTION('',(-1.,0.,0.));
#4568=DIRECTION('',(0.,0.,1.));
#4569=DIRECTION('',(1.,0.,0.));
#4570=DIRECTION('',(0.,0.,1.));
#4571=DIRECTION('',(1.,0.,0.));
#4572=DIRECTION('',(0.,0.,1.));
#4573=DIRECTION('',(1.,0.,0.));
#4574=DIRECTION('',(0.,0.,1.));
#4575=DIRECTION('',(1.,0.,0.));
#4576=DIRECTION('',(0.,0.,-1.));
#4577=DIRECTION('',(-1.,0.,0.));
#4578=DIRECTION('',(0.,0.,1.));
#4579=DIRECTION('',(1.,0.,0.));
#4580=DIRECTION('',(0.,0.,1.));
#4581=DIRECTION('',(1.,0.,0.));
#4582=DIRECTION('',(0.,0.,1.));
#4583=DIRECTION('',(1.,0.,0.));
#4584=DIRECTION('',(0.,0.,1.));
#4585=DIRECTION('',(1.,0.,0.));
#4586=DIRECTION('',(0.,0.,-1.));
#4587=DIRECTION('',(-1.,0.,0.));
#4588=DIRECTION('',(0.,0.,1.));
#4589=DIRECTION('',(1.,0.,0.));
#4590=DIRECTION('',(0.,0.,1.));
#4591=DIRECTION('',(1.,0.,0.));
#4592=DIRECTION('',(0.,0.,1.));
#4593=DIRECTION('',(1.,0.,0.));
#4594=DIRECTION('',(0.,0.,1.));
#4595=DIRECTION('',(1.,0.,0.));
#4596=DIRECTION('',(0.,0.,-1.));
#4597=DIRECTION('',(-1.,0.,0.));
#4598=DIRECTION('',(0.,0.,1.));
#4599=DIRECTION('',(1.,0.,0.));
#4600=DIRECTION('',(0.,0.,1.));
#4601=DIRECTION('',(1.,0.,0.));
#4602=DIRECTION('',(0.,0.,1.));
#4603=DIRECTION('',(1.,0.,0.));
#4604=DIRECTION('',(0.,0.,1.));
#4605=DIRECTION('',(1.,0.,0.));
#4606=DIRECTION('',(0.,0.,-1.));
#4607=DIRECTION('',(-1.,0.,0.));
#4608=DIRECTION('',(0.,0.,1.));
#4609=DIRECTION('',(1.,0.,0.));
#4610=DIRECTION('',(0.,0.,1.));
#4611=DIRECTION('',(1.,0.,0.));
#4612=DIRECTION('',(0.,0.,1.));
#4613=DIRECTION('',(1.,0.,0.));
#4614=DIRECTION('',(0.,0.,1.));
#4615=DIRECTION('',(1.,0.,0.));
#4616=DIRECTION('',(0.,0.,-1.));
#4617=DIRECTION('',(-1.,0.,0.));
#4618=DIRECTION('',(0.,0.,1.));
#4619=DIRECTION('',(1.,0.,0.));
#4620=DIRECTION('',(0.,0.,1.));
#4621=DIRECTION('',(1.,0.,0.));
#4622=DIRECTION('',(0.,0.,1.));
#4623=DIRECTION('',(1.,0.,0.));
#4624=DIRECTION('',(0.,0.,1.));
#4625=DIRECTION('',(1.,0.,0.));
#4626=DIRECTION('',(0.,0.,-1.));
#4627=DIRECTION('',(-1.,0.,0.));
#4628=DIRECTION('',(0.,0.,1.));
#4629=DIRECTION('',(1.,0.,0.));
#4630=DIRECTION('',(0.,0.,1.));
#4631=DIRECTION('',(1.,0.,0.));
#4632=DIRECTION('',(0.,0.,1.));
#4633=DIRECTION('',(1.,0.,0.));
#4634=DIRECTION('',(0.,0.,-1.));
#4635=DIRECTION('',(-1.,0.,0.));
#4636=DIRECTION('',(0.,0.,1.));
#4637=DIRECTION('',(1.,0.,0.));
#4638=DIRECTION('',(0.,0.,1.));
#4639=DIRECTION('',(1.,0.,0.));
#4640=DIRECTION('',(0.,0.,1.));
#4641=DIRECTION('',(1.,0.,0.));
#4642=DIRECTION('',(0.,0.,-1.));
#4643=DIRECTION('',(-1.,0.,0.));
#4644=DIRECTION('',(0.,0.,1.));
#4645=DIRECTION('',(1.,0.,0.));
#4646=DIRECTION('',(0.,0.,1.));
#4647=DIRECTION('',(1.,0.,0.));
#4648=DIRECTION('',(0.,0.,1.));
#4649=DIRECTION('',(1.,0.,0.));
#4650=DIRECTION('',(0.,0.,-1.));
#4651=DIRECTION('',(-1.,0.,0.));
#4652=DIRECTION('',(0.,0.,1.));
#4653=DIRECTION('',(1.,0.,0.));
#4654=DIRECTION('',(0.,0.,1.));
#4655=DIRECTION('',(1.,0.,0.));
#4656=DIRECTION('',(0.,0.,1.));
#4657=DIRECTION('',(1.,0.,0.));
#4658=DIRECTION('',(0.,0.,-1.));
#4659=DIRECTION('',(-1.,0.,0.));
#4660=DIRECTION('',(0.,0.,1.));
#4661=DIRECTION('',(1.,0.,0.));
#4662=DIRECTION('',(0.,0.,1.));
#4663=DIRECTION('',(1.,0.,0.));
#4664=DIRECTION('',(0.,0.,1.));
#4665=DIRECTION('',(1.,0.,0.));
#4666=DIRECTION('',(0.,0.,-1.));
#4667=DIRECTION('',(-1.,0.,0.));
#4668=DIRECTION('',(0.,0.,1.));
#4669=DIRECTION('',(1.,0.,0.));
#4670=DIRECTION('',(0.,0.,1.));
#4671=DIRECTION('',(1.,0.,0.));
#4672=DIRECTION('',(0.,0.,1.));
#4673=DIRECTION('',(1.,0.,0.));
#4674=DIRECTION('',(0.,0.,-1.));
#4675=DIRECTION('',(-1.,0.,0.));
#4676=DIRECTION('',(0.,0.,1.));
#4677=DIRECTION('',(1.,0.,0.));
#4678=DIRECTION('',(0.,0.,1.));
#4679=DIRECTION('',(1.,0.,0.));
#4680=DIRECTION('',(0.,0.,1.));
#4681=DIRECTION('',(1.,0.,0.));
#4682=DIRECTION('',(0.,0.,-1.));
#4683=DIRECTION('',(-1.,0.,0.));
#4684=DIRECTION('',(0.,0.,1.));
#4685=DIRECTION('',(1.,0.,0.));
#4686=DIRECTION('',(0.,0.,1.));
#4687=DIRECTION('',(1.,0.,0.));
#4688=DIRECTION('',(0.,0.,1.));
#4689=DIRECTION('',(1.,0.,0.));
#4690=DIRECTION('',(0.,0.,-1.));
#4691=DIRECTION('',(-1.,0.,0.));
#4692=DIRECTION('',(0.,0.,1.));
#4693=DIRECTION('',(1.,0.,0.));
#4694=DIRECTION('',(0.,0.,1.));
#4695=DIRECTION('',(1.,0.,0.));
#4696=DIRECTION('',(0.,0.,1.));
#4697=DIRECTION('',(1.,0.,0.));
#4698=DIRECTION('',(0.,0.,-1.));
#4699=DIRECTION('',(-1.,0.,0.));
#4700=DIRECTION('',(0.,0.,1.));
#4701=DIRECTION('',(1.,0.,0.));
#4702=DIRECTION('',(0.,0.,1.));
#4703=DIRECTION('',(1.,0.,0.));
#4704=DIRECTION('',(0.,0.,1.));
#4705=DIRECTION('',(1.,0.,0.));
#4706=DIRECTION('',(0.,0.,-1.));
#4707=DIRECTION('',(-1.,0.,0.));
#4708=DIRECTION('',(0.,0.,1.));
#4709=DIRECTION('',(1.,0.,0.));
#4710=DIRECTION('',(0.,0.,1.));
#4711=DIRECTION('',(1.,0.,0.));
#4712=DIRECTION('',(0.,0.,1.));
#4713=DIRECTION('',(1.,0.,0.));
#4714=DIRECTION('',(0.,0.,-1.));
#4715=DIRECTION('',(-1.,0.,0.));
#4716=DIRECTION('',(0.,0.,1.));
#4717=DIRECTION('',(1.,0.,0.));
#4718=DIRECTION('',(0.,0.,1.));
#4719=DIRECTION('',(1.,0.,0.));
#4720=DIRECTION('',(0.,0.,1.));
#4721=DIRECTION('',(1.,0.,0.));
#4722=DIRECTION('',(0.,0.,-1.));
#4723=DIRECTION('',(-1.,0.,0.));
#4724=DIRECTION('',(0.,0.,-1.));
#4725=DIRECTION('',(-1.,0.,0.));
#4726=DIRECTION('',(0.,0.,-1.));
#4727=DIRECTION('',(-1.,0.,0.));
#4728=DIRECTION('',(0.,0.,-1.));
#4729=DIRECTION('',(-1.,0.,0.));
#4730=DIRECTION('',(0.,0.,-1.));
#4731=DIRECTION('',(-1.,0.,0.));
#4732=DIRECTION('',(0.,0.,-1.));
#4733=DIRECTION('',(-1.,0.,0.));
#4734=DIRECTION('',(0.,0.,-1.));
#4735=DIRECTION('',(-1.,0.,0.));
#4736=DIRECTION('',(0.,0.,-1.));
#4737=DIRECTION('',(-1.,0.,0.));
#4738=DIRECTION('',(0.,0.,-1.));
#4739=DIRECTION('',(-1.,0.,0.));
#4740=DIRECTION('',(0.,0.,-1.));
#4741=DIRECTION('',(-1.,0.,0.));
#4742=DIRECTION('',(0.,0.,-1.));
#4743=DIRECTION('',(-1.,0.,0.));
#4744=DIRECTION('',(0.,0.,-1.));
#4745=DIRECTION('',(-1.,0.,0.));
#4746=DIRECTION('',(0.,0.,-1.));
#4747=DIRECTION('',(-1.,0.,0.));
#4748=DIRECTION('',(0.,0.707106781186548,-0.707106781186548));
#4749=DIRECTION('',(0.,0.,1.));
#4750=DIRECTION('',(1.,0.,0.));
#4751=DIRECTION('',(-0.707106781186548,0.,0.707106781186548));
#4752=DIRECTION('',(0.,0.,-1.));
#4753=DIRECTION('',(-1.,0.,0.));
#4754=DIRECTION('',(-1.10757086532433E-16,0.707106781186548,0.707106781186547));
#4755=DIRECTION('',(1.,1.56634173903097E-16,0.));
#4756=DIRECTION('',(0.,0.707106781186547,-0.707106781186548));
#4757=DIRECTION('',(-1.,-1.56634173903097E-16,4.35788199605262E-33));
#4758=DIRECTION('',(1.,1.56634173903097E-16,1.9236621810197E-32));
#4759=DIRECTION('',(-0.707106781186548,-2.23532525439034E-16,-0.707106781186548));
#4760=DIRECTION('',(3.16122729107391E-16,-1.,0.));
#4761=DIRECTION('',(-3.16122729107391E-16,1.,0.));
#4762=DIRECTION('',(-0.707106781186551,0.,0.707106781186544));
#4763=DIRECTION('',(3.16122729107391E-16,-1.,3.5920455450328E-32));
#4764=DIRECTION('',(0.,0.,-1.));
#4765=DIRECTION('',(-1.,0.,0.));
#4766=DIRECTION('',(-0.707106781186551,0.,-0.707106781186544));
#4767=DIRECTION('',(0.,0.,1.));
#4768=DIRECTION('',(1.,0.,0.));
#4769=DIRECTION('',(0.,0.,-1.));
#4770=DIRECTION('',(-1.,0.,0.));
#4771=DIRECTION('',(0.,0.,-1.));
#4772=DIRECTION('',(-1.,0.,0.));
#4773=DIRECTION('',(0.,0.,1.));
#4774=DIRECTION('',(1.,0.,0.));
#4775=DIRECTION('',(0.,0.707106781186548,0.707106781186547));
#4776=DIRECTION('',(0.,0.,-1.));
#4777=DIRECTION('',(-1.,0.,0.));
#4778=DIRECTION('',(-0.707106781186548,0.,0.707106781186548));
#4779=DIRECTION('',(0.,1.,0.));
#4780=DIRECTION('',(-0.707106781186548,0.,-0.707106781186548));
#4781=DIRECTION('',(0.,-1.,0.));
#4782=DIRECTION('',(0.,1.,0.));
#4783=DIRECTION('',(-7.38380576882889E-17,0.707106781186548,-0.707106781186548));
#4784=DIRECTION('',(-1.,-1.04422782602065E-16,0.));
#4785=DIRECTION('',(1.,1.04422782602065E-16,-4.35788199605262E-33));
#4786=DIRECTION('',(0.,0.707106781186548,0.707106781186548));
#4787=DIRECTION('',(-1.,-1.04422782602065E-16,1.76958778546872E-32));
#4788=DIRECTION('',(0.,0.,-1.));
#4789=DIRECTION('',(-1.,0.,0.));
#4790=DIRECTION('',(0.,0.,1.));
#4791=DIRECTION('',(1.,0.,0.));
#4792=DIRECTION('',(0.,0.,-1.));
#4793=DIRECTION('',(-1.,0.,0.));
#4794=DIRECTION('',(0.,0.,1.));
#4795=DIRECTION('',(1.,0.,0.));
#4796=DIRECTION('',(0.,-0.707106781186548,-0.707106781186548));
#4797=DIRECTION('',(0.,0.,1.));
#4798=DIRECTION('',(1.,0.,0.));
#4799=DIRECTION('',(0.707106781186548,0.,0.707106781186548));
#4800=DIRECTION('',(0.,0.,1.));
#4801=DIRECTION('',(1.,0.,0.));
#4802=DIRECTION('',(1.10757086532433E-16,-0.707106781186548,0.707106781186547));
#4803=DIRECTION('',(-1.,-1.56634173903097E-16,0.));
#4804=DIRECTION('',(0.,-0.707106781186547,-0.707106781186548));
#4805=DIRECTION('',(-1.,-1.56634173903097E-16,1.9236621810197E-32));
#4806=DIRECTION('',(1.,1.56634173903097E-16,8.71576399210525E-33));
#4807=DIRECTION('',(0.707106781186548,2.23532525439034E-16,-0.707106781186548));
#4808=DIRECTION('',(-3.16122729107391E-16,1.,0.));
#4809=DIRECTION('',(-3.16122729107391E-16,1.,3.5920455450328E-32));
#4810=DIRECTION('',(0.707106781186548,0.,0.707106781186548));
#4811=DIRECTION('',(3.16122729107391E-16,-1.,0.));
#4812=DIRECTION('',(0.,0.,1.));
#4813=DIRECTION('',(1.,0.,0.));
#4814=DIRECTION('',(0.707106781186548,0.,-0.707106781186548));
#4815=DIRECTION('',(0.,0.,1.));
#4816=DIRECTION('',(1.,0.,0.));
#4817=DIRECTION('',(0.,0.,1.));
#4818=DIRECTION('',(1.,0.,0.));
#4819=DIRECTION('',(0.,0.,1.));
#4820=DIRECTION('',(1.,0.,0.));
#4821=DIRECTION('',(0.,0.,1.));
#4822=DIRECTION('',(1.,0.,0.));
#4823=DIRECTION('',(0.,-0.707106781186548,0.707106781186548));
#4824=DIRECTION('',(0.,0.,1.));
#4825=DIRECTION('',(1.,0.,0.));
#4826=DIRECTION('',(0.707106781186548,0.,0.707106781186548));
#4827=DIRECTION('',(0.,-1.,0.));
#4828=DIRECTION('',(0.707106781186548,0.,-0.707106781186548));
#4829=DIRECTION('',(0.,-1.,0.));
#4830=DIRECTION('',(0.,1.,0.));
#4831=DIRECTION('',(7.38380576882889E-17,-0.707106781186548,-0.707106781186548));
#4832=DIRECTION('',(1.,1.04422782602065E-16,0.));
#4833=DIRECTION('',(1.,1.04422782602065E-16,1.76958778546872E-32));
#4834=DIRECTION('',(0.,-0.707106781186548,0.707106781186548));
#4835=DIRECTION('',(-1.,-1.04422782602065E-16,4.35788199605262E-33));
#4836=DIRECTION('',(0.,0.,1.));
#4837=DIRECTION('',(1.,0.,0.));
#4838=DIRECTION('',(0.,0.,1.));
#4839=DIRECTION('',(1.,0.,0.));
#4840=DIRECTION('',(0.,0.,1.));
#4841=DIRECTION('',(1.,0.,0.));
#4842=DIRECTION('',(0.,0.,1.));
#4843=DIRECTION('',(1.,0.,0.));
#4844=DIRECTION('',(0.,0.,1.));
#4845=DIRECTION('',(1.,0.,0.));
#4846=DIRECTION('',(0.,0.,1.));
#4847=DIRECTION('',(1.,0.,0.));
#4848=DIRECTION('',(0.,0.,1.));
#4849=DIRECTION('',(1.,0.,0.));
#4850=DIRECTION('',(0.,0.,1.));
#4851=DIRECTION('',(1.,0.,0.));
#4852=DIRECTION('',(0.,0.,1.));
#4853=DIRECTION('',(1.,0.,0.));
#4854=DIRECTION('',(0.,0.,1.));
#4855=DIRECTION('',(1.,0.,0.));
#4856=DIRECTION('',(0.,0.,1.));
#4857=DIRECTION('',(1.,0.,0.));
#4858=DIRECTION('',(0.,0.,1.));
#4859=DIRECTION('',(1.,0.,0.));
#4860=DIRECTION('',(0.,0.,1.));
#4861=DIRECTION('',(1.,0.,0.));
#4862=DIRECTION('',(0.,0.,1.));
#4863=DIRECTION('',(1.,0.,0.));
#4864=DIRECTION('',(0.,0.,1.));
#4865=DIRECTION('',(1.,0.,0.));
#4866=DIRECTION('',(0.,0.,1.));
#4867=DIRECTION('',(1.,0.,0.));
#4868=DIRECTION('',(-1.,0.,0.));
#4869=DIRECTION('',(0.,0.,1.));
#4870=DIRECTION('',(0.,1.,0.));
#4871=DIRECTION('',(0.,0.,1.));
#4872=DIRECTION('',(3.16122729107391E-16,-1.,0.));
#4873=DIRECTION('',(1.,3.16122729107391E-16,0.));
#4874=DIRECTION('',(0.,1.,0.));
#4875=DIRECTION('',(0.,0.,1.));
#4876=DIRECTION('',(-1.,-1.04422782602065E-16,0.));
#4877=DIRECTION('',(1.04422782602065E-16,-1.,0.));
#4878=DIRECTION('',(-1.,0.,0.));
#4879=DIRECTION('',(0.,0.,1.));
#4880=DIRECTION('',(0.,0.,1.));
#4881=DIRECTION('',(1.,0.,0.));
#4882=DIRECTION('',(-1.,0.,0.));
#4883=DIRECTION('',(0.,0.,1.));
#4884=DIRECTION('',(0.,0.,1.));
#4885=DIRECTION('',(1.,0.,0.));
#4886=DIRECTION('',(0.,1.,0.));
#4887=DIRECTION('',(0.,0.,1.));
#4888=DIRECTION('',(-1.,-1.56634173903097E-16,0.));
#4889=DIRECTION('',(1.56634173903097E-16,-1.,0.));
#4890=DIRECTION('',(-1.,0.,0.));
#4891=DIRECTION('',(0.,0.,1.));
#4892=DIRECTION('',(0.,-1.,0.));
#4893=DIRECTION('',(0.,0.,-1.));
#4894=DIRECTION('',(0.,1.,0.));
#4895=DIRECTION('',(0.,0.,1.));
#4896=DIRECTION('',(0.,0.,1.));
#4897=DIRECTION('',(1.,0.,0.));
#4898=DIRECTION('',(0.,0.,1.));
#4899=DIRECTION('',(1.,0.,0.));
#4900=DIRECTION('',(-1.,0.,0.));
#4901=DIRECTION('',(0.,0.,1.));
#4902=DIRECTION('',(0.,-1.,0.));
#4903=DIRECTION('',(0.,0.,-1.));
#4904=DIRECTION('',(-3.16122729107391E-16,1.,-8.41668625447342E-32));
#4905=DIRECTION('',(-1.,-3.16122729107391E-16,0.));
#4906=DIRECTION('',(0.,-1.,0.));
#4907=DIRECTION('',(0.,0.,-1.));
#4908=DIRECTION('',(-1.,-1.56634173903097E-16,-2.10417156361836E-32));
#4909=DIRECTION('',(1.56634173903097E-16,-1.,0.));
#4910=DIRECTION('',(-1.,0.,0.));
#4911=DIRECTION('',(0.,0.,1.));
#4912=DIRECTION('',(0.,0.,1.));
#4913=DIRECTION('',(1.,0.,0.));
#4914=DIRECTION('',(-1.,0.,0.));
#4915=DIRECTION('',(0.,0.,1.));
#4916=DIRECTION('',(0.,0.,1.));
#4917=DIRECTION('',(1.,0.,0.));
#4918=DIRECTION('',(0.,-1.,0.));
#4919=DIRECTION('',(0.,0.,-1.));
#4920=DIRECTION('',(1.,1.04422782602065E-16,-2.10417156361836E-32));
#4921=DIRECTION('',(-1.04422782602065E-16,1.,0.));
#4922=DIRECTION('',(-1.,0.,0.));
#4923=DIRECTION('',(0.,0.,1.));
#4924=DIRECTION('',(0.,-1.,0.));
#4925=DIRECTION('',(0.,0.,-1.));
#4926=DIRECTION('',(0.,-1.,0.));
#4927=DIRECTION('',(0.,0.,-1.));
#4928=DIRECTION('',(0.,0.,1.));
#4929=DIRECTION('',(1.,0.,0.));
#4930=DIRECTION('',(0.,0.,-1.));
#4931=DIRECTION('',(-1.,0.,0.));
#4932=DIRECTION('',(-1.,0.,0.));
#4933=DIRECTION('',(0.,0.,1.));
#4934=DIRECTION('',(0.,1.,0.));
#4935=DIRECTION('',(0.,0.,1.));
#4936=DIRECTION('',(-3.16122729107391E-16,1.,8.41668625447342E-32));
#4937=DIRECTION('',(-1.,-3.16122729107391E-16,0.));
#4938=DIRECTION('',(0.,1.,0.));
#4939=DIRECTION('',(0.,0.,1.));
#4940=DIRECTION('',(1.,1.04422782602065E-16,2.10417156361836E-32));
#4941=DIRECTION('',(-1.04422782602065E-16,1.,0.));
#4942=DIRECTION('',(-1.,0.,0.));
#4943=DIRECTION('',(0.,0.,1.));
#4944=DIRECTION('',(0.,0.,-1.));
#4945=DIRECTION('',(-1.,0.,0.));
#4946=DIRECTION('',(-1.,0.,0.));
#4947=DIRECTION('',(0.,0.,1.));
#4948=DIRECTION('',(0.,0.,-1.));
#4949=DIRECTION('',(-1.,0.,0.));
#4950=DIRECTION('',(0.,1.,0.));
#4951=DIRECTION('',(0.,0.,1.));
#4952=DIRECTION('',(-1.,-1.56634173903097E-16,2.10417156361836E-32));
#4953=DIRECTION('',(1.56634173903097E-16,-1.,0.));
#4954=DIRECTION('',(-1.,0.,0.));
#4955=DIRECTION('',(0.,0.,1.));
#4956=DIRECTION('',(0.,-1.,0.));
#4957=DIRECTION('',(0.,0.,-1.));
#4958=DIRECTION('',(0.,1.,0.));
#4959=DIRECTION('',(0.,0.,1.));
#4960=DIRECTION('',(0.,0.,-1.));
#4961=DIRECTION('',(-1.,0.,0.));
#4962=DIRECTION('',(0.,0.,1.));
#4963=DIRECTION('',(1.,0.,0.));
#4964=DIRECTION('',(-1.,0.,0.));
#4965=DIRECTION('',(0.,0.,1.));
#4966=DIRECTION('',(0.,-1.,0.));
#4967=DIRECTION('',(0.,0.,-1.));
#4968=DIRECTION('',(-3.16122729107391E-16,1.,0.));
#4969=DIRECTION('',(-1.,-3.16122729107391E-16,0.));
#4970=DIRECTION('',(0.,-1.,0.));
#4971=DIRECTION('',(0.,0.,-1.));
#4972=DIRECTION('',(1.,1.56634173903097E-16,0.));
#4973=DIRECTION('',(-1.56634173903097E-16,1.,0.));
#4974=DIRECTION('',(-1.,0.,0.));
#4975=DIRECTION('',(0.,0.,1.));
#4976=DIRECTION('',(0.,0.,1.));
#4977=DIRECTION('',(1.,0.,0.));
#4978=DIRECTION('',(-1.,0.,0.));
#4979=DIRECTION('',(0.,0.,1.));
#4980=DIRECTION('',(0.,0.,1.));
#4981=DIRECTION('',(1.,0.,0.));
#4982=DIRECTION('',(0.,-1.,0.));
#4983=DIRECTION('',(0.,0.,-1.));
#4984=DIRECTION('',(1.,1.04422782602065E-16,0.));
#4985=DIRECTION('',(-1.04422782602065E-16,1.,0.));
#4986=DIRECTION('',(-1.,0.,0.));
#4987=DIRECTION('',(0.,0.,1.));
#4988=DIRECTION('',(0.,1.,0.));
#4989=DIRECTION('',(0.,0.,1.));
#4990=DIRECTION('',(0.,-1.,0.));
#4991=DIRECTION('',(0.,0.,-1.));
#4992=DIRECTION('',(0.,0.,1.));
#4993=DIRECTION('',(1.,0.,0.));
#4994=DIRECTION('',(0.,0.,1.));
#4995=DIRECTION('',(1.,0.,0.));
#4996=DIRECTION('',(0.,0.,1.));
#4997=DIRECTION('',(1.,0.,0.));
#4998=DIRECTION('',(0.,0.,-1.));
#4999=DIRECTION('',(-1.,0.,0.));
#5000=DIRECTION('',(0.,0.,1.));
#5001=DIRECTION('',(1.,0.,0.));
#5002=DIRECTION('',(0.,0.,1.));
#5003=DIRECTION('',(1.,0.,0.));
#5004=DIRECTION('',(0.,0.,1.));
#5005=DIRECTION('',(1.,0.,0.));
#5006=DIRECTION('',(0.,0.,1.));
#5007=DIRECTION('',(1.,0.,0.));
#5008=DIRECTION('',(0.,0.,1.));
#5009=DIRECTION('',(1.,0.,0.));
#5010=DIRECTION('',(0.,0.,1.));
#5011=DIRECTION('',(1.,0.,0.));
#5012=DIRECTION('',(0.,0.,-1.));
#5013=DIRECTION('',(-1.,0.,0.));
#5014=DIRECTION('',(0.,0.,1.));
#5015=DIRECTION('',(1.,0.,0.));
#5016=DIRECTION('',(0.,0.,-1.));
#5017=DIRECTION('',(-1.,0.,0.));
#5018=DIRECTION('',(0.,0.,1.));
#5019=DIRECTION('',(1.,0.,0.));
#5020=DIRECTION('',(0.,0.,1.));
#5021=DIRECTION('',(1.,0.,0.));
#5022=DIRECTION('',(0.,0.,1.));
#5023=DIRECTION('',(1.,0.,0.));
#5024=DIRECTION('',(0.,0.,-1.));
#5025=DIRECTION('',(-1.,0.,0.));
#5026=DIRECTION('',(0.,0.,1.));
#5027=DIRECTION('',(1.,0.,0.));
#5028=DIRECTION('',(0.,0.,1.));
#5029=DIRECTION('',(1.,0.,0.));
#5030=DIRECTION('',(0.,0.,1.));
#5031=DIRECTION('',(1.,0.,0.));
#5032=DIRECTION('',(0.,0.,1.));
#5033=DIRECTION('',(1.,0.,0.));
#5034=DIRECTION('',(0.,0.,-1.));
#5035=DIRECTION('',(-1.,0.,0.));
#5036=DIRECTION('',(0.,0.,1.));
#5037=DIRECTION('',(1.,0.,0.));
#5038=DIRECTION('',(0.,0.,1.));
#5039=DIRECTION('',(1.,0.,0.));
#5040=DIRECTION('',(0.,0.,1.));
#5041=DIRECTION('',(1.,0.,0.));
#5042=DIRECTION('',(0.,0.,-1.));
#5043=DIRECTION('',(-1.,0.,0.));
#5044=DIRECTION('',(0.,0.,1.));
#5045=DIRECTION('',(1.,0.,0.));
#5046=DIRECTION('',(0.,0.,1.));
#5047=DIRECTION('',(1.,0.,0.));
#5048=DIRECTION('',(0.,0.,1.));
#5049=DIRECTION('',(1.,0.,0.));
#5050=DIRECTION('',(0.,0.,1.));
#5051=DIRECTION('',(1.,0.,0.));
#5052=DIRECTION('',(0.,0.,1.));
#5053=DIRECTION('',(1.,0.,0.));
#5054=DIRECTION('',(0.,0.,-1.));
#5055=DIRECTION('',(-1.,0.,0.));
#5056=DIRECTION('',(0.,0.,-1.));
#5057=DIRECTION('',(-1.,0.,0.));
#5058=DIRECTION('',(0.,0.,1.));
#5059=DIRECTION('',(1.,0.,0.));
#5060=DIRECTION('',(0.,0.,1.));
#5061=DIRECTION('',(1.,0.,0.));
#5062=DIRECTION('',(0.,0.,1.));
#5063=DIRECTION('',(1.,0.,0.));
#5064=DIRECTION('',(0.,0.,1.));
#5065=DIRECTION('',(1.,0.,0.));
#5066=DIRECTION('',(0.,0.,-1.));
#5067=DIRECTION('',(-1.,0.,0.));
#5068=DIRECTION('',(0.,0.,1.));
#5069=DIRECTION('',(1.,0.,0.));
#5070=DIRECTION('',(0.,0.,1.));
#5071=DIRECTION('',(1.,0.,0.));
#5072=DIRECTION('',(0.,0.,-1.));
#5073=DIRECTION('',(-1.,0.,0.));
#5074=DIRECTION('',(0.,0.,1.));
#5075=DIRECTION('',(1.,0.,0.));
#5076=DIRECTION('',(0.,0.,1.));
#5077=DIRECTION('',(1.,0.,0.));
#5078=CARTESIAN_POINT('',(0.,0.,0.));
#5079=CARTESIAN_POINT('',(-0.06375,-0.06275,0.01));
#5080=CARTESIAN_POINT('',(-0.06375,-0.06275,0.00808578643762691));
#5081=CARTESIAN_POINT('',(-0.04875,-0.06275,0.00808578643762691));
#5082=CARTESIAN_POINT('',(-0.06375,-0.06275,0.00191421356237309));
#5083=CARTESIAN_POINT('',(-0.07875,-0.06275,0.00191421356237309));
#5084=CARTESIAN_POINT('',(-0.00115,-0.05,0.01));
#5085=CARTESIAN_POINT('',(-0.06375,-0.06275,0.01));
#5086=CARTESIAN_POINT('',(-0.0506642135623731,-0.06275,0.01));
#5087=CARTESIAN_POINT('',(-0.06375,-0.06275,0.01));
#5088=CARTESIAN_POINT('',(-0.0537857864376269,-0.06275,0.01));
#5089=CARTESIAN_POINT('',(-0.00115,-0.05,0.));
#5090=CARTESIAN_POINT('',(-0.06375,-0.06275,0.));
#5091=CARTESIAN_POINT('',(-0.0506642135623731,-0.06275,0.));
#5092=CARTESIAN_POINT('',(-0.06375,-0.06275,0.0275));
#5093=CARTESIAN_POINT('',(-0.06375,-0.06275,0.0119142135623731));
#5094=CARTESIAN_POINT('',(-0.0557,-0.06275,0.0119142135623731));
#5095=CARTESIAN_POINT('',(-0.06375,-0.06275,0.0265));
#5096=CARTESIAN_POINT('',(-0.0557,-0.06275,0.0265));
#5097=CARTESIAN_POINT('',(-0.00115,-0.05,0.0275));
#5098=CARTESIAN_POINT('',(-0.06375,-0.06275,0.0275));
#5099=CARTESIAN_POINT('',(-0.0567,-0.06275,0.0275));
#5100=CARTESIAN_POINT('',(-0.06375,-0.06275,0.0275));
#5101=CARTESIAN_POINT('',(-0.0572,-0.06275,0.0275));
#5102=CARTESIAN_POINT('',(-0.06375,-0.06275,0.027502));
#5103=CARTESIAN_POINT('',(-0.06375,-0.06275,0.003));
#5104=CARTESIAN_POINT('',(-0.0582,-0.06275,0.003));
#5105=CARTESIAN_POINT('',(-0.06375,-0.06275,0.0255));
#5106=CARTESIAN_POINT('',(-0.0582,-0.06275,0.0255));
#5107=CARTESIAN_POINT('',(-0.00115,-0.05,0.002));
#5108=CARTESIAN_POINT('',(-0.06375,-0.06275,0.002));
#5109=CARTESIAN_POINT('',(-0.0592,-0.06275,0.002));
#5110=CARTESIAN_POINT('',(-0.06375,-0.06275,0.0255));
#5111=CARTESIAN_POINT('',(-0.06375,-0.06275,0.0115));
#5112=CARTESIAN_POINT('',(-0.06375,-0.06275,0.0102928932188134));
#5113=CARTESIAN_POINT('',(-0.0544928932188135,-0.06275,0.0102928932188134));
#5114=CARTESIAN_POINT('',(-0.06375,-0.06275,0.0112071067811865));
#5115=CARTESIAN_POINT('',(-0.0720928932188135,-0.06275,0.0112071067811865));
#5116=CARTESIAN_POINT('',(-0.06375,-0.06275,0.01));
#5117=CARTESIAN_POINT('',(-0.06375,-0.06275,0.00879289321881345));
#5118=CARTESIAN_POINT('',(-0.0784571067811865,-0.06275,0.00879289321881345));
#5119=CARTESIAN_POINT('',(-0.06375,-0.06275,0.00970710678118655));
#5120=CARTESIAN_POINT('',(-0.0499571067811866,-0.06275,0.00970710678118655));
#5121=CARTESIAN_POINT('',(-0.06375,-0.06275,0.0015));
#5122=CARTESIAN_POINT('',(-0.06375,-0.06275,0.000292893218813453));
#5123=CARTESIAN_POINT('',(-0.0499571067811866,-0.06275,0.000292893218813453));
#5124=CARTESIAN_POINT('',(-0.06375,-0.06275,0.00120710678118655));
#5125=CARTESIAN_POINT('',(-0.0490428932188135,-0.06275,0.00120710678118655));
#5126=CARTESIAN_POINT('',(-0.06375,-0.06275,0.003));
#5127=CARTESIAN_POINT('',(-0.06375,-0.06275,0.001));
#5128=CARTESIAN_POINT('',(-0.06375,-0.06275,0.00808578643762691));
#5129=CARTESIAN_POINT('',(-0.06375,-0.06275,0.0019142135623731));
#5130=CARTESIAN_POINT('',(-0.06375,-0.06275,0.009));
#5131=CARTESIAN_POINT('',(-0.06375,-0.06275,0.011));
#5132=CARTESIAN_POINT('',(-0.06375,-0.06275,0.0119142135623731));
#5133=CARTESIAN_POINT('',(-0.06375,-0.06275,0.0265));
#5134=CARTESIAN_POINT('',(0.,0.,0.));
#5135=CARTESIAN_POINT('',(-0.06645,0.02195,0.0274));
#5136=CARTESIAN_POINT('',(-0.06645,0.03195,0.0274));
#5137=CARTESIAN_POINT('',(-0.06645,0.03195,0.0254857864376269));
#5138=CARTESIAN_POINT('',(-0.06645,0.03195,0.0019142135623731));
#5139=CARTESIAN_POINT('',(-0.06645,0.02195,0.0019142135623731));
#5140=CARTESIAN_POINT('',(-0.07645,0.02195,0.00191421356237309));
#5141=CARTESIAN_POINT('',(-0.07645,0.02195,0.0274));
#5142=CARTESIAN_POINT('',(-0.07645,0.02195,0.0254857864376269));
#5143=CARTESIAN_POINT('',(-0.06645,0.02195,0.0254857864376269));
#5144=CARTESIAN_POINT('',(-0.07645,-0.0213409272105615,0.0274));
#5145=CARTESIAN_POINT('',(-0.07645,-0.02195,0.00191421356237309));
#5146=CARTESIAN_POINT('',(-0.07645,-0.02195,0.00191421356237309));
#5147=CARTESIAN_POINT('',(-0.07645,-0.02195,0.0274));
#5148=CARTESIAN_POINT('',(-0.07645,-0.02195,0.0254857864376269));
#5149=CARTESIAN_POINT('',(-0.07645,0.02195,0.0254857864376269));
#5150=CARTESIAN_POINT('',(-0.06645,-0.02195,0.0274));
#5151=CARTESIAN_POINT('',(-0.06645,-0.02195,0.0019142135623731));
#5152=CARTESIAN_POINT('',(-0.06645,-0.03195,0.0019142135623731));
#5153=CARTESIAN_POINT('',(-0.06645,-0.03195,0.0274));
#5154=CARTESIAN_POINT('',(-0.06645,-0.03195,0.0254857864376269));
#5155=CARTESIAN_POINT('',(-0.06645,-0.02195,0.0254857864376269));
#5156=CARTESIAN_POINT('',(0.,-0.03195,0.0274));
#5157=CARTESIAN_POINT('',(5.36264670985049E-34,-0.03195,0.0019142135623731));
#5158=CARTESIAN_POINT('',(0.06645,-0.03195,0.0019142135623731));
#5159=CARTESIAN_POINT('',(0.06645,-0.03195,0.0274));
#5160=CARTESIAN_POINT('',(0.06645,-0.03195,0.0254857864376269));
#5161=CARTESIAN_POINT('',(-4.02783374463806E-35,-0.03195,0.0254857864376269));
#5162=CARTESIAN_POINT('',(0.06645,-0.02195,0.0274));
#5163=CARTESIAN_POINT('',(0.06645,-0.02195,0.0019142135623731));
#5164=CARTESIAN_POINT('',(0.07645,-0.02195,0.0019142135623731));
#5165=CARTESIAN_POINT('',(0.07645,-0.02195,0.0274));
#5166=CARTESIAN_POINT('',(0.07645,-0.02195,0.0254857864376269));
#5167=CARTESIAN_POINT('',(0.06645,-0.02195,0.0254857864376269));
#5168=CARTESIAN_POINT('',(0.07645,1.38777878078145E-17,0.0274));
#5169=CARTESIAN_POINT('',(0.07645,1.38777878078145E-17,0.0019142135623731));
#5170=CARTESIAN_POINT('',(0.07645,0.02195,0.0019142135623731));
#5171=CARTESIAN_POINT('',(0.07645,0.02195,0.0274));
#5172=CARTESIAN_POINT('',(0.07645,0.02195,0.0254857864376269));
#5173=CARTESIAN_POINT('',(0.07645,1.38777878078145E-17,0.0254857864376269));
#5174=CARTESIAN_POINT('',(0.06645,0.02195,0.0274));
#5175=CARTESIAN_POINT('',(0.06645,0.02195,0.0019142135623731));
#5176=CARTESIAN_POINT('',(0.06645,0.03195,0.0019142135623731));
#5177=CARTESIAN_POINT('',(0.06645,0.03195,0.0274));
#5178=CARTESIAN_POINT('',(0.06645,0.03195,0.0254857864376269));
#5179=CARTESIAN_POINT('',(0.06645,0.02195,0.0254857864376269));
#5180=CARTESIAN_POINT('',(0.,0.03195,0.0274));
#5181=CARTESIAN_POINT('',(-0.06645,0.03195,0.0019142135623731));
#5182=CARTESIAN_POINT('',(0.06645,0.03195,0.0254857864376269));
#5183=CARTESIAN_POINT('',(-0.00115,0.,0.0274));
#5184=CARTESIAN_POINT('',(-0.00115,0.0300357864376269,0.0274));
#5185=CARTESIAN_POINT('',(0.06645,0.0300357864376269,0.0274));
#5186=CARTESIAN_POINT('',(-0.06645,0.0300357864376269,0.0274));
#5187=CARTESIAN_POINT('',(-0.06645,0.02195,0.0274));
#5188=CARTESIAN_POINT('',(-0.0745357864376269,0.02195,0.0274));
#5189=CARTESIAN_POINT('',(-0.0745357864376269,0.,0.0274));
#5190=CARTESIAN_POINT('',(-0.0745357864376269,-0.02195,0.0274));
#5191=CARTESIAN_POINT('',(-0.06645,-0.02195,0.0274));
#5192=CARTESIAN_POINT('',(-0.06645,-0.0300357864376269,0.0274));
#5193=CARTESIAN_POINT('',(-0.00115,-0.0300357864376269,0.0274));
#5194=CARTESIAN_POINT('',(0.06645,-0.0300357864376269,0.0274));
#5195=CARTESIAN_POINT('',(0.06645,-0.02195,0.0274));
#5196=CARTESIAN_POINT('',(0.0745357864376269,-0.02195,0.0274));
#5197=CARTESIAN_POINT('',(0.0745357864376269,2.39259973633017E-17,0.0274));
#5198=CARTESIAN_POINT('',(0.0745357864376269,0.02195,0.0274));
#5199=CARTESIAN_POINT('',(0.06645,0.02195,0.0274));
#5200=CARTESIAN_POINT('',(0.06375,0.01275,0.0274));
#5201=CARTESIAN_POINT('',(0.0703,0.01275,0.0274));
#5202=CARTESIAN_POINT('',(0.06375,-0.01275,0.0274));
#5203=CARTESIAN_POINT('',(0.0703,-0.01275,0.0274));
#5204=CARTESIAN_POINT('',(0.03825,0.01275,0.0274));
#5205=CARTESIAN_POINT('',(0.0448,0.01275,0.0274));
#5206=CARTESIAN_POINT('',(0.03825,-0.01275,0.0274));
#5207=CARTESIAN_POINT('',(0.0448,-0.01275,0.0274));
#5208=CARTESIAN_POINT('',(0.01275,0.01275,0.0274));
#5209=CARTESIAN_POINT('',(0.0193,0.01275,0.0274));
#5210=CARTESIAN_POINT('',(0.01275,-0.01275,0.0274));
#5211=CARTESIAN_POINT('',(0.0193,-0.01275,0.0274));
#5212=CARTESIAN_POINT('',(-0.01275,0.01275,0.0274));
#5213=CARTESIAN_POINT('',(-0.0062,0.01275,0.0274));
#5214=CARTESIAN_POINT('',(-0.01275,-0.01275,0.0274));
#5215=CARTESIAN_POINT('',(-0.0062,-0.01275,0.0274));
#5216=CARTESIAN_POINT('',(-0.03825,0.01275,0.0274));
#5217=CARTESIAN_POINT('',(-0.0317,0.01275,0.0274));
#5218=CARTESIAN_POINT('',(-0.03825,-0.01275,0.0274));
#5219=CARTESIAN_POINT('',(-0.0317,-0.01275,0.0274));
#5220=CARTESIAN_POINT('',(-0.06375,0.01275,0.0274));
#5221=CARTESIAN_POINT('',(-0.0572,0.01275,0.0274));
#5222=CARTESIAN_POINT('',(-0.06375,-0.01275,0.0274));
#5223=CARTESIAN_POINT('',(-0.0572,-0.01275,0.0274));
#5224=CARTESIAN_POINT('',(-0.00115,0.,0.));
#5225=CARTESIAN_POINT('',(-0.06645,-0.0300357864376269,0.));
#5226=CARTESIAN_POINT('',(0.06645,-0.0300357864376269,0.));
#5227=CARTESIAN_POINT('',(-0.06645,-0.0300357864376269,0.));
#5228=CARTESIAN_POINT('',(-0.06645,-0.02195,0.));
#5229=CARTESIAN_POINT('',(-0.0745357864376269,-0.02195,0.));
#5230=CARTESIAN_POINT('',(-0.0745357864376269,0.02195,0.));
#5231=CARTESIAN_POINT('',(-0.0745357864376269,0.02195,0.));
#5232=CARTESIAN_POINT('',(-0.06645,0.02195,0.));
#5233=CARTESIAN_POINT('',(-0.06645,0.0300357864376269,0.));
#5234=CARTESIAN_POINT('',(0.06645,0.0300357864376269,0.));
#5235=CARTESIAN_POINT('',(0.06645,0.0300357864376269,0.));
#5236=CARTESIAN_POINT('',(0.06645,0.02195,0.));
#5237=CARTESIAN_POINT('',(0.0745357864376269,0.02195,0.));
#5238=CARTESIAN_POINT('',(0.0745357864376269,-0.02195,0.));
#5239=CARTESIAN_POINT('',(0.0745357864376269,-0.02195,0.));
#5240=CARTESIAN_POINT('',(0.06645,-0.02195,0.));
#5241=CARTESIAN_POINT('',(-0.06375,-0.01275,0.027402));
#5242=CARTESIAN_POINT('',(-0.06375,-0.01275,0.0254));
#5243=CARTESIAN_POINT('',(-0.0582,-0.01275,0.0254));
#5244=CARTESIAN_POINT('',(-0.06375,-0.01275,0.002));
#5245=CARTESIAN_POINT('',(-0.0582,-0.01275,0.002));
#5246=CARTESIAN_POINT('',(-0.00115,0.,0.002));
#5247=CARTESIAN_POINT('',(0.03825,-0.01275,0.027402));
#5248=CARTESIAN_POINT('',(0.03825,-0.01275,0.0254));
#5249=CARTESIAN_POINT('',(0.0438,-0.01275,0.0254));
#5250=CARTESIAN_POINT('',(0.03825,-0.01275,0.002));
#5251=CARTESIAN_POINT('',(0.0438,-0.01275,0.002));
#5252=CARTESIAN_POINT('',(-0.00115,0.,0.002));
#5253=CARTESIAN_POINT('',(0.06375,0.01275,0.027402));
#5254=CARTESIAN_POINT('',(0.06375,0.01275,0.0254));
#5255=CARTESIAN_POINT('',(0.0693,0.01275,0.0254));
#5256=CARTESIAN_POINT('',(0.06375,0.01275,0.002));
#5257=CARTESIAN_POINT('',(0.0693,0.01275,0.002));
#5258=CARTESIAN_POINT('',(-0.00115,0.,0.002));
#5259=CARTESIAN_POINT('',(0.06375,-0.01275,0.027402));
#5260=CARTESIAN_POINT('',(0.06375,-0.01275,0.0254));
#5261=CARTESIAN_POINT('',(0.0693,-0.01275,0.0254));
#5262=CARTESIAN_POINT('',(0.06375,-0.01275,0.002));
#5263=CARTESIAN_POINT('',(0.0693,-0.01275,0.002));
#5264=CARTESIAN_POINT('',(-0.00115,0.,0.002));
#5265=CARTESIAN_POINT('',(-0.06375,0.01275,0.027402));
#5266=CARTESIAN_POINT('',(-0.06375,0.01275,0.0254));
#5267=CARTESIAN_POINT('',(-0.0582,0.01275,0.0254));
#5268=CARTESIAN_POINT('',(-0.06375,0.01275,0.002));
#5269=CARTESIAN_POINT('',(-0.0582,0.01275,0.002));
#5270=CARTESIAN_POINT('',(-0.00115,0.,0.002));
#5271=CARTESIAN_POINT('',(-0.03825,0.01275,0.027402));
#5272=CARTESIAN_POINT('',(-0.03825,0.01275,0.0254));
#5273=CARTESIAN_POINT('',(-0.0327,0.01275,0.0254));
#5274=CARTESIAN_POINT('',(-0.03825,0.01275,0.002));
#5275=CARTESIAN_POINT('',(-0.0327,0.01275,0.002));
#5276=CARTESIAN_POINT('',(-0.00115,0.,0.002));
#5277=CARTESIAN_POINT('',(-0.03825,-0.01275,0.027402));
#5278=CARTESIAN_POINT('',(-0.03825,-0.01275,0.0254));
#5279=CARTESIAN_POINT('',(-0.0327,-0.01275,0.0254));
#5280=CARTESIAN_POINT('',(-0.03825,-0.01275,0.002));
#5281=CARTESIAN_POINT('',(-0.0327,-0.01275,0.002));
#5282=CARTESIAN_POINT('',(-0.00115,0.,0.002));
#5283=CARTESIAN_POINT('',(-0.01275,-0.01275,0.027402));
#5284=CARTESIAN_POINT('',(-0.01275,-0.01275,0.0254));
#5285=CARTESIAN_POINT('',(-0.0072,-0.01275,0.0254));
#5286=CARTESIAN_POINT('',(-0.01275,-0.01275,0.002));
#5287=CARTESIAN_POINT('',(-0.0072,-0.01275,0.002));
#5288=CARTESIAN_POINT('',(-0.00115,0.,0.002));
#5289=CARTESIAN_POINT('',(0.03825,0.01275,0.027402));
#5290=CARTESIAN_POINT('',(0.03825,0.01275,0.0254));
#5291=CARTESIAN_POINT('',(0.0438,0.01275,0.0254));
#5292=CARTESIAN_POINT('',(0.03825,0.01275,0.002));
#5293=CARTESIAN_POINT('',(0.0438,0.01275,0.002));
#5294=CARTESIAN_POINT('',(-0.00115,0.,0.002));
#5295=CARTESIAN_POINT('',(0.01275,-0.01275,0.027402));
#5296=CARTESIAN_POINT('',(0.01275,-0.01275,0.0254));
#5297=CARTESIAN_POINT('',(0.0183,-0.01275,0.0254));
#5298=CARTESIAN_POINT('',(0.01275,-0.01275,0.002));
#5299=CARTESIAN_POINT('',(0.0183,-0.01275,0.002));
#5300=CARTESIAN_POINT('',(-0.00115,0.,0.002));
#5301=CARTESIAN_POINT('',(0.01275,0.01275,0.027402));
#5302=CARTESIAN_POINT('',(0.01275,0.01275,0.0254));
#5303=CARTESIAN_POINT('',(0.0183,0.01275,0.0254));
#5304=CARTESIAN_POINT('',(0.01275,0.01275,0.002));
#5305=CARTESIAN_POINT('',(0.0183,0.01275,0.002));
#5306=CARTESIAN_POINT('',(-0.00115,0.,0.002));
#5307=CARTESIAN_POINT('',(-0.01275,0.01275,0.027402));
#5308=CARTESIAN_POINT('',(-0.01275,0.01275,0.0254));
#5309=CARTESIAN_POINT('',(-0.0072,0.01275,0.0254));
#5310=CARTESIAN_POINT('',(-0.01275,0.01275,0.002));
#5311=CARTESIAN_POINT('',(-0.0072,0.01275,0.002));
#5312=CARTESIAN_POINT('',(-0.00115,0.,0.002));
#5313=CARTESIAN_POINT('',(0.06375,0.01275,0.0254));
#5314=CARTESIAN_POINT('',(0.06375,-0.01275,0.0254));
#5315=CARTESIAN_POINT('',(0.03825,0.01275,0.0254));
#5316=CARTESIAN_POINT('',(0.03825,-0.01275,0.0254));
#5317=CARTESIAN_POINT('',(0.01275,0.01275,0.0254));
#5318=CARTESIAN_POINT('',(0.01275,-0.01275,0.0254));
#5319=CARTESIAN_POINT('',(-0.01275,0.01275,0.0254));
#5320=CARTESIAN_POINT('',(-0.01275,-0.01275,0.0254));
#5321=CARTESIAN_POINT('',(-0.03825,0.01275,0.0254));
#5322=CARTESIAN_POINT('',(-0.03825,-0.01275,0.0254));
#5323=CARTESIAN_POINT('',(-0.06375,0.01275,0.0254));
#5324=CARTESIAN_POINT('',(-0.06375,-0.01275,0.0254));
#5325=CARTESIAN_POINT('',(0.06645,0.02195,0.0274));
#5326=CARTESIAN_POINT('',(0.06645,0.03045,0.0274));
#5327=CARTESIAN_POINT('',(0.06645,0.0307428932188135,0.0271071067811866));
#5328=CARTESIAN_POINT('',(0.06645,0.0316571067811866,0.0261928932188135));
#5329=CARTESIAN_POINT('',(0.06645,0.02195,0.0271071067811866));
#5330=CARTESIAN_POINT('',(0.0752428932188135,0.02195,0.0271071067811866));
#5331=CARTESIAN_POINT('',(0.07645,0.02195,0.0259));
#5332=CARTESIAN_POINT('',(0.0761571067811866,0.02195,0.0261928932188135));
#5333=CARTESIAN_POINT('',(0.06645,0.02195,0.0261928932188135));
#5334=CARTESIAN_POINT('',(-0.00115,0.03045,0.0274));
#5335=CARTESIAN_POINT('',(-0.06645,0.03045,0.0274));
#5336=CARTESIAN_POINT('',(-0.06645,0.0307428932188135,0.0271071067811866));
#5337=CARTESIAN_POINT('',(-0.06645,0.0316571067811866,0.0261928932188135));
#5338=CARTESIAN_POINT('',(-0.00115,0.0307428932188135,0.0271071067811866));
#5339=CARTESIAN_POINT('',(-0.06645,0.0316571067811866,0.0261928932188135));
#5340=CARTESIAN_POINT('',(0.07645,1.38777878078145E-17,0.0259));
#5341=CARTESIAN_POINT('',(0.0752428932188134,1.34961939178217E-17,0.0271071067811866));
#5342=CARTESIAN_POINT('',(0.0752428932188134,-0.02195,0.0271071067811866));
#5343=CARTESIAN_POINT('',(0.07645,-0.02195,0.0259));
#5344=CARTESIAN_POINT('',(0.0761571067811866,-0.02195,0.0261928932188135));
#5345=CARTESIAN_POINT('',(0.0761571067811865,1.37851976041461E-17,0.0261928932188135));
#5346=CARTESIAN_POINT('',(-0.06645,0.02195,0.0274));
#5347=CARTESIAN_POINT('',(-0.07495,0.02195,0.0274));
#5348=CARTESIAN_POINT('',(-0.0752428932188134,0.02195,0.0271071067811866));
#5349=CARTESIAN_POINT('',(-0.0761571067811866,0.02195,0.0261928932188135));
#5350=CARTESIAN_POINT('',(-0.06645,0.02195,0.0271071067811866));
#5351=CARTESIAN_POINT('',(-0.06645,0.02195,0.0261928932188135));
#5352=CARTESIAN_POINT('',(0.06645,-0.02195,0.0274));
#5353=CARTESIAN_POINT('',(0.06645,-0.02195,0.0271071067811866));
#5354=CARTESIAN_POINT('',(0.06645,-0.0307428932188135,0.0271071067811866));
#5355=CARTESIAN_POINT('',(0.06645,-0.03195,0.0259));
#5356=CARTESIAN_POINT('',(0.06645,-0.0316571067811866,0.0261928932188135));
#5357=CARTESIAN_POINT('',(0.06645,-0.02195,0.0261928932188135));
#5358=CARTESIAN_POINT('',(-0.07495,0.,0.0274));
#5359=CARTESIAN_POINT('',(-0.07495,-0.02195,0.0274));
#5360=CARTESIAN_POINT('',(-0.0752428932188134,-0.02195,0.0271071067811866));
#5361=CARTESIAN_POINT('',(-0.0761571067811865,-0.02195,0.0261928932188135));
#5362=CARTESIAN_POINT('',(-0.0752428932188134,0.,0.0271071067811866));
#5363=CARTESIAN_POINT('',(-0.0761571067811865,-0.02195,0.0261928932188135));
#5364=CARTESIAN_POINT('',(0.,-0.03195,0.0259));
#5365=CARTESIAN_POINT('',(-1.26049448989322E-19,-0.0307428932188135,0.0271071067811866));
#5366=CARTESIAN_POINT('',(-0.06645,-0.0307428932188135,0.0271071067811866));
#5367=CARTESIAN_POINT('',(-0.06645,-0.03195,0.0259));
#5368=CARTESIAN_POINT('',(-0.06645,-0.0316571067811866,0.0261928932188135));
#5369=CARTESIAN_POINT('',(-3.05847249137764E-20,-0.0316571067811866,0.0261928932188135));
#5370=CARTESIAN_POINT('',(-0.06645,-0.02195,0.0274));
#5371=CARTESIAN_POINT('',(-0.06645,-0.02195,0.0271071067811866));
#5372=CARTESIAN_POINT('',(-0.06645,-0.02195,0.0261928932188135));
#5373=CARTESIAN_POINT('',(0.06645,0.02195,0.0015));
#5374=CARTESIAN_POINT('',(0.06645,0.03195,0.0015));
#5375=CARTESIAN_POINT('',(0.06645,0.0316571067811866,0.00120710678118655));
#5376=CARTESIAN_POINT('',(0.06645,0.0307428932188135,0.000292893218813455));
#5377=CARTESIAN_POINT('',(0.06645,0.02195,0.00120710678118655));
#5378=CARTESIAN_POINT('',(0.0761571067811865,0.02195,0.00120710678118653));
#5379=CARTESIAN_POINT('',(0.07495,0.02195,0.));
#5380=CARTESIAN_POINT('',(0.0752428932188135,0.02195,0.000292893218813455));
#5381=CARTESIAN_POINT('',(0.06645,0.02195,0.000292893218813453));
#5382=CARTESIAN_POINT('',(0.,0.03195,0.0015));
#5383=CARTESIAN_POINT('',(-0.06645,0.03195,0.0015));
#5384=CARTESIAN_POINT('',(-0.06645,0.0316571067811866,0.00120710678118655));
#5385=CARTESIAN_POINT('',(-0.06645,0.0307428932188135,0.000292893218813452));
#5386=CARTESIAN_POINT('',(0.06645,0.0316571067811866,0.00120710678118655));
#5387=CARTESIAN_POINT('',(-0.06645,0.0307428932188135,0.000292893218813452));
#5388=CARTESIAN_POINT('',(0.07495,2.40569396850724E-17,0.));
#5389=CARTESIAN_POINT('',(0.0761571067811865,2.44385335750651E-17,0.00120710678118654));
#5390=CARTESIAN_POINT('',(0.0761571067811866,-0.02195,0.00120710678118656));
#5391=CARTESIAN_POINT('',(0.07495,-0.02195,0.));
#5392=CARTESIAN_POINT('',(0.0752428932188134,-0.02195,0.000292893218813448));
#5393=CARTESIAN_POINT('',(0.0752428932188134,0.02195,0.000292893218813451));
#5394=CARTESIAN_POINT('',(-0.06645,0.02195,0.0015));
#5395=CARTESIAN_POINT('',(-0.07645,0.02195,0.0015));
#5396=CARTESIAN_POINT('',(-0.0761571067811866,0.02195,0.00120710678118653));
#5397=CARTESIAN_POINT('',(-0.0752428932188135,0.02195,0.000292893218813442));
#5398=CARTESIAN_POINT('',(-0.06645,0.02195,0.00120710678118655));
#5399=CARTESIAN_POINT('',(-0.06645,0.02195,0.000292893218813451));
#5400=CARTESIAN_POINT('',(0.06645,-0.02195,0.0015));
#5401=CARTESIAN_POINT('',(0.06645,-0.02195,0.00120710678118656));
#5402=CARTESIAN_POINT('',(0.06645,-0.0316571067811866,0.00120710678118655));
#5403=CARTESIAN_POINT('',(0.06645,-0.03045,0.));
#5404=CARTESIAN_POINT('',(0.06645,-0.0307428932188135,0.000292893218813453));
#5405=CARTESIAN_POINT('',(0.06645,-0.02195,0.000292893218813453));
#5406=CARTESIAN_POINT('',(-0.07645,-0.0213409272105615,0.0015));
#5407=CARTESIAN_POINT('',(-0.07645,-0.02195,0.0015));
#5408=CARTESIAN_POINT('',(-0.0761571067811865,-0.02195,0.00120710678118655));
#5409=CARTESIAN_POINT('',(-0.0752428932188134,-0.02195,0.000292893218813456));
#5410=CARTESIAN_POINT('',(-0.0761571067811865,0.02195,0.00120710678118655));
#5411=CARTESIAN_POINT('',(-0.0752428932188134,-0.02195,0.000292893218813456));
#5412=CARTESIAN_POINT('',(-0.00115,-0.03045,0.));
#5413=CARTESIAN_POINT('',(-0.00115,-0.0316571067811866,0.00120710678118655));
#5414=CARTESIAN_POINT('',(-0.06645,-0.0316571067811866,0.00120710678118655));
#5415=CARTESIAN_POINT('',(-0.06645,-0.03045,0.));
#5416=CARTESIAN_POINT('',(-0.06645,-0.0307428932188135,0.000292893218813453));
#5417=CARTESIAN_POINT('',(0.06645,-0.0307428932188135,0.000292893218813453));
#5418=CARTESIAN_POINT('',(-0.06645,-0.02195,0.0015));
#5419=CARTESIAN_POINT('',(-0.06645,-0.02195,0.00120710678118655));
#5420=CARTESIAN_POINT('',(-0.06645,-0.02195,0.000292893218813453));
#5421=CARTESIAN_POINT('',(0.06645,-0.02195,0.0019142135623731));
#5422=CARTESIAN_POINT('',(0.06645,-0.03095,0.00191421356237311));
#5423=CARTESIAN_POINT('',(0.07545,-0.02195,0.0019142135623731));
#5424=CARTESIAN_POINT('',(0.07545,1.35616650787071E-17,0.0019142135623731));
#5425=CARTESIAN_POINT('',(0.07545,0.02195,0.0019142135623731));
#5426=CARTESIAN_POINT('',(-1.04422782602065E-19,-0.03095,0.0019142135623731));
#5427=CARTESIAN_POINT('',(-0.06645,-0.03095,0.0019142135623731));
#5428=CARTESIAN_POINT('',(0.06645,0.02195,0.0019142135623731));
#5429=CARTESIAN_POINT('',(0.06645,0.03095,0.0019142135623731));
#5430=CARTESIAN_POINT('',(-0.06645,-0.02195,0.0019142135623731));
#5431=CARTESIAN_POINT('',(-0.07545,-0.02195,0.0019142135623731));
#5432=CARTESIAN_POINT('',(1.56634173903097E-19,0.03095,0.0019142135623731));
#5433=CARTESIAN_POINT('',(-0.06645,0.03095,0.0019142135623731));
#5434=CARTESIAN_POINT('',(-0.07545,-0.0213409272105615,0.00191421356237309));
#5435=CARTESIAN_POINT('',(-0.07545,0.02195,0.0019142135623731));
#5436=CARTESIAN_POINT('',(-0.06645,0.02195,0.0019142135623731));
#5437=CARTESIAN_POINT('',(0.06645,0.02195,0.001));
#5438=CARTESIAN_POINT('',(0.06645,0.0300357864376269,0.001));
#5439=CARTESIAN_POINT('',(0.0745357864376269,0.02195,0.001));
#5440=CARTESIAN_POINT('',(0.0745357864376269,2.39259973633017E-17,0.001));
#5441=CARTESIAN_POINT('',(0.0745357864376269,-0.02195,0.001));
#5442=CARTESIAN_POINT('',(-0.00115,0.0300357864376269,0.001));
#5443=CARTESIAN_POINT('',(-0.06645,0.0300357864376269,0.001));
#5444=CARTESIAN_POINT('',(0.06645,-0.02195,0.001));
#5445=CARTESIAN_POINT('',(0.06645,-0.0300357864376269,0.001));
#5446=CARTESIAN_POINT('',(-0.06645,0.02195,0.001));
#5447=CARTESIAN_POINT('',(-0.0745357864376269,0.02195,0.001));
#5448=CARTESIAN_POINT('',(-0.00115,-0.0300357864376269,0.001));
#5449=CARTESIAN_POINT('',(-0.06645,-0.0300357864376269,0.001));
#5450=CARTESIAN_POINT('',(-0.0745357864376269,0.,0.001));
#5451=CARTESIAN_POINT('',(-0.0745357864376269,-0.02195,0.001));
#5452=CARTESIAN_POINT('',(-0.06645,-0.02195,0.001));
#5453=CARTESIAN_POINT('',(0.06645,-0.02195,0.0264));
#5454=CARTESIAN_POINT('',(0.06645,-0.0300357864376269,0.0264));
#5455=CARTESIAN_POINT('',(0.0745357864376269,-0.02195,0.0264));
#5456=CARTESIAN_POINT('',(0.0745357864376269,2.39259973633017E-17,0.0264));
#5457=CARTESIAN_POINT('',(0.0745357864376269,0.02195,0.0264));
#5458=CARTESIAN_POINT('',(-0.00115,-0.0300357864376269,0.0264));
#5459=CARTESIAN_POINT('',(-0.06645,-0.0300357864376269,0.0264));
#5460=CARTESIAN_POINT('',(0.06645,0.02195,0.0264));
#5461=CARTESIAN_POINT('',(0.06645,0.0300357864376269,0.0264));
#5462=CARTESIAN_POINT('',(-0.06645,-0.02195,0.0264));
#5463=CARTESIAN_POINT('',(-0.0745357864376269,-0.02195,0.0264));
#5464=CARTESIAN_POINT('',(-0.00115,0.0300357864376269,0.0264));
#5465=CARTESIAN_POINT('',(-0.06645,0.0300357864376269,0.0264));
#5466=CARTESIAN_POINT('',(-0.0745357864376269,0.,0.0264));
#5467=CARTESIAN_POINT('',(-0.0745357864376269,0.02195,0.0264));
#5468=CARTESIAN_POINT('',(-0.06645,0.02195,0.0264));
#5469=CARTESIAN_POINT('',(0.06645,0.02195,0.0254857864376269));
#5470=CARTESIAN_POINT('',(0.06645,0.03095,0.0254857864376269));
#5471=CARTESIAN_POINT('',(0.07545,0.02195,0.0254857864376269));
#5472=CARTESIAN_POINT('',(0.07545,1.35616650787071E-17,0.0254857864376269));
#5473=CARTESIAN_POINT('',(0.07545,-0.02195,0.0254857864376269));
#5474=CARTESIAN_POINT('',(1.56634173903097E-19,0.03095,0.0254857864376269));
#5475=CARTESIAN_POINT('',(-0.06645,0.03095,0.0254857864376269));
#5476=CARTESIAN_POINT('',(0.06645,-0.02195,0.0254857864376269));
#5477=CARTESIAN_POINT('',(0.06645,-0.03095,0.0254857864376269));
#5478=CARTESIAN_POINT('',(-0.06645,0.02195,0.0254857864376269));
#5479=CARTESIAN_POINT('',(-0.07545,0.02195,0.0254857864376269));
#5480=CARTESIAN_POINT('',(-1.04422782602065E-19,-0.03095,0.0254857864376269));
#5481=CARTESIAN_POINT('',(-0.06645,-0.03095,0.0254857864376269));
#5482=CARTESIAN_POINT('',(-0.07545,-0.0213409272105615,0.0254857864376269));
#5483=CARTESIAN_POINT('',(-0.07545,-0.02195,0.0254857864376269));
#5484=CARTESIAN_POINT('',(-0.06645,-0.02195,0.0254857864376269));
#5485=CARTESIAN_POINT('',(0.,0.,0.));
#5486=CARTESIAN_POINT('',(-0.06645,0.02195,0.069));
#5487=CARTESIAN_POINT('',(-0.07645,0.02195,0.069));
#5488=CARTESIAN_POINT('',(-0.07645,0.02195,0.0670857864376269));
#5489=CARTESIAN_POINT('',(-0.07645,0.02195,0.0519142135623731));
#5490=CARTESIAN_POINT('',(-0.06645,0.02195,0.0670857864376269));
#5491=CARTESIAN_POINT('',(-0.06645,0.03195,0.0670857864376269));
#5492=CARTESIAN_POINT('',(-0.06645,0.03195,0.069));
#5493=CARTESIAN_POINT('',(-0.06645,0.03195,0.0519142135623731));
#5494=CARTESIAN_POINT('',(-0.06645,0.02195,0.0519142135623731));
#5495=CARTESIAN_POINT('',(-0.07645,-0.0213409272105615,0.069));
#5496=CARTESIAN_POINT('',(-0.07645,-0.02195,0.069));
#5497=CARTESIAN_POINT('',(-0.07645,-0.02195,0.0670857864376269));
#5498=CARTESIAN_POINT('',(-0.07645,-0.02195,0.0519142135623731));
#5499=CARTESIAN_POINT('',(-0.07645,0.02195,0.0670857864376269));
#5500=CARTESIAN_POINT('',(-0.07645,-0.02195,0.0519142135623731));
#5501=CARTESIAN_POINT('',(-0.06645,-0.02195,0.069));
#5502=CARTESIAN_POINT('',(-0.06645,-0.03195,0.069));
#5503=CARTESIAN_POINT('',(-0.06645,-0.03195,0.0670857864376269));
#5504=CARTESIAN_POINT('',(-0.06645,-0.03195,0.0519142135623731));
#5505=CARTESIAN_POINT('',(-0.06645,-0.02195,0.0670857864376269));
#5506=CARTESIAN_POINT('',(-0.06645,-0.02195,0.0519142135623731));
#5507=CARTESIAN_POINT('',(0.,-0.03195,0.069));
#5508=CARTESIAN_POINT('',(0.06645,-0.03195,0.069));
#5509=CARTESIAN_POINT('',(0.06645,-0.03195,0.0670857864376269));
#5510=CARTESIAN_POINT('',(0.06645,-0.03195,0.0519142135623731));
#5511=CARTESIAN_POINT('',(-4.02783374463805E-35,-0.03195,0.0670857864376269));
#5512=CARTESIAN_POINT('',(3.59514259641107E-34,-0.03195,0.0519142135623731));
#5513=CARTESIAN_POINT('',(0.06645,-0.02195,0.069));
#5514=CARTESIAN_POINT('',(0.07645,-0.02195,0.069));
#5515=CARTESIAN_POINT('',(0.07645,-0.02195,0.0670857864376269));
#5516=CARTESIAN_POINT('',(0.07645,-0.02195,0.0519142135623731));
#5517=CARTESIAN_POINT('',(0.06645,-0.02195,0.0670857864376269));
#5518=CARTESIAN_POINT('',(0.06645,-0.02195,0.0519142135623731));
#5519=CARTESIAN_POINT('',(0.07645,1.38777878078145E-17,0.069));
#5520=CARTESIAN_POINT('',(0.07645,0.02195,0.069));
#5521=CARTESIAN_POINT('',(0.07645,0.02195,0.0670857864376269));
#5522=CARTESIAN_POINT('',(0.07645,0.02195,0.0519142135623731));
#5523=CARTESIAN_POINT('',(0.07645,1.38777878078145E-17,0.0670857864376269));
#5524=CARTESIAN_POINT('',(0.07645,1.38777878078145E-17,0.0519142135623731));
#5525=CARTESIAN_POINT('',(0.06645,0.02195,0.069));
#5526=CARTESIAN_POINT('',(0.06645,0.03195,0.069));
#5527=CARTESIAN_POINT('',(0.06645,0.03195,0.0670857864376269));
#5528=CARTESIAN_POINT('',(0.06645,0.03195,0.0519142135623731));
#5529=CARTESIAN_POINT('',(0.06645,0.02195,0.0670857864376269));
#5530=CARTESIAN_POINT('',(0.06645,0.02195,0.0519142135623731));
#5531=CARTESIAN_POINT('',(0.,0.03195,0.069));
#5532=CARTESIAN_POINT('',(0.06645,0.03195,0.0670857864376269));
#5533=CARTESIAN_POINT('',(-0.06645,0.03195,0.0519142135623731));
#5534=CARTESIAN_POINT('',(-0.00115,0.,0.069));
#5535=CARTESIAN_POINT('',(-0.00115,0.0300357864376269,0.069));
#5536=CARTESIAN_POINT('',(0.06645,0.0300357864376269,0.069));
#5537=CARTESIAN_POINT('',(-0.06645,0.0300357864376269,0.069));
#5538=CARTESIAN_POINT('',(-0.06645,0.02195,0.069));
#5539=CARTESIAN_POINT('',(-0.0745357864376269,0.02195,0.069));
#5540=CARTESIAN_POINT('',(-0.0745357864376269,0.,0.069));
#5541=CARTESIAN_POINT('',(-0.0745357864376269,-0.02195,0.069));
#5542=CARTESIAN_POINT('',(-0.06645,-0.02195,0.069));
#5543=CARTESIAN_POINT('',(-0.06645,-0.0300357864376269,0.069));
#5544=CARTESIAN_POINT('',(-0.00115,-0.0300357864376269,0.069));
#5545=CARTESIAN_POINT('',(0.06645,-0.0300357864376269,0.069));
#5546=CARTESIAN_POINT('',(0.06645,-0.02195,0.069));
#5547=CARTESIAN_POINT('',(0.0745357864376269,-0.02195,0.069));
#5548=CARTESIAN_POINT('',(0.0745357864376269,2.39259973633017E-17,0.069));
#5549=CARTESIAN_POINT('',(0.0745357864376269,0.02195,0.069));
#5550=CARTESIAN_POINT('',(0.06645,0.02195,0.069));
#5551=CARTESIAN_POINT('',(-0.00115,0.,0.05));
#5552=CARTESIAN_POINT('',(-0.06645,-0.0300357864376269,0.05));
#5553=CARTESIAN_POINT('',(0.06645,-0.0300357864376269,0.05));
#5554=CARTESIAN_POINT('',(-0.06645,-0.0300357864376269,0.05));
#5555=CARTESIAN_POINT('',(-0.06645,-0.02195,0.05));
#5556=CARTESIAN_POINT('',(-0.0745357864376269,-0.02195,0.05));
#5557=CARTESIAN_POINT('',(-0.0745357864376269,0.02195,0.05));
#5558=CARTESIAN_POINT('',(-0.0745357864376269,0.02195,0.05));
#5559=CARTESIAN_POINT('',(-0.06645,0.02195,0.05));
#5560=CARTESIAN_POINT('',(-0.06645,0.0300357864376269,0.05));
#5561=CARTESIAN_POINT('',(0.06645,0.0300357864376269,0.05));
#5562=CARTESIAN_POINT('',(0.06645,0.0300357864376269,0.05));
#5563=CARTESIAN_POINT('',(0.06645,0.02195,0.05));
#5564=CARTESIAN_POINT('',(0.0745357864376269,0.02195,0.05));
#5565=CARTESIAN_POINT('',(0.0745357864376269,-0.02195,0.05));
#5566=CARTESIAN_POINT('',(0.0745357864376269,-0.02195,0.05));
#5567=CARTESIAN_POINT('',(0.06645,-0.02195,0.05));
#5568=CARTESIAN_POINT('',(0.06375,0.01275,0.05));
#5569=CARTESIAN_POINT('',(0.0703,0.01275,0.05));
#5570=CARTESIAN_POINT('',(0.06375,-0.01275,0.05));
#5571=CARTESIAN_POINT('',(0.0703,-0.01275,0.05));
#5572=CARTESIAN_POINT('',(0.03825,0.01275,0.05));
#5573=CARTESIAN_POINT('',(0.0448,0.01275,0.05));
#5574=CARTESIAN_POINT('',(0.03825,-0.01275,0.05));
#5575=CARTESIAN_POINT('',(0.0448,-0.01275,0.05));
#5576=CARTESIAN_POINT('',(0.01275,0.01275,0.05));
#5577=CARTESIAN_POINT('',(0.0193,0.01275,0.05));
#5578=CARTESIAN_POINT('',(0.01275,-0.01275,0.05));
#5579=CARTESIAN_POINT('',(0.0193,-0.01275,0.05));
#5580=CARTESIAN_POINT('',(-0.01275,0.01275,0.05));
#5581=CARTESIAN_POINT('',(-0.0062,0.01275,0.05));
#5582=CARTESIAN_POINT('',(-0.01275,-0.01275,0.05));
#5583=CARTESIAN_POINT('',(-0.0062,-0.01275,0.05));
#5584=CARTESIAN_POINT('',(-0.03825,0.01275,0.05));
#5585=CARTESIAN_POINT('',(-0.0317,0.01275,0.05));
#5586=CARTESIAN_POINT('',(-0.03825,-0.01275,0.05));
#5587=CARTESIAN_POINT('',(-0.0317,-0.01275,0.05));
#5588=CARTESIAN_POINT('',(-0.06375,0.01275,0.05));
#5589=CARTESIAN_POINT('',(-0.0572,0.01275,0.05));
#5590=CARTESIAN_POINT('',(-0.06375,-0.01275,0.05));
#5591=CARTESIAN_POINT('',(-0.0572,-0.01275,0.05));
#5592=CARTESIAN_POINT('',(-0.06375,0.01275,0.055));
#5593=CARTESIAN_POINT('',(-0.06375,0.01275,0.052));
#5594=CARTESIAN_POINT('',(-0.0582,0.01275,0.052));
#5595=CARTESIAN_POINT('',(-0.06375,0.01275,0.055));
#5596=CARTESIAN_POINT('',(-0.0582,0.01275,0.055));
#5597=CARTESIAN_POINT('',(-0.00115,0.,0.055));
#5598=CARTESIAN_POINT('',(-0.06375,0.01275,0.055));
#5599=CARTESIAN_POINT('',(-0.059,0.01275,0.055));
#5600=CARTESIAN_POINT('',(0.03825,0.01275,0.055));
#5601=CARTESIAN_POINT('',(0.03825,0.01275,0.052));
#5602=CARTESIAN_POINT('',(0.0438,0.01275,0.052));
#5603=CARTESIAN_POINT('',(0.03825,0.01275,0.055));
#5604=CARTESIAN_POINT('',(0.0438,0.01275,0.055));
#5605=CARTESIAN_POINT('',(-0.00115,0.,0.055));
#5606=CARTESIAN_POINT('',(0.03825,0.01275,0.055));
#5607=CARTESIAN_POINT('',(0.043,0.01275,0.055));
#5608=CARTESIAN_POINT('',(0.06375,-0.01275,0.055));
#5609=CARTESIAN_POINT('',(0.06375,-0.01275,0.052));
#5610=CARTESIAN_POINT('',(0.0693,-0.01275,0.052));
#5611=CARTESIAN_POINT('',(0.06375,-0.01275,0.055));
#5612=CARTESIAN_POINT('',(0.0693,-0.01275,0.055));
#5613=CARTESIAN_POINT('',(-0.00115,0.,0.055));
#5614=CARTESIAN_POINT('',(0.06375,-0.01275,0.055));
#5615=CARTESIAN_POINT('',(0.0685,-0.01275,0.055));
#5616=CARTESIAN_POINT('',(0.06375,0.01275,0.055));
#5617=CARTESIAN_POINT('',(0.06375,0.01275,0.052));
#5618=CARTESIAN_POINT('',(0.0693,0.01275,0.052));
#5619=CARTESIAN_POINT('',(0.06375,0.01275,0.055));
#5620=CARTESIAN_POINT('',(0.0693,0.01275,0.055));
#5621=CARTESIAN_POINT('',(-0.00115,0.,0.055));
#5622=CARTESIAN_POINT('',(0.06375,0.01275,0.055));
#5623=CARTESIAN_POINT('',(0.0685,0.01275,0.055));
#5624=CARTESIAN_POINT('',(-0.01275,-0.01275,0.055));
#5625=CARTESIAN_POINT('',(-0.01275,-0.01275,0.052));
#5626=CARTESIAN_POINT('',(-0.0072,-0.01275,0.052));
#5627=CARTESIAN_POINT('',(-0.01275,-0.01275,0.055));
#5628=CARTESIAN_POINT('',(-0.0072,-0.01275,0.055));
#5629=CARTESIAN_POINT('',(-0.00115,0.,0.055));
#5630=CARTESIAN_POINT('',(-0.01275,-0.01275,0.055));
#5631=CARTESIAN_POINT('',(-0.008,-0.01275,0.055));
#5632=CARTESIAN_POINT('',(-0.03825,0.01275,0.055));
#5633=CARTESIAN_POINT('',(-0.03825,0.01275,0.052));
#5634=CARTESIAN_POINT('',(-0.0327,0.01275,0.052));
#5635=CARTESIAN_POINT('',(-0.03825,0.01275,0.055));
#5636=CARTESIAN_POINT('',(-0.0327,0.01275,0.055));
#5637=CARTESIAN_POINT('',(-0.00115,0.,0.055));
#5638=CARTESIAN_POINT('',(-0.03825,0.01275,0.055));
#5639=CARTESIAN_POINT('',(-0.0335,0.01275,0.055));
#5640=CARTESIAN_POINT('',(-0.03825,-0.01275,0.055));
#5641=CARTESIAN_POINT('',(-0.03825,-0.01275,0.052));
#5642=CARTESIAN_POINT('',(-0.0327,-0.01275,0.052));
#5643=CARTESIAN_POINT('',(-0.03825,-0.01275,0.055));
#5644=CARTESIAN_POINT('',(-0.0327,-0.01275,0.055));
#5645=CARTESIAN_POINT('',(-0.00115,0.,0.055));
#5646=CARTESIAN_POINT('',(-0.03825,-0.01275,0.055));
#5647=CARTESIAN_POINT('',(-0.0335,-0.01275,0.055));
#5648=CARTESIAN_POINT('',(-0.06375,-0.01275,0.055));
#5649=CARTESIAN_POINT('',(-0.06375,-0.01275,0.052));
#5650=CARTESIAN_POINT('',(-0.0582,-0.01275,0.052));
#5651=CARTESIAN_POINT('',(-0.06375,-0.01275,0.055));
#5652=CARTESIAN_POINT('',(-0.0582,-0.01275,0.055));
#5653=CARTESIAN_POINT('',(-0.00115,0.,0.055));
#5654=CARTESIAN_POINT('',(-0.06375,-0.01275,0.055));
#5655=CARTESIAN_POINT('',(-0.059,-0.01275,0.055));
#5656=CARTESIAN_POINT('',(0.03825,-0.01275,0.055));
#5657=CARTESIAN_POINT('',(0.03825,-0.01275,0.052));
#5658=CARTESIAN_POINT('',(0.0438,-0.01275,0.052));
#5659=CARTESIAN_POINT('',(0.03825,-0.01275,0.055));
#5660=CARTESIAN_POINT('',(0.0438,-0.01275,0.055));
#5661=CARTESIAN_POINT('',(-0.00115,0.,0.055));
#5662=CARTESIAN_POINT('',(0.03825,-0.01275,0.055));
#5663=CARTESIAN_POINT('',(0.043,-0.01275,0.055));
#5664=CARTESIAN_POINT('',(0.01275,0.01275,0.055));
#5665=CARTESIAN_POINT('',(0.01275,0.01275,0.052));
#5666=CARTESIAN_POINT('',(0.0183,0.01275,0.052));
#5667=CARTESIAN_POINT('',(0.01275,0.01275,0.055));
#5668=CARTESIAN_POINT('',(0.0183,0.01275,0.055));
#5669=CARTESIAN_POINT('',(-0.00115,0.,0.055));
#5670=CARTESIAN_POINT('',(0.01275,0.01275,0.055));
#5671=CARTESIAN_POINT('',(0.0175,0.01275,0.055));
#5672=CARTESIAN_POINT('',(0.01275,-0.01275,0.055));
#5673=CARTESIAN_POINT('',(0.01275,-0.01275,0.052));
#5674=CARTESIAN_POINT('',(0.0183,-0.01275,0.052));
#5675=CARTESIAN_POINT('',(0.01275,-0.01275,0.055));
#5676=CARTESIAN_POINT('',(0.0183,-0.01275,0.055));
#5677=CARTESIAN_POINT('',(-0.00115,0.,0.055));
#5678=CARTESIAN_POINT('',(0.01275,-0.01275,0.055));
#5679=CARTESIAN_POINT('',(0.0175,-0.01275,0.055));
#5680=CARTESIAN_POINT('',(-0.01275,0.01275,0.055));
#5681=CARTESIAN_POINT('',(-0.01275,0.01275,0.052));
#5682=CARTESIAN_POINT('',(-0.0072,0.01275,0.052));
#5683=CARTESIAN_POINT('',(-0.01275,0.01275,0.055));
#5684=CARTESIAN_POINT('',(-0.0072,0.01275,0.055));
#5685=CARTESIAN_POINT('',(-0.00115,0.,0.055));
#5686=CARTESIAN_POINT('',(-0.01275,0.01275,0.055));
#5687=CARTESIAN_POINT('',(-0.008,0.01275,0.055));
#5688=CARTESIAN_POINT('',(-0.01275,0.01275,0.067));
#5689=CARTESIAN_POINT('',(-0.01275,0.01275,0.066));
#5690=CARTESIAN_POINT('',(-0.008,0.01275,0.066));
#5691=CARTESIAN_POINT('',(-0.00115,0.,0.067));
#5692=CARTESIAN_POINT('',(-0.01275,0.01275,0.067));
#5693=CARTESIAN_POINT('',(-0.009,0.01275,0.067));
#5694=CARTESIAN_POINT('',(0.01275,-0.01275,0.067));
#5695=CARTESIAN_POINT('',(0.01275,-0.01275,0.066));
#5696=CARTESIAN_POINT('',(0.0175,-0.01275,0.066));
#5697=CARTESIAN_POINT('',(-0.00115,0.,0.067));
#5698=CARTESIAN_POINT('',(0.01275,-0.01275,0.067));
#5699=CARTESIAN_POINT('',(0.0165,-0.01275,0.067));
#5700=CARTESIAN_POINT('',(0.01275,0.01275,0.067));
#5701=CARTESIAN_POINT('',(0.01275,0.01275,0.066));
#5702=CARTESIAN_POINT('',(0.0175,0.01275,0.066));
#5703=CARTESIAN_POINT('',(-0.00115,0.,0.067));
#5704=CARTESIAN_POINT('',(0.01275,0.01275,0.067));
#5705=CARTESIAN_POINT('',(0.0165,0.01275,0.067));
#5706=CARTESIAN_POINT('',(0.03825,-0.01275,0.067));
#5707=CARTESIAN_POINT('',(0.03825,-0.01275,0.066));
#5708=CARTESIAN_POINT('',(0.043,-0.01275,0.066));
#5709=CARTESIAN_POINT('',(-0.00115,0.,0.067));
#5710=CARTESIAN_POINT('',(0.03825,-0.01275,0.067));
#5711=CARTESIAN_POINT('',(0.042,-0.01275,0.067));
#5712=CARTESIAN_POINT('',(-0.06375,-0.01275,0.067));
#5713=CARTESIAN_POINT('',(-0.06375,-0.01275,0.066));
#5714=CARTESIAN_POINT('',(-0.059,-0.01275,0.066));
#5715=CARTESIAN_POINT('',(-0.00115,0.,0.067));
#5716=CARTESIAN_POINT('',(-0.06375,-0.01275,0.067));
#5717=CARTESIAN_POINT('',(-0.06,-0.01275,0.067));
#5718=CARTESIAN_POINT('',(-0.03825,-0.01275,0.067));
#5719=CARTESIAN_POINT('',(-0.03825,-0.01275,0.066));
#5720=CARTESIAN_POINT('',(-0.0335,-0.01275,0.066));
#5721=CARTESIAN_POINT('',(-0.00115,0.,0.067));
#5722=CARTESIAN_POINT('',(-0.03825,-0.01275,0.067));
#5723=CARTESIAN_POINT('',(-0.0345,-0.01275,0.067));
#5724=CARTESIAN_POINT('',(-0.03825,0.01275,0.067));
#5725=CARTESIAN_POINT('',(-0.03825,0.01275,0.066));
#5726=CARTESIAN_POINT('',(-0.0335,0.01275,0.066));
#5727=CARTESIAN_POINT('',(-0.00115,0.,0.067));
#5728=CARTESIAN_POINT('',(-0.03825,0.01275,0.067));
#5729=CARTESIAN_POINT('',(-0.0345,0.01275,0.067));
#5730=CARTESIAN_POINT('',(-0.01275,-0.01275,0.067));
#5731=CARTESIAN_POINT('',(-0.01275,-0.01275,0.066));
#5732=CARTESIAN_POINT('',(-0.008,-0.01275,0.066));
#5733=CARTESIAN_POINT('',(-0.00115,0.,0.067));
#5734=CARTESIAN_POINT('',(-0.01275,-0.01275,0.067));
#5735=CARTESIAN_POINT('',(-0.009,-0.01275,0.067));
#5736=CARTESIAN_POINT('',(0.06375,0.01275,0.067));
#5737=CARTESIAN_POINT('',(0.06375,0.01275,0.066));
#5738=CARTESIAN_POINT('',(0.0685,0.01275,0.066));
#5739=CARTESIAN_POINT('',(-0.00115,0.,0.067));
#5740=CARTESIAN_POINT('',(0.06375,0.01275,0.067));
#5741=CARTESIAN_POINT('',(0.0675,0.01275,0.067));
#5742=CARTESIAN_POINT('',(0.06375,-0.01275,0.067));
#5743=CARTESIAN_POINT('',(0.06375,-0.01275,0.066));
#5744=CARTESIAN_POINT('',(0.0685,-0.01275,0.066));
#5745=CARTESIAN_POINT('',(-0.00115,0.,0.067));
#5746=CARTESIAN_POINT('',(0.06375,-0.01275,0.067));
#5747=CARTESIAN_POINT('',(0.0675,-0.01275,0.067));
#5748=CARTESIAN_POINT('',(0.03825,0.01275,0.067));
#5749=CARTESIAN_POINT('',(0.03825,0.01275,0.066));
#5750=CARTESIAN_POINT('',(0.043,0.01275,0.066));
#5751=CARTESIAN_POINT('',(-0.00115,0.,0.067));
#5752=CARTESIAN_POINT('',(0.03825,0.01275,0.067));
#5753=CARTESIAN_POINT('',(0.042,0.01275,0.067));
#5754=CARTESIAN_POINT('',(-0.06375,0.01275,0.067));
#5755=CARTESIAN_POINT('',(-0.06375,0.01275,0.066));
#5756=CARTESIAN_POINT('',(-0.059,0.01275,0.066));
#5757=CARTESIAN_POINT('',(-0.00115,0.,0.067));
#5758=CARTESIAN_POINT('',(-0.06375,0.01275,0.067));
#5759=CARTESIAN_POINT('',(-0.06,0.01275,0.067));
#5760=CARTESIAN_POINT('',(0.06375,0.01275,0.05));
#5761=CARTESIAN_POINT('',(0.06375,-0.01275,0.05));
#5762=CARTESIAN_POINT('',(0.03825,0.01275,0.05));
#5763=CARTESIAN_POINT('',(0.03825,-0.01275,0.05));
#5764=CARTESIAN_POINT('',(0.01275,0.01275,0.05));
#5765=CARTESIAN_POINT('',(0.01275,-0.01275,0.05));
#5766=CARTESIAN_POINT('',(-0.01275,0.01275,0.05));
#5767=CARTESIAN_POINT('',(-0.01275,-0.01275,0.05));
#5768=CARTESIAN_POINT('',(-0.03825,0.01275,0.05));
#5769=CARTESIAN_POINT('',(-0.03825,-0.01275,0.05));
#5770=CARTESIAN_POINT('',(-0.06375,0.01275,0.05));
#5771=CARTESIAN_POINT('',(-0.06375,-0.01275,0.05));
#5772=CARTESIAN_POINT('',(0.06645,0.02195,0.069));
#5773=CARTESIAN_POINT('',(0.06645,0.03045,0.069));
#5774=CARTESIAN_POINT('',(0.06645,0.0307428932188135,0.0687071067811866));
#5775=CARTESIAN_POINT('',(0.06645,0.0316571067811866,0.0677928932188135));
#5776=CARTESIAN_POINT('',(0.06645,0.02195,0.0687071067811866));
#5777=CARTESIAN_POINT('',(0.0752428932188135,0.02195,0.0687071067811866));
#5778=CARTESIAN_POINT('',(0.07645,0.02195,0.0675));
#5779=CARTESIAN_POINT('',(0.0761571067811866,0.02195,0.0677928932188135));
#5780=CARTESIAN_POINT('',(0.06645,0.02195,0.0677928932188135));
#5781=CARTESIAN_POINT('',(-0.00115,0.03045,0.069));
#5782=CARTESIAN_POINT('',(-0.06645,0.03045,0.069));
#5783=CARTESIAN_POINT('',(-0.06645,0.0307428932188135,0.0687071067811866));
#5784=CARTESIAN_POINT('',(-0.06645,0.0316571067811866,0.0677928932188135));
#5785=CARTESIAN_POINT('',(-0.00115,0.0307428932188135,0.0687071067811866));
#5786=CARTESIAN_POINT('',(-0.06645,0.0316571067811866,0.0677928932188135));
#5787=CARTESIAN_POINT('',(0.07645,1.38777878078145E-17,0.0675));
#5788=CARTESIAN_POINT('',(0.0752428932188134,1.34961939178217E-17,0.0687071067811866));
#5789=CARTESIAN_POINT('',(0.0752428932188135,-0.02195,0.0687071067811866));
#5790=CARTESIAN_POINT('',(0.07645,-0.02195,0.0675));
#5791=CARTESIAN_POINT('',(0.0761571067811866,-0.02195,0.0677928932188135));
#5792=CARTESIAN_POINT('',(0.0761571067811865,1.37851976041461E-17,0.0677928932188135));
#5793=CARTESIAN_POINT('',(-0.06645,0.02195,0.069));
#5794=CARTESIAN_POINT('',(-0.07495,0.02195,0.069));
#5795=CARTESIAN_POINT('',(-0.0752428932188135,0.02195,0.0687071067811866));
#5796=CARTESIAN_POINT('',(-0.0761571067811866,0.02195,0.0677928932188135));
#5797=CARTESIAN_POINT('',(-0.06645,0.02195,0.0687071067811866));
#5798=CARTESIAN_POINT('',(-0.06645,0.02195,0.0677928932188135));
#5799=CARTESIAN_POINT('',(0.06645,-0.02195,0.069));
#5800=CARTESIAN_POINT('',(0.06645,-0.02195,0.0687071067811866));
#5801=CARTESIAN_POINT('',(0.06645,-0.0307428932188135,0.0687071067811866));
#5802=CARTESIAN_POINT('',(0.06645,-0.03195,0.0675));
#5803=CARTESIAN_POINT('',(0.06645,-0.0316571067811866,0.0677928932188135));
#5804=CARTESIAN_POINT('',(0.06645,-0.02195,0.0677928932188135));
#5805=CARTESIAN_POINT('',(-0.07495,0.,0.069));
#5806=CARTESIAN_POINT('',(-0.07495,-0.02195,0.069));
#5807=CARTESIAN_POINT('',(-0.0752428932188134,-0.02195,0.0687071067811866));
#5808=CARTESIAN_POINT('',(-0.0761571067811865,-0.02195,0.0677928932188135));
#5809=CARTESIAN_POINT('',(-0.0752428932188134,0.,0.0687071067811866));
#5810=CARTESIAN_POINT('',(-0.0761571067811865,-0.02195,0.0677928932188135));
#5811=CARTESIAN_POINT('',(0.,-0.03195,0.0675));
#5812=CARTESIAN_POINT('',(-1.26049448989321E-19,-0.0307428932188135,0.0687071067811866));
#5813=CARTESIAN_POINT('',(-0.06645,-0.0307428932188135,0.0687071067811866));
#5814=CARTESIAN_POINT('',(-0.06645,-0.03195,0.0675));
#5815=CARTESIAN_POINT('',(-0.06645,-0.0316571067811866,0.0677928932188135));
#5816=CARTESIAN_POINT('',(-3.05847249137766E-20,-0.0316571067811866,0.0677928932188135));
#5817=CARTESIAN_POINT('',(-0.06645,-0.02195,0.069));
#5818=CARTESIAN_POINT('',(-0.06645,-0.02195,0.0687071067811866));
#5819=CARTESIAN_POINT('',(-0.06645,-0.02195,0.0677928932188135));
#5820=CARTESIAN_POINT('',(0.06645,0.02195,0.0515));
#5821=CARTESIAN_POINT('',(0.06645,0.03195,0.0515));
#5822=CARTESIAN_POINT('',(0.06645,0.0316571067811866,0.0512071067811866));
#5823=CARTESIAN_POINT('',(0.06645,0.0307428932188135,0.0502928932188135));
#5824=CARTESIAN_POINT('',(0.06645,0.02195,0.0512071067811866));
#5825=CARTESIAN_POINT('',(0.0761571067811865,0.02195,0.0512071067811865));
#5826=CARTESIAN_POINT('',(0.07495,0.02195,0.05));
#5827=CARTESIAN_POINT('',(0.0752428932188135,0.02195,0.0502928932188135));
#5828=CARTESIAN_POINT('',(0.06645,0.02195,0.0502928932188135));
#5829=CARTESIAN_POINT('',(0.,0.03195,0.0515));
#5830=CARTESIAN_POINT('',(-0.06645,0.03195,0.0515));
#5831=CARTESIAN_POINT('',(-0.06645,0.0316571067811866,0.0512071067811866));
#5832=CARTESIAN_POINT('',(-0.06645,0.0307428932188135,0.0502928932188135));
#5833=CARTESIAN_POINT('',(0.06645,0.0316571067811866,0.0512071067811866));
#5834=CARTESIAN_POINT('',(-0.06645,0.0307428932188135,0.0502928932188135));
#5835=CARTESIAN_POINT('',(0.07495,2.40569396850724E-17,0.05));
#5836=CARTESIAN_POINT('',(0.0761571067811865,2.44385335750651E-17,0.0512071067811866));
#5837=CARTESIAN_POINT('',(0.0761571067811866,-0.02195,0.0512071067811866));
#5838=CARTESIAN_POINT('',(0.07495,-0.02195,0.05));
#5839=CARTESIAN_POINT('',(0.0752428932188135,-0.02195,0.0502928932188135));
#5840=CARTESIAN_POINT('',(0.0752428932188134,0.02195,0.0502928932188135));
#5841=CARTESIAN_POINT('',(-0.06645,0.02195,0.0515));
#5842=CARTESIAN_POINT('',(-0.07645,0.02195,0.0515));
#5843=CARTESIAN_POINT('',(-0.0761571067811866,0.02195,0.0512071067811865));
#5844=CARTESIAN_POINT('',(-0.0752428932188135,0.02195,0.0502928932188134));
#5845=CARTESIAN_POINT('',(-0.06645,0.02195,0.0512071067811866));
#5846=CARTESIAN_POINT('',(-0.06645,0.02195,0.0502928932188135));
#5847=CARTESIAN_POINT('',(0.06645,-0.02195,0.0515));
#5848=CARTESIAN_POINT('',(0.06645,-0.02195,0.0512071067811866));
#5849=CARTESIAN_POINT('',(0.06645,-0.0316571067811866,0.0512071067811866));
#5850=CARTESIAN_POINT('',(0.06645,-0.03045,0.05));
#5851=CARTESIAN_POINT('',(0.06645,-0.0307428932188135,0.0502928932188135));
#5852=CARTESIAN_POINT('',(0.06645,-0.02195,0.0502928932188135));
#5853=CARTESIAN_POINT('',(-0.07645,-0.0213409272105615,0.0515));
#5854=CARTESIAN_POINT('',(-0.07645,-0.02195,0.0515));
#5855=CARTESIAN_POINT('',(-0.0761571067811865,-0.02195,0.0512071067811866));
#5856=CARTESIAN_POINT('',(-0.0752428932188134,-0.02195,0.0502928932188135));
#5857=CARTESIAN_POINT('',(-0.0761571067811865,0.02195,0.0512071067811866));
#5858=CARTESIAN_POINT('',(-0.0752428932188134,-0.02195,0.0502928932188135));
#5859=CARTESIAN_POINT('',(-0.00115,-0.03045,0.05));
#5860=CARTESIAN_POINT('',(-0.00115,-0.0316571067811866,0.0512071067811866));
#5861=CARTESIAN_POINT('',(-0.06645,-0.0316571067811866,0.0512071067811866));
#5862=CARTESIAN_POINT('',(-0.06645,-0.03045,0.05));
#5863=CARTESIAN_POINT('',(-0.06645,-0.0307428932188135,0.0502928932188135));
#5864=CARTESIAN_POINT('',(0.06645,-0.0307428932188135,0.0502928932188135));
#5865=CARTESIAN_POINT('',(-0.06645,-0.02195,0.0515));
#5866=CARTESIAN_POINT('',(-0.06645,-0.02195,0.0512071067811866));
#5867=CARTESIAN_POINT('',(-0.06645,-0.02195,0.0502928932188135));
#5868=CARTESIAN_POINT('',(0.06375,-0.01275,0.066));
#5869=CARTESIAN_POINT('',(0.06375,0.01275,0.066));
#5870=CARTESIAN_POINT('',(0.03825,-0.01275,0.066));
#5871=CARTESIAN_POINT('',(0.03825,0.01275,0.066));
#5872=CARTESIAN_POINT('',(0.01275,-0.01275,0.066));
#5873=CARTESIAN_POINT('',(0.01275,0.01275,0.066));
#5874=CARTESIAN_POINT('',(-0.01275,-0.01275,0.066));
#5875=CARTESIAN_POINT('',(-0.03825,-0.01275,0.066));
#5876=CARTESIAN_POINT('',(-0.01275,0.01275,0.066));
#5877=CARTESIAN_POINT('',(-0.03825,0.01275,0.066));
#5878=CARTESIAN_POINT('',(-0.06375,0.01275,0.066));
#5879=CARTESIAN_POINT('',(-0.06375,-0.01275,0.066));
#5880=CARTESIAN_POINT('',(0.06645,-0.02195,0.068));
#5881=CARTESIAN_POINT('',(0.06645,-0.0300357864376269,0.068));
#5882=CARTESIAN_POINT('',(0.0745357864376269,-0.02195,0.068));
#5883=CARTESIAN_POINT('',(0.0745357864376269,2.39259973633017E-17,0.068));
#5884=CARTESIAN_POINT('',(0.0745357864376269,0.02195,0.068));
#5885=CARTESIAN_POINT('',(-0.00115,-0.0300357864376269,0.068));
#5886=CARTESIAN_POINT('',(-0.06645,-0.0300357864376269,0.068));
#5887=CARTESIAN_POINT('',(0.06645,0.02195,0.068));
#5888=CARTESIAN_POINT('',(0.06645,0.0300357864376269,0.068));
#5889=CARTESIAN_POINT('',(-0.06645,-0.02195,0.068));
#5890=CARTESIAN_POINT('',(-0.0745357864376269,-0.02195,0.068));
#5891=CARTESIAN_POINT('',(-0.00115,0.0300357864376269,0.068));
#5892=CARTESIAN_POINT('',(-0.06645,0.0300357864376269,0.068));
#5893=CARTESIAN_POINT('',(-0.0745357864376269,0.,0.068));
#5894=CARTESIAN_POINT('',(-0.0745357864376269,0.02195,0.068));
#5895=CARTESIAN_POINT('',(-0.06645,0.02195,0.068));
#5896=CARTESIAN_POINT('',(0.06645,0.02195,0.0670857864376269));
#5897=CARTESIAN_POINT('',(0.06645,0.03095,0.0670857864376269));
#5898=CARTESIAN_POINT('',(0.07545,0.02195,0.0670857864376269));
#5899=CARTESIAN_POINT('',(0.07545,1.35616650787071E-17,0.0670857864376269));
#5900=CARTESIAN_POINT('',(0.07545,-0.02195,0.0670857864376269));
#5901=CARTESIAN_POINT('',(1.56634173903097E-19,0.03095,0.0670857864376269));
#5902=CARTESIAN_POINT('',(-0.06645,0.03095,0.0670857864376269));
#5903=CARTESIAN_POINT('',(0.06645,-0.02195,0.0670857864376269));
#5904=CARTESIAN_POINT('',(0.06645,-0.03095,0.0670857864376269));
#5905=CARTESIAN_POINT('',(-0.06645,0.02195,0.0670857864376269));
#5906=CARTESIAN_POINT('',(-0.07545,0.02195,0.0670857864376269));
#5907=CARTESIAN_POINT('',(-1.04422782602065E-19,-0.03095,0.0670857864376269));
#5908=CARTESIAN_POINT('',(-0.06645,-0.03095,0.0670857864376269));
#5909=CARTESIAN_POINT('',(-0.07545,-0.0213409272105615,0.0670857864376269));
#5910=CARTESIAN_POINT('',(-0.07545,-0.02195,0.0670857864376269));
#5911=CARTESIAN_POINT('',(-0.06645,-0.02195,0.0670857864376269));
#5912=CARTESIAN_POINT('',(0.06645,-0.02195,0.0519142135623731));
#5913=CARTESIAN_POINT('',(0.06645,-0.03095,0.0519142135623731));
#5914=CARTESIAN_POINT('',(0.07545,-0.02195,0.0519142135623731));
#5915=CARTESIAN_POINT('',(0.07545,1.35616650787071E-17,0.0519142135623731));
#5916=CARTESIAN_POINT('',(0.07545,0.02195,0.0519142135623731));
#5917=CARTESIAN_POINT('',(-1.04422782602065E-19,-0.03095,0.0519142135623731));
#5918=CARTESIAN_POINT('',(-0.06645,-0.03095,0.0519142135623731));
#5919=CARTESIAN_POINT('',(0.06645,0.02195,0.0519142135623731));
#5920=CARTESIAN_POINT('',(0.06645,0.03095,0.0519142135623731));
#5921=CARTESIAN_POINT('',(-0.06645,-0.02195,0.0519142135623731));
#5922=CARTESIAN_POINT('',(-0.07545,-0.02195,0.0519142135623731));
#5923=CARTESIAN_POINT('',(1.56634173903097E-19,0.03095,0.0519142135623731));
#5924=CARTESIAN_POINT('',(-0.06645,0.03095,0.0519142135623731));
#5925=CARTESIAN_POINT('',(-0.07545,-0.0213409272105615,0.0519142135623731));
#5926=CARTESIAN_POINT('',(-0.07545,0.02195,0.0519142135623731));
#5927=CARTESIAN_POINT('',(-0.06645,0.02195,0.0519142135623731));
#5928=CARTESIAN_POINT('',(0.06645,0.02195,0.051));
#5929=CARTESIAN_POINT('',(0.06645,0.0300357864376269,0.051));
#5930=CARTESIAN_POINT('',(0.0745357864376269,0.02195,0.051));
#5931=CARTESIAN_POINT('',(0.0745357864376269,2.39259973633017E-17,0.051));
#5932=CARTESIAN_POINT('',(0.0745357864376269,-0.02195,0.051));
#5933=CARTESIAN_POINT('',(-0.00115,0.0300357864376269,0.051));
#5934=CARTESIAN_POINT('',(-0.06645,0.0300357864376269,0.051));
#5935=CARTESIAN_POINT('',(0.06645,-0.02195,0.051));
#5936=CARTESIAN_POINT('',(0.06645,-0.0300357864376269,0.051));
#5937=CARTESIAN_POINT('',(-0.06645,0.02195,0.051));
#5938=CARTESIAN_POINT('',(-0.0745357864376269,0.02195,0.051));
#5939=CARTESIAN_POINT('',(-0.00115,-0.0300357864376269,0.051));
#5940=CARTESIAN_POINT('',(-0.06645,-0.0300357864376269,0.051));
#5941=CARTESIAN_POINT('',(-0.0745357864376269,0.,0.051));
#5942=CARTESIAN_POINT('',(-0.0745357864376269,-0.02195,0.051));
#5943=CARTESIAN_POINT('',(-0.06645,-0.02195,0.051));
#5944=CARTESIAN_POINT('',(0.,0.,0.));
#5945=CARTESIAN_POINT('',(-0.06375,-0.06275,0.059));
#5946=CARTESIAN_POINT('',(-0.06375,-0.06275,0.0609142135623731));
#5947=CARTESIAN_POINT('',(-0.07875,-0.06275,0.0609142135623731));
#5948=CARTESIAN_POINT('',(-0.06375,-0.06275,0.0670857864376269));
#5949=CARTESIAN_POINT('',(-0.04875,-0.06275,0.0670857864376269));
#5950=CARTESIAN_POINT('',(-0.00115,-0.05,0.059));
#5951=CARTESIAN_POINT('',(-0.06375,-0.06275,0.059));
#5952=CARTESIAN_POINT('',(-0.0537857864376269,-0.06275,0.059));
#5953=CARTESIAN_POINT('',(-0.06375,-0.06275,0.059));
#5954=CARTESIAN_POINT('',(-0.0506642135623731,-0.06275,0.059));
#5955=CARTESIAN_POINT('',(-0.00115,-0.05,0.069));
#5956=CARTESIAN_POINT('',(-0.06375,-0.06275,0.069));
#5957=CARTESIAN_POINT('',(-0.0506642135623731,-0.06275,0.069));
#5958=CARTESIAN_POINT('',(-0.06375,-0.06275,0.059002));
#5959=CARTESIAN_POINT('',(-0.06375,-0.06275,0.051));
#5960=CARTESIAN_POINT('',(-0.0557,-0.06275,0.051));
#5961=CARTESIAN_POINT('',(-0.06375,-0.06275,0.0570857864376269));
#5962=CARTESIAN_POINT('',(-0.0718,-0.06275,0.0570857864376269));
#5963=CARTESIAN_POINT('',(-0.00115,-0.05,0.05));
#5964=CARTESIAN_POINT('',(-0.06375,-0.06275,0.05));
#5965=CARTESIAN_POINT('',(-0.0567,-0.06275,0.05));
#5966=CARTESIAN_POINT('',(-0.06375,-0.06275,0.05));
#5967=CARTESIAN_POINT('',(-0.0572,-0.06275,0.05));
#5968=CARTESIAN_POINT('',(-0.06375,-0.06275,0.055));
#5969=CARTESIAN_POINT('',(-0.06375,-0.06275,0.052));
#5970=CARTESIAN_POINT('',(-0.0582,-0.06275,0.052));
#5971=CARTESIAN_POINT('',(-0.06375,-0.06275,0.055));
#5972=CARTESIAN_POINT('',(-0.0582,-0.06275,0.055));
#5973=CARTESIAN_POINT('',(-0.00115,-0.05,0.055));
#5974=CARTESIAN_POINT('',(-0.06375,-0.06275,0.055));
#5975=CARTESIAN_POINT('',(-0.059,-0.06275,0.055));
#5976=CARTESIAN_POINT('',(-0.06375,-0.06275,0.067));
#5977=CARTESIAN_POINT('',(-0.06375,-0.06275,0.066));
#5978=CARTESIAN_POINT('',(-0.059,-0.06275,0.066));
#5979=CARTESIAN_POINT('',(-0.00115,-0.05,0.067));
#5980=CARTESIAN_POINT('',(-0.06375,-0.06275,0.067));
#5981=CARTESIAN_POINT('',(-0.06,-0.06275,0.067));
#5982=CARTESIAN_POINT('',(-0.06375,-0.06275,0.05));
#5983=CARTESIAN_POINT('',(-0.06375,-0.06275,0.059));
#5984=CARTESIAN_POINT('',(-0.06375,-0.06275,0.0577928932188135));
#5985=CARTESIAN_POINT('',(-0.0554071067811866,-0.06275,0.0577928932188135));
#5986=CARTESIAN_POINT('',(-0.06375,-0.06275,0.0587071067811866));
#5987=CARTESIAN_POINT('',(-0.0544928932188135,-0.06275,0.0587071067811866));
#5988=CARTESIAN_POINT('',(-0.06375,-0.06275,0.0605));
#5989=CARTESIAN_POINT('',(-0.06375,-0.06275,0.0592928932188135));
#5990=CARTESIAN_POINT('',(-0.0499571067811866,-0.06275,0.0592928932188135));
#5991=CARTESIAN_POINT('',(-0.06375,-0.06275,0.0602071067811865));
#5992=CARTESIAN_POINT('',(-0.0784571067811865,-0.06275,0.0602071067811865));
#5993=CARTESIAN_POINT('',(-0.06375,-0.06275,0.069));
#5994=CARTESIAN_POINT('',(-0.06375,-0.06275,0.0677928932188135));
#5995=CARTESIAN_POINT('',(-0.0490428932188135,-0.06275,0.0677928932188135));
#5996=CARTESIAN_POINT('',(-0.06375,-0.06275,0.0687071067811866));
#5997=CARTESIAN_POINT('',(-0.0499571067811866,-0.06275,0.0687071067811866));
#5998=CARTESIAN_POINT('',(-0.06375,-0.06275,0.066));
#5999=CARTESIAN_POINT('',(-0.06375,-0.06275,0.051));
#6000=CARTESIAN_POINT('',(-0.06375,-0.06275,0.0570857864376269));
#6001=CARTESIAN_POINT('',(-0.06375,-0.06275,0.058));
#6002=CARTESIAN_POINT('',(-0.06375,-0.06275,0.06));
#6003=CARTESIAN_POINT('',(-0.06375,-0.06275,0.0609142135623731));
#6004=CARTESIAN_POINT('',(-0.06375,-0.06275,0.0670857864376269));
#6005=CARTESIAN_POINT('',(-0.06375,-0.06275,0.068));
#6006=MECHANICAL_DESIGN_GEOMETRIC_PRESENTATION_REPRESENTATION('',(#3296),
#6010);
#6007=MECHANICAL_DESIGN_GEOMETRIC_PRESENTATION_REPRESENTATION('',(#3297),
#6011);
#6008=MECHANICAL_DESIGN_GEOMETRIC_PRESENTATION_REPRESENTATION('',(#3298),
#6012);
#6009=MECHANICAL_DESIGN_GEOMETRIC_PRESENTATION_REPRESENTATION('',(#3299),
#6013);
#6010=(
GEOMETRIC_REPRESENTATION_CONTEXT(3)
GLOBAL_UNCERTAINTY_ASSIGNED_CONTEXT((#6014))
GLOBAL_UNIT_ASSIGNED_CONTEXT((#6026,#6022,#6018))
REPRESENTATION_CONTEXT('Single Base','TOP_LEVEL_ASSEMBLY_PART')
);
#6011=(
GEOMETRIC_REPRESENTATION_CONTEXT(3)
GLOBAL_UNCERTAINTY_ASSIGNED_CONTEXT((#6015))
GLOBAL_UNIT_ASSIGNED_CONTEXT((#6027,#6023,#6019))
REPRESENTATION_CONTEXT('Tray Base','TOP_LEVEL_ASSEMBLY_PART')
);
#6012=(
GEOMETRIC_REPRESENTATION_CONTEXT(3)
GLOBAL_UNCERTAINTY_ASSIGNED_CONTEXT((#6016))
GLOBAL_UNIT_ASSIGNED_CONTEXT((#6028,#6024,#6020))
REPRESENTATION_CONTEXT('Tray Top','TOP_LEVEL_ASSEMBLY_PART')
);
#6013=(
GEOMETRIC_REPRESENTATION_CONTEXT(3)
GLOBAL_UNCERTAINTY_ASSIGNED_CONTEXT((#6017))
GLOBAL_UNIT_ASSIGNED_CONTEXT((#6029,#6025,#6021))
REPRESENTATION_CONTEXT('Single Top','TOP_LEVEL_ASSEMBLY_PART')
);
#6014=UNCERTAINTY_MEASURE_WITH_UNIT(LENGTH_MEASURE(1.E-8),#6026,
'DISTANCE_ACCURACY_VALUE','Maximum Tolerance applied to model');
#6015=UNCERTAINTY_MEASURE_WITH_UNIT(LENGTH_MEASURE(1.E-8),#6027,
'DISTANCE_ACCURACY_VALUE','Maximum Tolerance applied to model');
#6016=UNCERTAINTY_MEASURE_WITH_UNIT(LENGTH_MEASURE(1.E-8),#6028,
'DISTANCE_ACCURACY_VALUE','Maximum Tolerance applied to model');
#6017=UNCERTAINTY_MEASURE_WITH_UNIT(LENGTH_MEASURE(1.E-8),#6029,
'DISTANCE_ACCURACY_VALUE','Maximum Tolerance applied to model');
#6018=(
NAMED_UNIT(*)
SI_UNIT($,.STERADIAN.)
SOLID_ANGLE_UNIT()
);
#6019=(
NAMED_UNIT(*)
SI_UNIT($,.STERADIAN.)
SOLID_ANGLE_UNIT()
);
#6020=(
NAMED_UNIT(*)
SI_UNIT($,.STERADIAN.)
SOLID_ANGLE_UNIT()
);
#6021=(
NAMED_UNIT(*)
SI_UNIT($,.STERADIAN.)
SOLID_ANGLE_UNIT()
);
#6022=(
NAMED_UNIT(*)
PLANE_ANGLE_UNIT()
SI_UNIT($,.RADIAN.)
);
#6023=(
NAMED_UNIT(*)
PLANE_ANGLE_UNIT()
SI_UNIT($,.RADIAN.)
);
#6024=(
NAMED_UNIT(*)
PLANE_ANGLE_UNIT()
SI_UNIT($,.RADIAN.)
);
#6025=(
NAMED_UNIT(*)
PLANE_ANGLE_UNIT()
SI_UNIT($,.RADIAN.)
);
#6026=(
LENGTH_UNIT()
NAMED_UNIT(*)
SI_UNIT($,.METRE.)
);
#6027=(
LENGTH_UNIT()
NAMED_UNIT(*)
SI_UNIT($,.METRE.)
);
#6028=(
LENGTH_UNIT()
NAMED_UNIT(*)
SI_UNIT($,.METRE.)
);
#6029=(
LENGTH_UNIT()
NAMED_UNIT(*)
SI_UNIT($,.METRE.)
);
#6030=PRODUCT_DEFINITION_SHAPE('','',#6034);
#6031=PRODUCT_DEFINITION_SHAPE('','',#6035);
#6032=PRODUCT_DEFINITION_SHAPE('','',#6036);
#6033=PRODUCT_DEFINITION_SHAPE('','',#6037);
#6034=PRODUCT_DEFINITION('','',#6042,#6038);
#6035=PRODUCT_DEFINITION('','',#6043,#6039);
#6036=PRODUCT_DEFINITION('','',#6044,#6040);
#6037=PRODUCT_DEFINITION('','',#6045,#6041);
#6038=PRODUCT_DEFINITION_CONTEXT('',#6066,'design');
#6039=PRODUCT_DEFINITION_CONTEXT('',#6067,'design');
#6040=PRODUCT_DEFINITION_CONTEXT('',#6068,'design');
#6041=PRODUCT_DEFINITION_CONTEXT('',#6069,'design');
#6042=PRODUCT_DEFINITION_FORMATION_WITH_SPECIFIED_SOURCE('','',#6050,
 .NOT_KNOWN.);
#6043=PRODUCT_DEFINITION_FORMATION_WITH_SPECIFIED_SOURCE('','',#6051,
 .NOT_KNOWN.);
#6044=PRODUCT_DEFINITION_FORMATION_WITH_SPECIFIED_SOURCE('','',#6052,
 .NOT_KNOWN.);
#6045=PRODUCT_DEFINITION_FORMATION_WITH_SPECIFIED_SOURCE('','',#6053,
 .NOT_KNOWN.);
#6046=PRODUCT_RELATED_PRODUCT_CATEGORY('','',(#6050));
#6047=PRODUCT_RELATED_PRODUCT_CATEGORY('','',(#6051));
#6048=PRODUCT_RELATED_PRODUCT_CATEGORY('','',(#6052));
#6049=PRODUCT_RELATED_PRODUCT_CATEGORY('','',(#6053));
#6050=PRODUCT('Single Base','Single Base','Single Base',(#6058));
#6051=PRODUCT('Tray Base','Tray Base','Tray Base',(#6059));
#6052=PRODUCT('Tray Top','Tray Top','Tray Top',(#6060));
#6053=PRODUCT('Single Top','Single Top','Single Top',(#6061));
#6054=PRODUCT_CATEGORY('','');
#6055=PRODUCT_CATEGORY('','');
#6056=PRODUCT_CATEGORY('','');
#6057=PRODUCT_CATEGORY('','');
#6058=PRODUCT_CONTEXT('',#6066,'mechanical');
#6059=PRODUCT_CONTEXT('',#6067,'mechanical');
#6060=PRODUCT_CONTEXT('',#6068,'mechanical');
#6061=PRODUCT_CONTEXT('',#6069,'mechanical');
#6062=APPLICATION_PROTOCOL_DEFINITION('international standard',
'ap242_managed_model_based_3d_engineering',2020,#6066);
#6063=APPLICATION_PROTOCOL_DEFINITION('international standard',
'ap242_managed_model_based_3d_engineering',2020,#6067);
#6064=APPLICATION_PROTOCOL_DEFINITION('international standard',
'ap242_managed_model_based_3d_engineering',2020,#6068);
#6065=APPLICATION_PROTOCOL_DEFINITION('international standard',
'ap242_managed_model_based_3d_engineering',2020,#6069);
#6066=APPLICATION_CONTEXT('managed model based 3d engineering');
#6067=APPLICATION_CONTEXT('managed model based 3d engineering');
#6068=APPLICATION_CONTEXT('managed model based 3d engineering');
#6069=APPLICATION_CONTEXT('managed model based 3d engineering');
ENDSEC;
END-ISO-10303-21;
